"HYBAS_ID","YYYY","Q","PCR","RIDGE","LASSO","pred_final"
"1050021910",19930101,1909.40086666667,1963.07995879785,2357.68246064879,2372.85222030612,2019.82089526111
"1050021910",19940101,2153.02986666667,2573.80896823701,2206.34910831096,2186.39865430515,2496.28813900556
"1050021910",19950101,2683.02743333333,2504.26160383517,2933.0830157305,3184.9604232629,2864.94746781111
"1050021910",19960101,3570.9438,2821.09481895928,2929.47951279199,3241.22115109477,3212.16486018055
"1050021910",19970101,4302.9823,2405.71615789401,2108.01074209921,1921.00470720157,3401.64169281385
"1050021910",19980101,1703.7466,2366.90921484349,1683.03614413473,1712.85566198791,2039.605180075
"1050021910",19990101,3466.62156666667,3624.82431634311,2271.43881087821,2255.27861565228,3175.89441503336
"1050021910",20000101,3098.9989,2630.97573580053,3389.08839471145,3514.23889235419,3098.78403930277
"1050021910",20010101,1598.6216,1763.70150220137,2206.97783181084,1809.9404090193,1718.61164919167
"1050021910",20020101,2764.77216666667,3006.61041013737,2693.70457473148,2850.51191896914,2928.48596896666
"1050021910",20030101,2306.59413333333,1394.35389820267,2524.46556006266,2655.75232827879,2360.03696965555
"1050021910",20040101,1561.12716666667,2127.66096696985,2352.88510309552,2365.4998799727,1939.83974934999
"1050021910",20050101,2963.53696666667,2426.38912092231,2453.4752634628,2557.62378791609,2892.16033504721
"1050021910",20060101,3127.11293333333,2764.67855422911,2444.41585746178,2823.59640618616,2983.94043137222
"1050021910",20070101,2118.3404,2058.30572162146,2216.822614046,2206.07542797853,2068.24187573056
"1050021910",20080101,2865.54753333333,2532.67259350643,2106.85363302198,2037.41697375834,2811.18703190832
"1050021910",20090101,2514.41843333333,2216.97922560071,2287.24526478017,2271.11150177935,2221.45230657498
"1050021910",20100101,2974.14026666667,2835.33312423869,2219.5690607046,2218.55585663919,2901.30239452778
"1050021910",20110101,3044.32363333333,2627.48910735459,2343.15368794974,2195.24753273,2849.81892384167
"1050021910",20120101,3696.32363333333,2057.95702788282,2583.87531990032,2718.39075653063,3078.05103855832
"1050021910",20130101,1666.87636666667,1171.61843011794,2243.71218977561,2300.83637518463,1776.97853573056
"1050021910",20140101,689.8611,2054.51653299604,1565.1001269908,1231.66772324017,1137.59078061111
"1050021910",20150101,1046.13423333333,2264.07459724832,2036.68304384507,1920.89416269275,1381.616521925
"1050021910",20160101,1906.2651,2778.57129317193,2511.59716805363,2555.15876273003,2439.85774362499
"1050021910",20170101,739.7871,1598.8784869461,2129.69586893434,1972.71532930426,1295.27828531944
"1050021910",20180101,1496.71433333333,2114.40240007437,1935.18261886934,1857.931749363,1449.03847928611
"1050021910",20190101,614.114533333333,2140.4615622172,2099.5479682407,2048.40730385688,1155.92828416667
"1050021910",20200101,3616.7906,2714.31993520522,1840.00850937302,1629.95189172294,2733.95513099166
"1050021910",20210101,1681.8859,1784.13164137588,2345.40626176543,2346.93143272246,1907.68686141667
"1050021910",20220101,1932.93343333333,2733.72084740549,2310.47597038259,2376.99286094254,2742.606035275
"1050021910",20230101,2177.9998,2392.56570558615,2185.42195427124,2196.34423477756,2809.61858598332
"1050021910",20240101,3558.88786666667,3157.97013877814,2330.39004386341,2293.57328661823,2922.56989044167
"1050021910",20250101,2242.29696666666,NA,2238.75193862695,2165.54585721005,2146.92855068333
"1050021910",20260101,2242.29696666666,2000.3346029836,1992.5289882901,1839.51542103845,1702.18309205
"1050021920",19930101,26.1199655172414,54.6577360992019,NA,NA,54.1464016699507
"1050021920",19940101,94.3780344827586,60.7539588943897,NA,NA,54.1464016699507
"1050021920",19950101,78.8454137931034,52.6266517927687,NA,NA,54.1464016699507
"1050021920",19960101,61.7601034482759,48.1479753533292,NA,NA,54.1464016699507
"1050021920",19970101,90.5406206896552,48.8885449861007,NA,NA,54.1464016699507
"1050021920",19980101,40.1078965517241,47.0896980674217,NA,NA,54.1464016699507
"1050021920",19990101,36.678724137931,53.5809661558755,NA,NA,54.1464016699507
"1050021920",20000101,51.6383103448276,45.7620599451599,NA,NA,54.1464016699507
"1050021920",20010101,48.8317586206897,41.3854643560106,NA,NA,54.1464016699507
"1050021920",20020101,30.3418620689655,57.5247023343475,NA,NA,54.1464016699507
"1050021920",20030101,30.7999310344828,51.3155551885343,NA,NA,54.1464016699507
"1050021920",20040101,35.6835862068965,52.4055687063148,NA,NA,54.1464016699507
"1050021920",20050101,149.131206896552,58.8771354669301,NA,NA,54.1464016699507
"1050021920",20060101,62.4085517241379,45.890179009631,NA,NA,54.1464016699507
"1050021920",20070101,65.7780689655172,60.1957430944859,NA,NA,54.1464016699507
"1050021920",20080101,82.8861034482759,60.6823883388327,NA,NA,54.1464016699507
"1050021920",20090101,44.1446206896552,54.6305755482029,NA,NA,54.1464016699507
"1050021920",20100101,67.1942413793103,55.268615395957,NA,NA,54.1464016699507
"1050021920",20110101,82.349,53.7791190377987,NA,NA,54.1464016699507
"1050021920",20120101,71.0393103448276,60.1070094189715,NA,NA,54.1464016699507
"1050021920",20130101,51.5651034482759,63.0175741228219,NA,NA,54.1464016699507
"1050021920",20140101,18.1479655172414,51.6531195699911,NA,NA,54.1464016699507
"1050021920",20150101,17.185724137931,59.7022429621883,NA,NA,54.1464016699507
"1050021920",20160101,28.8150344827586,41.2316178783236,NA,NA,54.1464016699507
"1050021920",20170101,22.8982068965517,51.5243098367089,NA,NA,54.1464016699507
"1050021920",20180101,46.903,61.8521741043027,NA,NA,54.1464016699507
"1050021920",20190101,24.9907931034483,58.0988725837892,NA,NA,54.1464016699507
"1050021920",20200101,115.906,55.4005504056098,NA,NA,54.1464016699507
"1050021920",20210101,29.3824482758621,54.7913805141623,NA,NA,54.1464016699507
"1050021920",20220101,36.7219310344828,57.3405700292909,NA,NA,54.1464016699507
"1050021920",20230101,45.431275862069,58.5147415417119,NA,NA,54.1464016699507
"1050021920",20240101,76.0936551724138,52.9149542212692,NA,NA,54.1464016699507
"1050021920",20250101,47.8673793103448,58.9849834017935,NA,NA,54.1464016699507
"1050021920",20260101,47.8673793103448,58.3809589929892,NA,NA,54.1464016699507
"1050021940",19930101,511.49,422.71048426992,406.276909280699,490.672086544368,522.929788834769
"1050021940",19940101,725.450068965517,463.457320547302,529.819585976334,569.739114464782,661.036207741954
"1050021940",19950101,727.014206896552,440.460659501964,399.680675227949,539.241555530636,585.141416575286
"1050021940",19960101,485.840965517241,410.125367733417,489.711878994922,484.740863885596,573.479649498563
"1050021940",19970101,393.202586206897,413.662301435528,369.22595102242,312.569134251989,291.295861217242
"1050021940",19980101,410.442137931034,433.363636089949,397.519252811747,404.285533109923,348.632241542816
"1050021940",19990101,260.307344827586,466.801203091617,546.60415098743,365.126421097913,335.632746577873
"1050021940",20000101,513.785206896552,470.982940743177,443.890911833268,429.104160484123,527.458746446264
"1050021940",20010101,484.262344827586,468.863958652581,441.657001315571,484.216695801958,484.243345151436
"1050021940",20020101,362.729551724138,445.885132332687,319.548325856592,535.816770183637,456.751921694541
"1050021940",20030101,538.797275862069,450.949477476893,479.385386920188,414.191182584605,499.348238482184
"1050021940",20040101,246.053310344828,440.350135770161,428.185043638695,496.813968778365,417.653306750287
"1050021940",20050101,793.475827586207,422.583136323305,422.399872725042,434.328727693636,623.869471848276
"1050021940",20060101,869.884103448276,473.048334174642,477.719093178368,556.567767079821,709.005970367817
"1050021940",20070101,602.470931034483,436.009668810787,484.761046100698,443.034368199834,578.135661339655
"1050021940",20080101,669.024310344828,441.992038367845,517.625165958973,552.218790048734,670.92666561839
"1050021940",20090101,437.987068965517,459.05899714491,469.102222246243,694.077059165191,477.794339814367
"1050021940",20100101,354.167275862069,460.553354790987,415.137025655645,570.980768833938,469.700687612356
"1050021940",20110101,482.05824137931,435.216783817608,495.439864711391,353.982805818865,374.817227604598
"1050021940",20120101,579.008689655172,467.34667499433,480.261329340037,563.48605433345,626.432970843965
"1050021940",20130101,360.326655172414,443.148279666755,476.640318682206,411.831973217653,430.185036039655
"1050021940",20140101,160.695172413793,414.145358471522,402.985016036542,407.488455899292,322.132744367242
"1050021940",20150101,180.972586206897,457.834709487284,470.191201206188,235.010717017311,237.798794282184
"1050021940",20160101,263.772137931034,474.065765915513,462.672767965949,255.285403335459,247.815388139655
"1050021940",20170101,128.493965517241,428.73258838537,436.678770191903,288.010729086861,232.007619923563
"1050021940",20180101,483.330620689655,458.179774454599,437.56027319985,386.304209667404,373.086069423851
"1050021940",20190101,46.8535862068966,447.882912452115,378.031269451314,355.368469086875,225.825316775863
"1050021940",20200101,796.29275862069,467.066616757125,370.490706874239,448.70728375558,502.259095361207
"1050021940",20210101,422.970551724138,481.312223998888,426.192060843049,410.06843267219,341.799134444828
"1050021940",20220101,321.354413793103,469.317702674328,430.201164717488,463.500817591437,479.12510520431
"1050021940",20230101,471.354379310345,458.81635596396,440.527283653327,358.258335476542,302.043561112643
"1050021940",20240101,471.272068965517,440.676563175227,456.631743869309,439.516304372593,525.786135729309
"1050021940",20250101,471.313224137931,494.25788649031,521.915707458842,306.888213018586,342.280503488218
"1050021940",20260101,471.313224137931,495.798401648952,464.499086035558,508.715611349504,493.950004153449
"1050022420",19930101,3699.25313333333,3623.84153337748,3656.71043229539,3630.63667607219,3403.45933427645
"1050022420",19940101,2549.9019,3376.54821014709,3345.42160859029,3313.58948155301,2994.67300306239
"1050022420",19950101,4988.55023333333,3917.83718551485,4172.78002320592,4427.20956504318,4934.90936394101
"1050022420",19960101,4937.98873333333,3937.37302570785,4632.97674225327,4911.65965376647,4937.32197032712
"1050022420",19970101,4366.1077,4092.23001045512,3933.31415280692,3792.20952601183,4279.22766139438
"1050022420",19980101,3279.27906666667,3438.09716382439,3759.23011344122,3911.9091614582,3655.96258786194
"1050022420",19990101,4706.45836666667,4256.89623711287,4818.90817718192,5322.00470693192,4979.42195346733
"1050022420",20000101,4044.23006666667,5033.55695331939,5017.00699819638,5061.57895467466,4885.04664294723
"1050022420",20010101,2757.81766666667,3781.17920609065,3355.08810714477,2830.12043749375,2916.66316332132
"1050022420",20020101,3976.93643333333,3674.64117156274,3524.37684928646,3373.54034755258,3359.32005872805
"1050022420",20030101,4556.26653333333,4107.54260392577,3783.10484621544,3592.9080655989,4012.07817861721
"1050022420",20040101,3048.4826,4018.17882709614,3589.22937071625,3437.83685085334,3310.19599014247
"1050022420",20050101,3874.14536666667,3384.83890070745,3443.13258498321,3344.77631499699,3325.56664169677
"1050022420",20060101,3707.87653333333,4096.26319682224,3272.121631444,2923.35024285801,3103.02741181913
"1050022420",20070101,2656.8366,3472.47960629772,3548.87170708701,3597.7004531177,3086.88125855574
"1050022420",20080101,4413.23533333333,3221.34355113197,3133.34020181564,2888.56445227598,3511.43424430477
"1050022420",20090101,4002.9134,3318.08058471887,3452.77975408929,3533.03273791493,3549.29254726021
"1050022420",20100101,5347.7863,3889.82637614556,4185.82174049034,4361.15592305636,4937.19797193979
"1050022420",20110101,1838.77793333333,3456.35943510402,3283.97547800075,3052.04385370793,2697.13428605947
"1050022420",20120101,5290.0559,3307.14720279811,3678.19283708533,4170.13860721589,4560.4930703438
"1050022420",20130101,3283.81076666667,3311.73530260807,3448.69343556009,3582.34844592934,3538.28855182611
"1050022420",20140101,2228.19346666667,3540.66616731912,3505.83981815328,3519.73275030578,2926.39041212989
"1050022420",20150101,2112.18326666667,3544.39700679419,3107.59160774571,2910.66677417794,2621.64162227708
"1050022420",20160101,5903.58426666667,4814.23134017858,4965.48186303554,5166.79354502699,4997.03913627732
"1050022420",20170101,3478.0535,3948.79358068199,3714.93573654628,3599.59360243748,3461.04681033985
"1050022420",20180101,3581.95746666667,3457.23432746934,3572.27291750235,3597.98604887297,3218.62035685031
"1050022420",20190101,2901.2428,3747.19904689708,3707.53897832774,3694.48106029973,3414.93531159114
"1050022420",20200101,4237.1146,3624.57494943522,3374.49027388036,3228.17424342804,2959.13947249234
"1050022420",20210101,4955.4285,3781.33698216209,3810.75868674373,3779.70921849445,4106.69919653594
"1050022420",20220101,3980.73653333333,3598.93513615542,3679.97880909186,3826.87401606434,3548.53265012544
"1050022420",20230101,5348.27333333333,3767.55781561797,4506.69108832926,4912.40882182908,4924.12787154982
"1050022420",20240101,3690.31243333333,3918.18373167519,4035.68029165346,4070.71767818209,4875.28785780868
"1050022420",20250101,3925.5409,3570.47306552241,3679.74649829081,3689.79106744366,3269.83889036373
"1050022420",20260101,3925.5409,3688.94847952468,3848.72852013254,3909.89799412928,4179.08655246201
"1050022430",19930101,106.3453,252.106956107348,130.177283819969,103.467382444455,122.54788263
"1050022430",19940101,344.707166666667,259.225980562669,230.534431820109,217.133295884653,248.840929418161
"1050022430",19950101,268.6762,275.556089324084,201.881241295625,199.513428637646,280.518977933532
"1050022430",19960101,174.9791,238.935323952577,260.554554249973,258.367399443183,206.473867358069
"1050022430",19970101,198.9999,170.315386965213,256.340845780513,260.82021528395,185.739941079775
"1050022430",19980101,257.222733333333,155.884874243398,263.368546155799,256.845939898402,213.388360889854
"1050022430",19990101,230.880833333333,220.298996638964,280.383533527936,290.104668136468,279.198540892354
"1050022430",20000101,202.6933,169.36061684247,213.278178392259,214.176957724717,206.913869228783
"1050022430",20010101,288.234833333333,240.156044173613,206.232933638894,231.014519136527,235.335182670503
"1050022430",20020101,357.129033333333,233.923885967074,279.302380507924,292.03989242142,304.186797595767
"1050022430",20030101,50.4114666666667,128.708802037717,136.931876152798,132.622385526702,107.976239880013
"1050022430",20040101,342.695733333333,169.159301657565,296.746321954514,309.876838322336,289.921494907884
"1050022430",20050101,463.600366666667,266.050486097541,274.402875158692,295.755298266418,345.014328398665
"1050022430",20060101,307.372066666667,240.932381575583,277.096748058112,280.675600329838,300.245847365661
"1050022430",20070101,259.407133333333,258.768763932133,171.760732995941,165.936880367221,227.716063243558
"1050022430",20080101,261.5004,272.696782102114,290.942137773101,292.73286571122,330.611032681786
"1050022430",20090101,171.682466666667,264.56784757144,253.481459792637,260.917565889183,221.541838453333
"1050022430",20100101,92.2390333333333,211.006318040478,161.783838885445,161.382177388518,137.526067986759
"1050022430",20110101,415.421966666667,268.820537830474,272.528452613343,279.107317189452,343.522344384498
"1050022430",20120101,158.942433333333,245.294642202167,238.766789513759,240.154636123452,206.844045513889
"1050022430",20130101,217.228033333333,242.666005159521,165.22288282649,136.167461824183,185.728961865146
"1050022430",20140101,254.301133333333,264.388579892401,314.360375965558,316.291647044347,306.44997523418
"1050022430",20150101,144.817266666667,263.487530561941,156.091008837429,160.952440055385,158.137562572514
"1050022430",20160101,67.7801666666667,192.738217101419,129.724241654491,86.4558350510909,108.640632154445
"1050022430",20170101,142.1723,225.73308179526,219.716961895441,232.096746961312,191.825999976759
"1050022430",20180101,295.5439,264.979218258414,307.137627102103,332.118984721087,311.289857523585
"1050022430",20190101,111.713766666667,206.729470344494,239.637393605416,232.222426094087,177.768875997262
"1050022430",20200101,170.5225,243.696363893765,327.595007811497,338.372877957704,304.52964620709
"1050022430",20210101,267.669566666667,237.295717448849,187.487436692406,160.907242657991,195.34952518459
"1050022430",20220101,329.148133333333,250.7519765243,226.158404746871,203.702292797857,234.277075980595
"1050022430",20230101,321.5413,244.460251880843,239.384142122686,260.1904884329,209.023367235
"1050022430",20240101,272.3723,221.508127996291,242.06126889403,221.971697225419,199.319190087222
"1050022430",20250101,255.761933333333,244.004816612144,NA,NA,207.045588062116
"1050022430",20260101,255.761933333333,239.967845728592,214.074312692393,203.509160789412,238.097518969114
"1050022910",19930101,18.8626333333333,173.564834745857,171.123389250981,194.401366349752,149.916725953015
"1050022910",19940101,233.434133333333,190.35406022663,187.960611858358,148.78411015605,188.096034764848
"1050022910",19950101,321.964333333333,243.725872520151,258.090059288164,165.577308278205,228.780017824587
"1050022910",19960101,140.135833333333,163.345037122825,155.649771899127,176.237997049863,150.375392644834
"1050022910",19970101,174.295233333333,137.068265471295,139.875683335294,191.783971928738,148.795174000549
"1050022910",19980101,204.862433333333,165.466568695312,125.946352461016,214.870445463575,178.686366603282
"1050022910",19990101,132.717566666667,141.577592870459,139.844115955134,117.003250381072,132.471391168697
"1050022910",20000101,193.1557,100.041931068243,136.997513963545,143.272524762334,134.903377452326
"1050022910",20010101,145.6732,204.686780699401,205.582020027216,130.576205691913,186.680886929984
"1050022910",20020101,279.362,166.634286950204,167.201831822961,209.813562156464,183.086556221414
"1050022910",20030101,26.8303,75.7475458714135,80.2431607365299,116.807027397552,106.684822904382
"1050022910",20040101,196.158266666667,109.158239379652,111.776346718172,172.383468251129,137.821187273223
"1050022910",20050101,406.476133333333,185.370151682414,183.437845248159,199.899227721217,207.274384428285
"1050022910",20060101,202.3919,151.00358424522,171.690311802283,170.689678509361,151.210629905916
"1050022910",20070101,149.343566666667,183.909510008297,183.392988993724,226.759989877173,193.694909435284
"1050022910",20080101,241.118766666667,211.996471448189,197.796377131785,170.902603786259,209.700951893317
"1050022910",20090101,134.474733333333,194.669777185013,186.6868079669,179.100727371832,189.706737228771
"1050022910",20100101,72.8143333333333,131.650364081614,138.789831669745,156.923320057675,135.709661553748
"1050022910",20110101,371.559066666667,194.793881627912,196.630426135774,211.140271435611,229.735967087076
"1050022910",20120101,95.1127666666667,202.817895025952,182.262558123976,173.229113019302,169.729909849179
"1050022910",20130101,123.8153,192.412357881926,189.170801764359,239.382366152762,220.046031723696
"1050022910",20140101,188.326533333333,198.856430345198,198.96470220526,221.204974446053,229.062801641717
"1050022910",20150101,98.5874666666667,202.831646735098,204.482302779986,123.16346674695,180.228534649149
"1050022910",20160101,58.5318,110.305794736159,122.169884016674,90.2794260125918,116.29322955227
"1050022910",20170101,141.268833333333,169.033811340478,172.835567869988,109.052650192264,132.846994178003
"1050022910",20180101,111.9039,180.095637817782,175.333972113421,170.831530408384,152.210108636603
"1050022910",20190101,67.1318666666667,126.610574410226,132.201777711518,108.732288563877,118.668413537213
"1050022910",20200101,64.4021,182.749913515489,187.598431637858,149.873448048522,177.865621522065
"1050022910",20210101,127.978766666667,151.590841365823,156.619170762028,98.4787837069148,129.962819397247
"1050022910",20220101,191.7756,205.184590260578,201.726655007166,143.758662118401,192.9489744635
"1050022910",20230101,326.777866666667,148.985675907437,152.891791434348,111.093479662341,131.370956186281
"1050022910",20240101,334.156366666667,125.429786050036,136.423658372489,206.952401358831,169.363263619648
"1050022910",20250101,147.508383333333,177.050025608208,173.628454200367,64.506542033799,130.632507384715
"1050022910",20260101,147.508383333333,170.088079140412,161.679970483285,145.014111165375,145.192288267119
"1050022920",19930101,20.3619,207.29613641682,205.330233004071,205.217772415472,152.846834984483
"1050022920",19940101,205.118766666667,213.448099759723,213.333318992233,214.308237019752,161.644766958476
"1050022920",19950101,273.961333333333,238.610280785112,240.782505228007,248.113472018502,311.344478249037
"1050022920",19960101,197.5659,129.030164891265,143.148085860666,146.15110575106,142.234696865937
"1050022920",19970101,127.571033333333,147.083313444162,141.911561642383,141.447340826201,141.759694890145
"1050022920",19980101,174.295,99.9448637477843,100.202938304487,97.914248834848,127.362294253414
"1050022920",19990101,162.2886,177.802898177469,174.163168892987,173.765042028308,154.139074572334
"1050022920",20000101,195.133833333333,142.055268680283,131.591077639684,128.14579055904,136.284804840509
"1050022920",20010101,176.911033333333,192.209014540224,190.018461548552,193.289356924475,155.024688333732
"1050022920",20020101,219.0684,197.143215456219,194.730884536367,194.410594170555,155.753317706237
"1050022920",20030101,28.9229,17.8114252507456,27.6046676349205,20.4382420361456,112.187633891275
"1050022920",20040101,149.669333333333,75.5541886056141,79.6850351373593,73.9821650353288,127.114306479605
"1050022920",20050101,403.499966666667,230.156135462667,227.256014525108,228.356577212407,249.871000815209
"1050022920",20060101,150.408,166.510517287817,167.266420341528,167.422161410364,154.139074572334
"1050022920",20070101,173.622133333333,207.109735486612,207.601555272343,208.108219806158,157.155310269427
"1050022920",20080101,310.599566666667,237.187778751863,234.022932998034,235.07849647307,301.053630859469
"1050022920",20090101,199.513,221.376149016985,220.314451761983,220.741904932056,167.349791492485
"1050022920",20100101,58.9327666666667,140.599911586602,141.262399320842,139.812609750673,131.153566912076
"1050022920",20110101,454.9565,244.509696599742,242.085357294421,243.72978186569,324.756316364614
"1050022920",20120101,153.290133333333,172.644460329755,170.416264232812,170.830290312628,154.139074572334
"1050022920",20130101,151.4837,172.862260623951,182.095326274647,183.302011982275,154.167545721223
"1050022920",20140101,223.8364,234.956459325303,231.287609161606,232.870614136498,268.71831457975
"1050022920",20150101,120.6204,231.614818440858,228.802686484688,230.053459894077,251.875550088079
"1050022920",20160101,25.3659,139.024890087294,136.879904550797,135.525416200656,127.183486937227
"1050022920",20170101,173.385833333333,188.41112680678,189.146676121639,190.222218945631,154.779845681681
"1050022920",20180101,147.880533333333,222.780819486077,221.834543059769,222.601908435384,172.533274387387
"1050022920",20190101,109.2158,115.142934846837,122.012551931277,119.240988081229,127.310920133785
"1050022920",20200101,80.7470666666667,213.882571866773,211.757564036076,212.646933260231,161.203017372169
"1050022920",20210101,151.034533333333,195.432242657844,191.587460409531,191.092460889977,154.847142246147
"1050022920",20220101,162.632533333333,207.896805968107,208.250733660045,209.938243271284,156.450264215791
"1050022920",20230101,335.171933333333,210.57511937025,207.244316659946,207.927247037377,157.216810147753
"1050022920",20240101,326.673233333333,156.676761625121,153.711672437397,150.827230522365,152.003928988163
"1050022920",20250101,168.009183333333,191.968366806876,192.468911070518,192.958242207019,155.024688333732
"1050022920",20260101,168.009183333333,192.611286105431,190.701218246786,190.407822941516,154.779845681681
"1050023020",19930101,204.069833333333,832.557908342385,341.906579457949,191.63332142857,575.057324870715
"1050023020",19940101,443.5993,584.886603758054,880.320157399175,834.562416619274,573.711024684482
"1050023020",19950101,1117.0665,825.885344998061,1111.49620100584,1116.0755254794,852.185682162573
"1050023020",19960101,1413.92973333333,1400.12502641152,905.59974974909,980.728421860035,1195.34811671503
"1050023020",19970101,593.0178,489.549565809413,555.451890373225,531.713160132796,505.536263511825
"1050023020",19980101,327.616933333333,659.700420816683,498.813940336321,500.360968327869,491.876601355074
"1050023020",19990101,1561.59343333333,880.497707002766,984.865508626664,985.291611340674,1184.26117625194
"1050023020",20000101,521.918166666667,662.019629333539,426.823146902185,384.343594749099,483.57617177652
"1050023020",20010101,378.745233333333,710.855020881275,710.6994221399,708.310687802913,555.982673917287
"1050023020",20020101,651.392466666667,793.592257283715,1106.34968574955,1129.80961798268,761.342593183785
"1050023020",20030101,856.045066666667,523.685346353722,1011.93464192795,1084.84777762029,731.109731399799
"1050023020",20040101,669.016033333333,465.287288188858,660.716691618609,567.207432947473,537.602522247924
"1050023020",20050101,1219.61993333333,1093.62758612116,1091.93412428357,1177.70576940006,1264.38847024638
"1050023020",20060101,342.378933333333,592.939054201733,557.192980346552,533.151786216943,503.523313444605
"1050023020",20070101,1005.3847,1278.48694296593,702.342286989634,666.68324741126,1060.51036633086
"1050023020",20080101,1741.93836666667,961.888501990703,1245.41694177412,1255.63152721064,1287.3066072259
"1050023020",20090101,1296.6434,852.379262564481,867.455265570909,889.154989825684,989.569603493139
"1050023020",20100101,334.7502,662.091487904403,290.134717137796,189.665826516953,473.521910873816
"1050023020",20110101,1653.7955,946.972019159596,1261.75102425702,1395.4452016214,1287.99876975924
"1050023020",20120101,545.117166666667,826.259879944769,479.220109651461,477.20125461346,592.162089658774
"1050023020",20130101,439.3219,1066.6588778874,976.51917200532,978.840256240458,1106.09960442715
"1050023020",20140101,996.443333333333,1033.27596729408,842.713073466387,933.062317960372,1095.61900201509
"1050023020",20150101,574.1346,434.32949143391,840.764753589799,915.515622023772,589.035939158624
"1050023020",20160101,135.026933333333,372.395780400646,251.60399349324,210.531547554916,475.169429253999
"1050023020",20170101,857.7228,747.720822969525,598.314221267479,683.89542235538,556.397993473175
"1050023020",20180101,299.731933333333,799.609248066019,529.099227113875,460.815862330944,496.084970342382
"1050023020",20190101,670.397833333333,442.772534702116,1086.21353810104,1101.56780431592,735.128315820274
"1050023020",20200101,360.279466666667,579.03247951009,918.511408524499,921.991189671659,603.906562565755
"1050023020",20210101,546.619466666667,635.719658267339,1145.58734761534,1321.28444778851,810.787218841624
"1050023020",20220101,639.288,564.691218435654,697.854477914258,598.526582293931,543.812848770872
"1050023020",20230101,1320.8868,472.236208385507,960.034605376981,916.896314735677,611.628195921687
"1050023020",20240101,1118.01386666667,498.207702306849,140.722384004202,0,475.169429253999
"1050023020",20250101,645.340233333334,720.995043433131,NA,NA,555.982673917287
"1050023020",20260101,645.340233333334,555.708689880205,680.105222331996,612.005294777427,547.23317303174
"1050023050",19930101,286.849066666667,340.392046048362,576.26274856031,429.58722558571,371.102924600002
"1050023050",19940101,447.365466666667,499.133129291069,604.89911974373,647.298190492922,535.840082966662
"1050023050",19950101,560.2754,614.639011526152,586.607634055792,508.41833979996,577.361506016667
"1050023050",19960101,598.142566666667,656.597369602303,490.369743953864,736.170933491303,668.571526983334
"1050023050",19970101,392.191933333333,541.996114236576,550.071916351753,353.478574221976,384.627871400001
"1050023050",19980101,373.4886,524.387659355832,566.699025430549,329.952958893942,381.732488816666
"1050023050",19990101,1357.14766666667,475.415825612199,682.935056033484,684.559066294341,1061.39749878333
"1050023050",20000101,338.487733333333,358.359923580965,442.348599230931,368.73728802853,339.541907883333
"1050023050",20010101,212.099733333333,477.231302780671,202.587689561892,552.639929900068,343.253955016668
"1050023050",20020101,384.1715,474.237733753313,563.763106113296,432.370475063757,391.871169983332
"1050023050",20030101,765.167433333333,538.036585599257,640.924005598571,583.601163909967,710.223945250003
"1050023050",20040101,589.3965,413.894265257518,615.566621100752,356.165923872994,512.566856166661
"1050023050",20050101,486.257133333333,396.698434160627,305.322744923026,480.517168922255,426.244573933338
"1050023050",20060101,195.977933333333,416.583701593399,554.859379781821,594.757952003147,314.543143799999
"1050023050",20070101,436.385433333333,533.999877169707,486.861702538074,524.422700193933,432.196245833336
"1050023050",20080101,1272.62173333333,639.156068956464,575.794604588973,563.619379636802,980.945231066668
"1050023050",20090101,709.515633333333,489.780619076107,529.827761305579,755.450735040548,674.532554866672
"1050023050",20100101,569.631333333333,444.167999450009,653.540684222599,523.852003985473,575.835467933331
"1050023050",20110101,440.303233333333,577.056718152627,486.221451120144,432.368871827816,422.039817550003
"1050023050",20120101,783.968133333333,543.954696919869,594.91006493131,654.196668530034,688.424019416666
"1050023050",20130101,305.300366666667,443.394072545441,474.915036220111,664.77322106582,367.23084031667
"1050023050",20140101,341.705433333333,540.97500760655,597.117488912835,393.16844480139,415.708763616668
"1050023050",20150101,223.304533333333,447.019618921094,446.585831860471,339.337620860229,282.468341400002
"1050023050",20160101,271.2379,546.80217190056,357.279397904862,235.191617908024,313.644592983336
"1050023050",20170101,890.794333333333,686.443440872996,669.950769599451,763.628509598838,942.028546000009
"1050023050",20180101,292.875666666667,626.085221260618,444.933790404371,482.453184204692,362.44224955
"1050023050",20190101,452.1272,690.299410596381,499.716000011637,404.11759902683,493.45756718333
"1050023050",20200101,646.425066666667,738.868659559237,547.515420588422,686.749918465787,708.864519083334
"1050023050",20210101,614.526933333333,723.163146564612,511.202804782208,510.924174836182,538.998537649998
"1050023050",20220101,860.701133333333,593.932837809379,530.640680659802,745.218491156253,659.580465950001
"1050023050",20230101,843.457466666667,526.30622929412,403.989473313668,706.769699805094,605.164817116667
"1050023050",20240101,927.931733333333,606.405678918933,547.137048962603,739.276285010361,660.38535815
"1050023050",20250101,469.192166666666,485.251858497587,579.60080951136,564.541814662294,657.749477766667
"1050023050",20260101,469.192166666666,509.243740839997,245.109792606473,651.146019505365,459.561599733336
"1050023060",19930101,12.5849,0.377528685178198,3.36539367930082,0.586851236568258,31.3140985642857
"1050023060",19940101,8.4777,14.6824891306606,16.2539156968305,14.7909092478174,31.3140985642857
"1050023060",19950101,20.4066666666667,42.2105139433875,41.1777349621214,42.1400038894809,31.3140985642857
"1050023060",19960101,46.7091,54.0811179280827,51.9004553270159,53.9303268834658,31.3140985642857
"1050023060",19970101,35.5319333333333,44.9803626095474,43.6960550024304,44.8931661489713,31.3140985642857
"1050023060",19980101,10.074,24.1713306026329,24.8670607294188,24.2208288575006,31.3140985642857
"1050023060",19990101,94.6697333333333,47.5103940864891,45.989281863096,47.4070713250711,31.3140985642857
"1050023060",20000101,15.0290333333333,4.49207007613711,7.08178961312889,4.6735320118623,31.3140985642857
"1050023060",20010101,11.4233333333333,18.4805444114327,19.6720440481672,18.561690993128,31.3140985642857
"1050023060",20020101,34.4594,25.5258669601758,26.0243772987264,25.5578975208542,31.3140985642857
"1050023060",20030101,17.5149333333333,28.8598990061091,29.0538082550029,28.8716136829899,31.3140985642857
"1050023060",20040101,25.7385666666667,19.9435520344506,20.9931126692915,20.0147457619301,31.3140985642857
"1050023060",20050101,16.6601666666667,18.1008588103418,19.3741944950078,18.1902319347013,31.3140985642857
"1050023060",20060101,28.322,31.7866268638734,31.7277647311305,31.7823408434336,31.3140985642857
"1050023060",20070101,29.5218666666667,31.6626744082723,31.588531437939,31.6558070310778,31.3140985642857
"1050023060",20080101,80.5621666666667,71.0910368770987,67.2996977936005,70.8294939001538,31.3140985642857
"1050023060",20090101,62.8045,30.8828875763682,30.8598468362824,30.8782459926684,31.3140985642857
"1050023060",20100101,27.0217333333333,32.2576888690685,32.1773068091482,32.2532309403195,31.3140985642857
"1050023060",20110101,39.3411,36.4967846017236,36.0401500291067,36.4678798898769,31.3140985642857
"1050023060",20120101,25.9471333333333,31.5225253483632,31.4569252497917,31.5159775420843,31.3140985642857
"1050023060",20130101,12.5806666666667,18.6714514062762,19.8885115534928,18.7568277268362,31.3140985642857
"1050023060",20140101,17.5462333333333,26.469356193878,26.8835104518476,26.4958686517068,31.3140985642857
"1050023060",20150101,14.3094,17.656789814308,18.9192029841567,17.7424109310054,31.3140985642857
"1050023060",20160101,26.0822666666667,48.5298160710971,46.9033323538321,48.4187469276617,31.3140985642857
"1050023060",20170101,48.6887666666667,42.1028466525044,41.0690429562382,42.0316305118005,31.3140985642857
"1050023060",20180101,37.2724333333333,42.1028466525044,41.0690429562382,42.0316305118005,31.3140985642857
"1050023060",20190101,46.2510333333333,42.1028466525044,41.0690429562382,42.0316305118005,31.3140985642857
"1050023060",20200101,28.3471666666667,42.1028466525044,41.0690429562382,42.0316305118005,31.3140985642857
"1050023060",20210101,39.7404666666667,42.1028466525044,41.0690429562382,42.0316305118005,31.3140985642857
"1050023060",20220101,55.825,42.1028466525044,41.0690429562382,42.0316305118005,31.3140985642857
"1050023060",20230101,46.7042333333333,42.1028466525044,41.0690429562382,42.0316305118005,31.3140985642857
"1050023060",20240101,29.8141666666667,42.1028466525044,41.0690429562382,42.0316305118005,31.3140985642857
"1050023060",20250101,28.3345833333333,NA,NA,NA,31.3140985642857
"1050023060",20260101,28.3345833333333,27.1126437275335,27.4642172614185,27.1347585934328,31.3140985642857
"1050023130",19930101,18.7552666666667,72.6249551233845,0,0,25.6674263222224
"1050023130",19940101,28.8449666666667,99.9262858548886,41.8122959295255,40.9820539201098,36.4055500333336
"1050023130",19950101,117.002166666667,105.116985207663,115.791206513627,109.330582601083,121.320250661113
"1050023130",19960101,87.5494,57.4605871732964,109.88814100998,110.659634153972,89.722899401668
"1050023130",19970101,28.9166333333333,50.3760450131008,87.9928134718056,86.9871059511625,38.5375570892861
"1050023130",19980101,26.5987333333333,41.9868081729471,79.1050368302058,72.7743347916473,33.2335286888889
"1050023130",19990101,126.576966666667,69.7312221307192,104.984272612866,109.371541484931,123.728349107222
"1050023130",20000101,28.4928333333333,41.6198813051709,36.6721138231786,37.5342691526936,30.4493811000001
"1050023130",20010101,20.9201333333333,56.923900202163,38.2189464445215,38.8910006236546,29.0351567666667
"1050023130",20020101,47.2884333333333,54.5446546163745,38.5998583197225,40.1985093696934,38.2741974083338
"1050023130",20030101,53.5374666666667,86.2308364276911,56.4820724656477,56.2757205187253,51.9557924250007
"1050023130",20040101,57.5331333333333,70.4943940895199,36.4392137783392,36.6879319580518,46.278568347222
"1050023130",20050101,45.7063,82.2734553835287,38.8109975417776,37.3989632727495,42.0338000083334
"1050023130",20060101,61.7590333333333,75.2148714074284,80.422146853294,78.6261775446369,61.6657663694448
"1050023130",20070101,100.803866666667,83.6682639973929,125.759434736517,123.020047200821,114.215668086112
"1050023130",20080101,223.605466666667,78.2031574785557,157.414120874775,157.579143473427,188.567992927776
"1050023130",20090101,156.877933333333,99.9867347816794,122.053384951404,123.578700941181,137.390748552779
"1050023130",20100101,24.6552666666667,66.7236672373012,33.9371564930695,41.2393927618812,32.5199137805561
"1050023130",20110101,171.2574,78.374505121298,104.454824522161,99.6792121895914,152.483032364446
"1050023130",20120101,57.6761333333333,82.8913213119015,59.1254676884873,58.0025168368403,54.6022732333339
"1050023130",20130101,17.5995,84.9244387591236,19.3862824705458,12.6513325467103,25.3012798666668
"1050023130",20140101,28.0009,79.0140399604499,44.140950772933,45.2548960951354,38.7716358166665
"1050023130",20150101,21.6521666666667,51.645125372804,17.1946049073917,21.1332875077552,24.1202080166668
"1050023130",20160101,50.9322333333333,18.9263408309931,108.117944207509,113.891770613288,67.0178548583335
"1050023130",20170101,91.6212666666667,64.5807577758587,98.7005865263187,99.3433135729108,102.281933654921
"1050023130",20180101,132.871833333333,73.7083340090475,98.7005865263187,99.3433135729108,124.61935546881
"1050023130",20190101,109.003666666667,91.0871233767684,98.7005865263187,99.3433135729108,117.010399871588
"1050023130",20200101,62.2429,60.7146555138539,98.7005865263187,99.3433135729108,97.2537677969849
"1050023130",20210101,130.378866666667,91.1353117405566,98.7005865263187,99.3433135729108,117.010399871588
"1050023130",20220101,239.153033333333,94.2911676184836,98.7005865263187,99.3433135729108,117.713922304921
"1050023130",20230101,279.0561,83.5934194185234,98.7005865263187,99.3433135729108,121.168846566032
"1050023130",20240101,157.468333333333,0,98.7005865263187,99.3433135729108,82.1637475296038
"1050023130",20250101,59.7175833333333,NA,NA,NA,56.4847186138892
"1050023130",20260101,59.7175833333333,77.4979912122835,49.1990206900519,48.1046929053602,53.6268517999999
"1050023140",19930101,21.7625,79.6414694690266,76.4782535537084,76.8898741943371,46.7583512633729
"1050023140",19940101,29.0091666666667,101.653595689683,97.9925008121548,95.7232804996614,104.708448376191
"1050023140",19950101,117.265566666667,105.743020064685,102.486594447889,98.6994182712028,122.964486077877
"1050023140",19960101,91.5685333333333,59.2351436331616,59.2786072334,59.6673598925671,53.3381959165872
"1050023140",19970101,30.8134666666667,43.411197110592,48.7054318091412,53.0293967788216,37.6226359490476
"1050023140",19980101,26.6606,66.1330730149856,62.5468024736037,62.1460727493717,49.7331156013888
"1050023140",19990101,128.351833333333,71.697258563359,70.7391215155771,70.9782838182411,115.484803377956
"1050023140",20000101,28.4652,51.7055534228835,50.5287684400632,50.5498828290782,37.6530165688095
"1050023140",20010101,21.7813333333333,68.0664680433203,61.4436362421515,59.5791460260713,41.996825886865
"1050023140",20020101,48.8962333333333,52.3236964584228,55.6012330938198,57.1689428580738,41.9772464167857
"1050023140",20030101,54.1214666666667,79.391201290691,81.5147074262918,81.6625361492995,52.3997431131348
"1050023140",20040101,58.4170666666667,75.3872541828375,72.5881595018452,70.7908713388887,81.5174357865277
"1050023140",20050101,46.8515333333333,65.9838082406134,74.5312447279462,77.0824388388183,55.8232225081349
"1050023140",20060101,63.0933333333333,79.404313473547,77.0561579941278,76.2874630274366,60.4909376814087
"1050023140",20070101,100.0886,84.8313503232927,85.0518024712864,83.0664507044094,90.7829586205955
"1050023140",20080101,225.112933333333,87.8277863921997,87.4320614841435,86.1028090894623,120.452793439107
"1050023140",20090101,164.3258,97.2134738661549,98.6370880587783,97.0947860124013,122.627187118532
"1050023140",20100101,27.324,70.6166550142176,72.620618315498,73.9765016991001,72.2623346096031
"1050023140",20110101,174.0872,71.4419575842293,72.0396795588408,72.3774786326371,114.788317517321
"1050023140",20120101,59.8111,91.2843017043632,90.9659884905464,90.1442918909846,106.393228595576
"1050023140",20130101,18.5655333333333,80.322999194134,83.5487840796329,81.7553146574592,48.8513873697023
"1050023140",20140101,30.2409333333333,81.2837997956658,79.6125420942174,77.4527341713822,45.3289206547618
"1050023140",20150101,22.8540333333333,49.1914776335887,50.1205798433355,53.2706498273825,37.526525416746
"1050023140",20160101,51.7622666666667,18.0144119457665,18.4637734969057,25.1575900046673,40.1656460292064
"1050023140",20170101,94.2837666666667,73.7020847313199,67.8588971364804,67.0525813380808,98.9445122010117
"1050023140",20180101,133.508333333333,70.8047717177399,75.8744152295472,75.8144907724826,90.2092550419046
"1050023140",20190101,111.996566666667,91.6491410220604,90.5623386195015,88.6680391663936,110.595678670298
"1050023140",20200101,63.5689666666667,66.3989873143293,65.6551874318394,65.4168416368568,64.7911797776586
"1050023140",20210101,133.188466666667,88.9438888281937,86.0047614687311,83.3763924438129,102.730138002639
"1050023140",20220101,242.3387,94.8516885740081,98.0263295077558,97.375089661881,116.598746596865
"1050023140",20230101,279.4041,86.7232268429144,86.5340444919389,85.4675383504129,119.855070318373
"1050023140",20240101,158.924533333333,0,0,0,40.1656460292064
"1050023140",20250101,61.4522166666667,NA,NA,NA,78.664276927976
"1050023140",20260101,61.4522166666667,74.5098530841263,78.1913285162329,80.2824314279539,56.8191528301388
"1050023300",19930101,1108.94577777778,1145.87977211923,1152.84813249616,1165.14415269492,1110.50502031914
"1050023300",19940101,1042.3422962963,1151.43827951482,1142.75736095286,905.569896110507,1035.01789723594
"1050023300",19950101,1129.59577777778,1125.8211156704,1281.21103080911,1033.01933203148,1101.77365996764
"1050023300",19960101,1200.70296296296,1127.56532552387,1118.5349452731,1233.13230076781,1229.32461490247
"1050023300",19970101,1236.16207407407,1150.92691508567,1155.01333834814,1187.43714334569,1182.51595121794
"1050023300",19980101,1039.64374074074,1181.82014037269,1159.82102788313,1186.26062572007,1123.36427993677
"1050023300",19990101,1064.60148148148,1126.50594723713,1184.51673089135,1101.19281994146,1098.66884249021
"1050023300",20000101,1341.5167037037,1137.79877738663,1213.18359395066,1322.22984058019,1356.45403548443
"1050023300",20010101,1233.1282962963,1128.07755017063,1288.28305610785,1317.87597280334,1357.82274323898
"1050023300",20020101,1042.78785185185,1200.00794478966,1136.85643635462,1142.79530274269,1067.80753125763
"1050023300",20030101,1024.63366666667,1103.10605231431,1120.90350320263,1115.82089004268,1021.68236358849
"1050023300",20040101,1259.409,1143.769185352,1112.51732015154,1266.68127395014,1303.9020848261
"1050023300",20050101,1217.40011111111,1173.04788989859,1075.78786314604,1365.60264769714,1305.53990103421
"1050023300",20060101,1141.23114814815,1104.34467690828,1222.5238386271,1006.09318834591,1062.05316893735
"1050023300",20070101,1050.12211111111,1128.31002233238,1054.35207128061,1095.39884447937,1036.57985875798
"1050023300",20080101,1174.38037037037,1157.58241002999,1067.87630470315,1221.69869996954,1203.58785015568
"1050023300",20090101,1479.13640740741,1140.85243221267,1253.07896074078,1279.53804262886,1373.75445921332
"1050023300",20100101,1523.91140740741,1122.02946924974,1160.56366044856,1271.37006515019,1369.57713519537
"1050023300",20110101,1469.95011111111,1182.82213120902,1213.96464839548,1275.82442136554,1383.12199584722
"1050023300",20120101,1174.12874074074,1185.35747236746,1146.93131672357,1140.35941866111,1109.90567453316
"1050023300",20130101,1097.67659259259,1135.88095435166,1099.66130606932,1079.13708762713,1061.84774833986
"1050023300",20140101,918.220962962963,1120.89359045022,1069.73932992011,1039.95881216295,971.460761947442
"1050023300",20150101,901.027481481481,1119.34707310289,1134.91285617878,898.867523918911,970.393397311066
"1050023300",20160101,950.057407407407,1120.83144231097,1041.33068931615,1009.42920419924,960.538645509655
"1050023300",20170101,1120.543,1129.3872854596,1169.68581221762,1172.44439933971,1112.72250940564
"1050023300",20180101,921.591333333333,1107.06196233479,989.066011813319,959.455029239397,950.578981126763
"1050023300",20190101,990.03062962963,1188.7542078878,1111.00365407399,1064.23523555365,1032.53099892557
"1050023300",20200101,1135.66685185185,1141.65340803047,1264.29385572875,1250.4148474253,1331.11312476402
"1050023300",20210101,1118.37925925926,1142.28586049166,1251.78340115959,1218.52075185859,1259.9402291903
"1050023300",20220101,1396.34892592593,1116.19830170317,1095.91825359007,727.673019260234,963.444964900308
"1050023300",20230101,1495.00492592593,1156.97948634094,1285.78225801948,1249.77458325687,1304.52399470705
"1050023300",20240101,1585.71592592593,1175.36029551136,1153.36377265551,1219.05506233351,1212.49875282504
"1050023300",20250101,1538.71766666667,1123.70898283666,1133.13387134273,1184.33583777364,1113.9549382563
"1050023300",20260101,1135.66685185185,1149.32427065316,1111.61949622054,1131.97212522667,1089.64568349824
"1050023310",19930101,406.627294117647,342.19290069763,163.381692983635,654.204255071442,391.961181485295
"1050023310",19940101,375.557647058824,358.135854380663,345.531964620175,472.004890288366,362.376447139704
"1050023310",19950101,663.340882352941,265.267700795192,567.655748357683,465.511888885236,604.145255154413
"1050023310",19960101,1315.62488235294,763.238908063368,1217.09056273134,731.779736504366,1134.06591689706
"1050023310",19970101,1120.29891176471,787.040471727687,994.052591227189,999.210824726346,1105.64740329413
"1050023310",19980101,197.112617647059,374.331829323088,287.34423125409,0,192.789456213237
"1050023310",19990101,856.791617647059,407.255936381524,840.974117468463,553.793931676648,758.138211477936
"1050023310",20000101,681.452647058824,212.622607370701,702.991727753934,575.384657695922,665.124348352945
"1050023310",20010101,417.974794117647,339.758102019603,373.23094778888,649.296284240074,413.652966897064
"1050023310",20020101,273.4065,411.271498180106,293.570894784324,316.986650873123,271.155912830885
"1050023310",20030101,189.239205882353,230.742068137869,237.553148664555,121.294818810002,183.839258294117
"1050023310",20040101,143.990470588235,292.812296413416,128.738407835408,250.29362823337,146.892583514706
"1050023310",20050101,417.171264705882,525.6799508683,379.54088061386,485.645289879441,374.931184786767
"1050023310",20060101,175.288470588235,172.626403053431,208.068828412783,242.06460120827,178.542050183824
"1050023310",20070101,228.372029411765,286.100712251535,377.984057731331,561.974251501629,318.196565088235
"1050023310",20080101,356.852176470588,452.868450324159,315.838296434265,345.086260548986,316.766507323529
"1050023310",20090101,800.892588235294,303.256546638252,586.984381747667,603.204869573375,701.121355419124
"1050023310",20100101,134.525235294118,392.38993200655,104.026881029653,410.100163497235,176.646592316178
"1050023310",20110101,87.1851470588235,509.049535933975,219.834947997487,224.241452123249,128.410480279413
"1050023310",20120101,92.6185588235294,517.779412528376,441.101430485062,58.799021682593,157.916044360294
"1050023310",20130101,124.109,383.309920869769,57.3631305010106,81.8384527614066,137.719405485293
"1050023310",20140101,203.451,487.406207536133,190.635676510737,99.8091397426144,176.861752382354
"1050023310",20150101,131.563,362.850154067545,119.265665184743,167.626856542397,143.009197720587
"1050023310",20160101,140.665088235294,312.433972040291,111.494168319174,348.199352014623,163.130263897059
"1050023310",20170101,287.776794117647,419.690769828886,504.511140943274,364.304296310461,348.544362551469
"1050023310",20180101,216.486411764706,208.19678910025,260.075661847391,155.414789859734,202.475898374999
"1050023310",20190101,56.7666764705882,226.301673844405,0,17.8808893824128,100.932887860294
"1050023310",20200101,552.272794117647,461.740823220283,0,603.548846425884,359.822312102942
"1050023310",20210101,413.101323529412,593.704130586499,810.464906197353,470.886743901711,690.926474264701
"1050023310",20220101,1155.93855882353,617.124083986402,0,408.996035608086,217.859181132355
"1050023310",20230101,1790.14488235294,678.524358959977,210.603165777403,197.745915910829,478.484732132352
"1050023310",20240101,726.667823529412,431.672709734249,711.37300225525,520.44375952553,713.695301036762
"1050023310",20250101,322.314485294118,366.644189522962,NA,217.96130062837,221.343373566178
"1050023310",20260101,322.314485294118,72.8447926761271,389.083020896173,483.317567141992,327.203914095584
"1050023890",19930101,252.055125,299.764071227767,339.4431251876,339.068794222022,241.648663156254
"1050023890",19940101,272.4999375,349.989383013097,258.781977995612,255.098301149121,280.534987781246
"1050023890",19950101,571.09621875,380.331822257346,506.21869038324,511.209155279607,549.838376640623
"1050023890",19960101,1003.07409375,428.328193668151,760.836651700379,775.089874813719,828.086175312491
"1050023890",19970101,451.1176875,311.621579807099,628.856034455183,638.228356488059,494.619495734378
"1050023890",19980101,219.04909375,327.511457758615,383.252896665154,383.442591709344,262.543972093755
"1050023890",19990101,470.89465625,420.933530186503,244.253303025881,240.179714246856,399.849312828126
"1050023890",20000101,424.3394375,299.94737271458,465.207171229212,468.439092363522,457.591825765622
"1050023890",20010101,526.96475,383.543715473517,467.715075479482,471.398916642836,526.621818062496
"1050023890",20020101,341.30703125,375.11861137511,434.490848846983,437.513185114296,375.728660820309
"1050023890",20030101,354.1675,566.62139969213,368.3452131836,369.07108053103,382.22032253906
"1050023890",20040101,119.0855,341.053058556954,145.788902699352,137.637358165179,140.484799914062
"1050023890",20050101,265.347625,354.196567926234,266.632311670636,263.884728481383,278.335716148435
"1050023890",20060101,536.254375,326.622723603482,457.852546001097,461.632570291319,510.255695562501
"1050023890",20070101,166.806375,293.878699231023,254.834214941614,252.22877816799,199.105990390622
"1050023890",20080101,411.16209375,360.263822164788,334.400837353479,333.025023814097,373.873473734377
"1050023890",20090101,420.42825,363.156665563171,432.009760938667,433.321449906992,401.128824726559
"1050023890",20100101,401.838625,378.467745007827,364.787290030075,364.462576000077,375.877817664059
"1050023890",20110101,253.7115,391.938063169119,232.024963305977,227.255032150673,294.634010328125
"1050023890",20120101,353.00009375,349.293757410709,243.353232430575,240.085953566331,327.567539445311
"1050023890",20130101,128.553625,352.606315060659,110.782969253255,102.824945053029,148.882272375
"1050023890",20140101,601.08003125,363.935818257853,449.711622241274,452.820125721518,558.392220625006
"1050023890",20150101,186.99590625,352.101650410421,217.725882837441,212.17789993634,217.858894203124
"1050023890",20160101,162.4240625,189.24322298858,334.579691137304,333.729125071955,201.179909687501
"1050023890",20170101,160.67603125,385.159936772866,118.338415538315,110.110045781619,172.161571890626
"1050023890",20180101,354.49528125,347.03231848096,438.141542410828,441.738211367344,367.334846374998
"1050023890",20190101,234.4023125,379.434360622734,400.153051063719,401.896492312762,291.241477796873
"1050023890",20200101,418.09025,353.589091556376,163.41349628443,156.953043737038,151.098296796874
"1050023890",20210101,562.24884375,392.602284288609,348.115512441458,347.681060117525,344.104731351563
"1050023890",20220101,835.99459375,336.298969483266,583.2041140264,590.843765409245,504.534223781252
"1050023890",20230101,1264.077375,359.223143260628,502.451033359294,507.050607109596,543.677504937498
"1050023890",20240101,469.40278125,359.798207148946,425.609593859718,428.041063947194,400.133616445309
"1050023890",20250101,378.166953125,338.452930548504,NA,NA,342.285588671876
"1050023890",20260101,378.166953125,348.898309473702,362.475949869066,363.424793525982,359.132195585937
"1050023900",19930101,529.5107,284.981494799075,261.123479565527,273.765168184711,266.634197917632
"1050023900",19940101,307.993533333333,288.574819353923,303.614977055215,323.262750515895,311.521469611909
"1050023900",19950101,587.995533333333,309.007253162301,344.365322534732,342.161962132901,368.840063860116
"1050023900",19960101,510.170233333333,335.277482207102,362.440335952925,314.606035525168,354.303483971261
"1050023900",19970101,596.532733333333,289.599578601593,405.502920454262,483.573392740205,436.878747855705
"1050023900",19980101,77.4099666666667,284.686365160194,206.418181795916,181.924130195199,191.535768696827
"1050023900",19990101,396.182966666667,309.057821077172,318.033508390135,248.244582518342,280.5400195094
"1050023900",20000101,606.8704,321.566196963153,316.194214295582,415.47085074054,432.717870729543
"1050023900",20010101,411.056266666667,367.904495750845,379.876844239319,332.949590216692,362.594808928456
"1050023900",20020101,225.458466666667,275.940747782624,190.635276541339,186.948456535591,197.724545238773
"1050023900",20030101,228.3251,393.091963296081,368.637053738624,390.254060260792,390.26052477466
"1050023900",20040101,44.6482666666667,329.276551866119,313.769332358733,301.499521893303,257.611402783518
"1050023900",20050101,194.150833333333,265.779384115975,299.743478824179,364.884848491761,321.601315242619
"1050023900",20060101,357.0673,375.328089784051,324.640755381619,355.462182494784,355.931927799043
"1050023900",20070101,65.8151,296.991759312795,397.287986580332,448.849922153306,398.050490409432
"1050023900",20080101,420.887,268.37863371412,325.385083994905,350.738756536705,352.671018729522
"1050023900",20090101,385.757233333333,326.037350303965,280.268994071352,203.209303243725,253.883423076726
"1050023900",20100101,378.212633333333,302.124030201641,348.358513884298,332.19649355353,341.292513155166
"1050023900",20110101,227.815,292.509484248977,225.44485580033,238.719334359732,217.4595584754
"1050023900",20120101,166.0247,272.396359421485,237.712746066756,241.256309671322,212.551018117774
"1050023900",20130101,66.2969333333333,311.273039256845,336.410864370326,296.859183305607,276.946423404215
"1050023900",20140101,727.104266666667,333.47781535595,368.264308604511,394.35005832156,442.775705381559
"1050023900",20150101,435.917933333333,408.88178959277,386.057011483235,409.43402957336,439.645224434149
"1050023900",20160101,111.308933333333,338.762480533087,347.263306743745,313.788495157138,299.470806750195
"1050023900",20170101,166.711633333333,303.938681602626,300.075586032593,267.157067309058,252.079754621602
"1050023900",20180101,130.0856,363.678732740197,359.442771078903,340.881258368863,335.99518499578
"1050023900",20190101,25.6441333333333,205.494885948334,142.925351661513,84.5995528467726,180.128312151612
"1050023900",20200101,315.227366666667,325.849454234662,311.733614080172,301.807538654602,262.762638438239
"1050023900",20210101,443.496233333333,299.578327970466,322.055653021971,321.530867901619,333.33375529885
"1050023900",20220101,892.3687,350.456103897913,351.950031680693,408.163511984376,421.882820639761
"1050023900",20230101,1017.78196666667,252.107199539616,300.31332088064,433.384630721121,365.387563256657
"1050023900",20240101,395.090533333333,308.953829003126,305.896339229289,369.39094177794,340.682124935715
"1050023900",20250101,367.639966666667,362.251121423717,332.912246984857,345.12077101192,348.256028414587
"1050023900",20260101,367.639966666667,294.576080513663,298.700305165758,311.546069820103,278.514014649815
"1050023950",19930101,229.594387096774,423.261528038439,246.030267253099,224.405310089913,243.972950362212
"1050023950",19940101,198.654129032258,264.073731959855,369.272528586395,376.750888487143,233.021166463883
"1050023950",19950101,506.542741935484,279.569837388404,520.264410766428,436.841064662487,572.596526135061
"1050023950",19960101,483.842709677419,439.174995838247,520.172505228198,441.584626907405,581.178016855299
"1050023950",19970101,435.166516129032,470.60656292905,435.354546369889,570.650041078159,576.72324454927
"1050023950",19980101,253.637741935484,285.018104797782,218.045314276393,392.947361963085,264.223981806836
"1050023950",19990101,592.765709677419,331.451202906471,489.255471118839,426.082970681385,558.359543960483
"1050023950",20000101,726.108612903226,516.172502806131,496.854317889094,660.4722944491,635.604334424002
"1050023950",20010101,220.031258064516,314.109780972307,280.705236145029,413.154945676546,332.423511112116
"1050023950",20020101,402.571451612903,336.364776665829,272.275518115819,387.248720236664,290.072169776478
"1050023950",20030101,431.41964516129,436.411173208984,456.776714785039,384.504271422753,373.580432067455
"1050023950",20040101,191.870548387097,160.625464995759,215.271285037086,240.723052585108,193.852159596083
"1050023950",20050101,160.436967741935,351.830456925355,226.496111116182,366.771059769363,216.121509565496
"1050023950",20060101,286.962193548387,438.09194201289,361.577575758249,390.157289997142,323.782526432335
"1050023950",20070101,37.7131612903226,432.373198857246,358.720063304483,30.5075938133741,137.011504159773
"1050023950",20080101,481.381322580645,439.622500496708,468.317914938519,362.798216709634,356.678277944586
"1050023950",20090101,642.976612903226,448.030948153714,494.18593019427,506.908125118944,637.065878509715
"1050023950",20100101,748.590161290323,411.776273520295,457.85221315803,476.024083744674,625.578111385407
"1050023950",20110101,231.659161290323,467.140870669713,543.056952917417,223.523047638868,326.406063320987
"1050023950",20120101,747.081516129032,442.256980149303,541.729036045385,452.590221573317,644.837034602727
"1050023950",20130101,233.466096774194,394.333610283176,264.351491555949,224.306616178999,245.796874765803
"1050023950",20140101,646.284806451613,327.275449637585,258.440708313492,459.464410927018,572.851679564477
"1050023950",20150101,88.036935483871,196.10649943867,113.603925815676,201.453651301743,109.079638750941
"1050023950",20160101,96.9518064516129,135.859404406725,90.367413577482,199.350526800251,108.129943609389
"1050023950",20170101,194.857935483871,385.437987706855,401.307924267462,246.186094531006,213.470759673022
"1050023950",20180101,519.431193548387,385.437987706855,401.307924267462,602.659810028722,560.637549779416
"1050023950",20190101,137.848709677419,385.437987706855,401.307924267462,352.482045295003,219.608421640899
"1050023950",20200101,326.015677419355,385.437987706855,401.307924267462,333.90558448322,219.608421640899
"1050023950",20210101,873.381064516129,385.437987706855,401.307924267462,555.649852905641,560.553121646351
"1050023950",20220101,780.332838709677,385.437987706855,401.307924267462,584.680738368843,560.553121646351
"1050023950",20230101,1076.71296774194,385.437987706855,401.307924267462,232.548686622364,220.175551303917
"1050023950",20240101,289.296709677419,385.437987706855,401.307924267462,696.901050709839,570.267609990898
"1050023950",20250101,364.293564516129,NA,NA,NA,297.824641527073
"1050023950",20260101,364.293564516129,392.325836594987,387.276371705366,239.629255106386,270.005679517761
"1050023960",19930101,349.41376,380.999336400444,357.647760144193,355.613136592757,337.331452197574
"1050023960",19940101,252.028,369.737857997445,351.45934872515,350.626827839552,308.072808279909
"1050023960",19950101,426.53928,393.002891384913,358.992032789988,358.093715463466,338.199098581618
"1050023960",19960101,364.0356,409.052307292027,360.810381282702,342.292884661644,403.217053719837
"1050023960",19970101,492.79208,340.635144545151,355.614547537739,346.118157084893,333.314340363052
"1050023960",19980101,201.82688,367.320333906642,435.99907313177,451.945451633782,438.706350690338
"1050023960",19990101,535.44488,370.73009915965,388.514085404315,388.015954931107,365.459885337166
"1050023960",20000101,458.41608,404.564542254284,409.90282757321,414.101270281668,531.556593789515
"1050023960",20010101,538.91772,417.201201072437,472.666320962248,478.61844351412,536.02432619485
"1050023960",20020101,241.92368,390.136862915406,339.921488608469,339.840139553716,301.22271622221
"1050023960",20030101,439.4752,474.176487006041,463.738472947277,463.61279164832,535.637883205177
"1050023960",20040101,170.2768,401.932646950795,403.694201328273,400.682993653692,369.237457264124
"1050023960",20050101,441.633,331.845463202663,348.356372840196,356.56937139236,321.135605424484
"1050023960",20060101,424.67772,467.426387242647,475.322499688435,482.29026268515,536.566892568668
"1050023960",20070101,229.88872,376.419662028167,332.670835468983,323.42091496487,298.532260057851
"1050023960",20080101,242.35032,324.487779994967,351.860960349488,351.709924290999,310.353099800411
"1050023960",20090101,267.49288,415.385241533958,385.885283419105,380.13964454344,409.653938309757
"1050023960",20100101,355.88752,351.440457987739,408.398609926603,416.267682611955,443.720991203652
"1050023960",20110101,343.06936,383.665465613521,383.228694088215,382.244329236545,337.246046480973
"1050023960",20120101,209.64516,362.105829927923,369.309872315188,373.146459343332,322.830357895201
"1050023960",20130101,334.95708,390.632192267185,352.879542527888,346.20415198962,323.203539806301
"1050023960",20140101,1345.26452,404.207137498628,406.947232535507,410.349905545181,531.861372336058
"1050023960",20150101,400.79296,480.674606957764,486.65631202575,485.127498678993,536.566892568668
"1050023960",20160101,311.79748,402.681171446406,402.284999217132,394.577514877,368.575291548649
"1050023960",20170101,617.6394,377.580287735206,404.93066269025,411.40139441566,451.247225372678
"1050023960",20180101,356.58772,426.36699638619,473.545631216955,487.101493417586,535.894082404951
"1050023960",20190101,196.5356,319.537265814396,249.631816845851,244.301013714244,294.052151106039
"1050023960",20200101,323.88512,398.144647383567,420.527982368444,425.23954115494,457.864482168831
"1050023960",20210101,583.10568,380.02376286441,392.56737364968,398.984611986803,359.771723311898
"1050023960",20220101,646.01628,424.556989920768,428.982822142865,423.891113890956,531.517320264725
"1050023960",20230101,644.79952,349.217670186406,322.745255824286,322.016733003284,296.298304972639
"1050023960",20240101,324.53832,403.082263184681,360.768288901878,349.295861731937,355.915353831746
"1050023960",20250101,356.23762,449.917335126137,429.633155450799,433.113648856859,532.216667575441
"1050023960",20260101,356.23762,371.601363477406,374.67715440912,371.133691434346,337.300831463964
"1050024070",19930101,376.24792,335.189400537713,357.65896507911,333.837059850537,350.076983652764
"1050024070",19940101,281.60048,338.273063238346,311.444766900014,314.497685892015,297.394670758744
"1050024070",19950101,300.7142,323.464548677025,314.595287034989,325.607175198975,299.723196149753
"1050024070",19960101,295.63272,311.535377341556,324.059077251585,314.439794197354,300.064329234062
"1050024070",19970101,299.24636,264.278008668739,295.870754777495,332.375774652351,306.697778489758
"1050024070",19980101,286.62688,352.296233429117,274.495499537511,319.18571874677,320.410606207458
"1050024070",19990101,332.75488,342.973934390596,323.288189912529,287.375228710327,316.200146190891
"1050024070",20000101,326.08108,314.95182942791,308.625681026157,330.954998993429,307.764863708913
"1050024070",20010101,301.98564,317.703327139498,302.680502148904,301.744356729854,294.628610421426
"1050024070",20020101,311.28936,330.650127305633,312.06842952221,328.410543146038,306.563109850936
"1050024070",20030101,370.5932,325.897182397293,340.619659767627,336.257687064299,346.045215290052
"1050024070",20040101,298.3826,333.684085438021,308.915401581245,327.426401229646,302.461873040514
"1050024070",20050101,350.48724,337.894512754303,352.1113925392,338.574824002156,349.940355292071
"1050024070",20060101,319.96424,324.367662272361,351.573736382801,353.795409082334,357.048664378365
"1050024070",20070101,280.20404,325.312267336022,318.060032669209,308.849229378224,294.413661133701
"1050024070",20080101,313.405,325.884178195915,325.820024198533,312.82341156137,304.897315293478
"1050024070",20090101,366.61188,336.715314365244,385.93607714734,315.219823614417,367.877112016375
"1050024070",20100101,292.63344,321.148729356871,320.267315785291,329.774427919525,305.641239281651
"1050024070",20110101,323.04632,330.733222200658,352.469702319629,307.113835525966,343.906941366567
"1050024070",20120101,330.97176,331.63890236227,365.08153643791,317.812841442425,346.093130334403
"1050024070",20130101,537.95404,351.361239623836,379.805097620534,359.1816359456,464.865291244864
"1050024070",20140101,337.12964,338.856101829369,296.645349305916,329.086335225294,314.030140791153
"1050024070",20150101,295.66996,287.550296972787,283.726263702701,304.559594846575,291.133410332046
"1050024070",20160101,363.70716,330.78527225312,350.235453816145,352.438046447826,359.093705748325
"1050024070",20170101,280.83216,306.185402115898,288.454650969701,306.056821719279,290.980282301906
"1050024070",20180101,286.3324,287.313265677782,291.124714347809,317.907413679165,291.231436207428
"1050024070",20190101,304.01112,293.983427793076,302.141109566208,334.843207175727,310.391995735404
"1050024070",20200101,356.09896,268.579548726186,349.927470906531,286.753369943554,340.211283286408
"1050024070",20210101,287.05976,316.48844596053,309.909015776982,313.841100268435,294.55118146129
"1050024070",20220101,299.37116,299.845949959057,291.31843205413,328.547157176031,301.298480708524
"1050024070",20230101,328.73184,324.624646285841,394.363885127625,307.712508042793,365.781351189327
"1050024070",20240101,288.769,324.05338081695,295.742559473612,340.524378409304,311.905605424128
"1050024070",20250101,297.431708333333,344.771703679816,332.865619789987,310.850299379344,313.405285890265
"1050024070",20260101,304.01112,347.499926899038,330.352168651696,327.977558022521,321.148409072346
"1050024080",19930101,50.9696129032258,90.074558435368,95.2466025579652,98.1585114485447,91.5635870276499
"1050024080",19940101,91.517935483871,85.9424748110847,97.9510724850881,98.5678404817304,91.5635870276499
"1050024080",19950101,119.293806451613,100.483554288142,97.7139655855268,94.9419396082871,91.5635870276499
"1050024080",19960101,84.2456774193548,50.7401205378138,88.2866402279205,92.7576613961732,91.5635870276499
"1050024080",19970101,101.418129032258,57.4566280667027,73.3274754388529,60.5500811487312,91.5635870276499
"1050024080",19980101,18.3436129032258,112.842915628207,112.066750622748,109.5020258211,91.5635870276499
"1050024080",19990101,171.250193548387,84.8811921582917,109.114044225574,101.438855065557,91.5635870276499
"1050024080",20000101,68.5934516129032,66.0616343771281,67.2754048817511,69.5883785528482,91.5635870276499
"1050024080",20010101,226.686225806452,90.8589397737263,94.1287117528373,96.643182129707,91.5635870276499
"1050024080",20020101,24.1326774193548,103.432287221435,104.449850335582,101.587544335829,91.5635870276499
"1050024080",20030101,98.7803225806452,129.958081932646,94.2815681141688,94.5763533352901,91.5635870276499
"1050024080",20040101,0.459806451612903,109.419668476618,75.8445098335854,83.5221323675314,91.5635870276499
"1050024080",20050101,86.0372258064516,100.597871694399,97.6961148536661,98.8727952492526,91.5635870276499
"1050024080",20060101,143.095225806452,97.7065179997682,87.1476869108895,87.0552259173704,91.5635870276499
"1050024080",20070101,14.9086129032258,60.2310789532789,109.728107437026,96.3104376857375,91.5635870276499
"1050024080",20080101,1.55212903225806,63.3316924346387,90.9575195505812,90.1513824790024,91.5635870276499
"1050024080",20090101,6.34303225806452,122.623790811377,97.2791638374931,97.4271077431188,91.5635870276499
"1050024080",20100101,42.925935483871,85.3216234072256,90.7442499168172,87.8953297984608,91.5635870276499
"1050024080",20110101,34.1624838709677,81.8903000732552,81.4220786671278,82.0253702517739,91.5635870276499
"1050024080",20120101,7.15,98.2914999079109,89.422346357928,93.6654684391358,91.5635870276499
"1050024080",20130101,120.694774193548,101.944120826912,103.050405415743,104.706374982212,91.5635870276499
"1050024080",20140101,464.70964516129,110.809474837122,107.007441330806,101.541963368307,91.5635870276499
"1050024080",20150101,89.1671612903226,54.3138038362039,72.1426601825651,78.7843784496345,91.5635870276499
"1050024080",20160101,59.3561612903226,74.165612792195,96.0064769476029,98.6523324705973,91.5635870276499
"1050024080",20170101,246.975,121.036982465873,95.226732214113,92.5443130359631,91.5635870276499
"1050024080",20180101,75.0033225806452,105.747054710858,38.6662087978518,59.1390653654852,91.5635870276499
"1050024080",20190101,7.24838709677419,85.4359512618434,67.8818316880554,67.1243538050833,91.5635870276499
"1050024080",20200101,89.538935483871,76.0755475138238,63.6356890299062,54.6488672613852,91.5635870276499
"1050024080",20210101,180.420096774194,106.191194935978,89.6346592890604,85.759793588754,91.5635870276499
"1050024080",20220101,110.761935483871,51.4257333492328,69.980305905534,63.5055136508113,91.5635870276499
"1050024080",20230101,262.903322580645,69.3230034476723,92.5060912449089,91.032463903786,91.5635870276499
"1050024080",20240101,51.6290967741935,105.819659155869,94.7776643401688,92.414885296766,91.5635870276499
"1050024080",20250101,85.1414516129032,NA,103.57008151636,97.2280890307605,91.5635870276499
"1050024080",20260101,85.1414516129032,94.5625682799748,106.096379830134,102.431595267535,91.5635870276499
"1050024310",19930101,422.961322580645,877.006314013728,902.800519676316,932.065876253101,727.431079430396
"1050024310",19940101,668.265096774194,921.210098396214,964.938059923361,964.193584140826,770.97398516156
"1050024310",19950101,661.161709677419,856.810972050818,825.935193960985,824.728056304631,575.180583611233
"1050024310",19960101,910.547387096774,645.961965556732,744.489985278607,722.68920992022,640.25026660941
"1050024310",19970101,746.109774193548,800.228668389222,912.097402369864,897.0365008517,774.565257096332
"1050024310",19980101,792.717580645161,989.425393843745,886.777647572906,897.774073835116,923.317667186714
"1050024310",19990101,1395.49864516129,1009.59104783289,919.477169720266,890.403031438629,1181.70396594992
"1050024310",20000101,1039.53077419355,845.08266594486,592.064483971751,626.866014183543,638.023604256837
"1050024310",20010101,1141.42277419355,657.379041419378,888.95842584626,909.161731258064,940.449893939807
"1050024310",20020101,1141.39009677419,904.526160304198,1183.07823309096,1161.56936894602,1241.40255575664
"1050024310",20030101,1444.6785483871,891.127981771655,1129.22459705604,1146.77969223985,1242.11579224255
"1050024310",20040101,345.935967741935,918.143175926335,604.611511271553,581.059345135993,533.154810913825
"1050024310",20050101,462.358290322581,909.780414122147,923.063223924098,895.122021014785,735.394386591264
"1050024310",20060101,1428.09187096774,904.621804799356,881.443988003801,892.562942740079,1164.0516594456
"1050024310",20070101,814.197290322581,1004.35761530599,1018.00326888792,998.89317040387,948.316270232142
"1050024310",20080101,221.725193548387,881.041227099483,865.70533325874,856.314289240476,632.091643455818
"1050024310",20090101,345.289548387097,853.166642224172,803.516082042207,811.547648819806,556.832373405492
"1050024310",20100101,1007.40087096774,894.607945078211,984.171230303781,984.72409521196,861.291919112807
"1050024310",20110101,738.716709677419,971.007776575628,775.800469172754,782.383422349902,638.789647966321
"1050024310",20120101,357.185870967742,756.274029871919,623.946660721111,646.434990358004,550.369268037597
"1050024310",20130101,1609.98141935484,994.854833038342,885.248852856435,859.555555131371,1186.45963959234
"1050024310",20140101,1369.64058064516,1014.10941568346,872.071535931859,871.552295778176,1280.81664863095
"1050024310",20150101,374.571870967742,493.317530803682,326.095321025985,275.134102254634,571.980997039172
"1050024310",20160101,870.617096774194,929.000426345844,905.235138722087,910.222580252412,796.797067636599
"1050024310",20170101,1663.69977419355,876.804159517761,1507.94482013712,1515.85309647127,1377.97532635164
"1050024310",20180101,986.297064516129,876.804159517761,868.057340383423,929.996808806293,920.535516631279
"1050024310",20190101,728.171322580645,876.804159517761,889.283821046894,889.706431501838,915.161740301709
"1050024310",20200101,1213.33987096774,876.804159517761,826.378331120201,868.024245122878,790.949741835619
"1050024310",20210101,1322.98029032258,876.804159517761,1008.03981962881,998.167327198767,833.458758768126
"1050024310",20220101,1315.87909677419,876.804159517761,999.713596473567,993.260623576253,833.651962348771
"1050024310",20230101,1598.60238709677,876.804159517761,919.183828453893,936.945383571024,766.538107099463
"1050024310",20240101,570.468548387097,876.804159517761,816.26037270175,800.362608430318,562.113553561637
"1050024310",20250101,890.582241935484,NA,990.044291506315,980.455834987229,862.85809117356
"1050024310",20260101,890.582241935484,1025.7010685971,894.706377391295,904.416758705822,1010.07820157644
"1050024320",19930101,250.604133333333,417.539998000864,236.641033048942,272.487079305769,226.035176566667
"1050024320",19940101,305.746633333333,334.081066781919,257.25542552029,294.574540462764,300.417836516666
"1050024320",19950101,153.216966666667,409.545995199288,232.987475869332,257.514156916734,186.172435966666
"1050024320",19960101,1165.68606666667,691.613551702585,999.888217202866,921.189176682948,933.996340049989
"1050024320",19970101,237.594533333333,225.302982504992,216.570035124759,253.979325889344,240.583728599999
"1050024320",19980101,596.1884,400.723838142477,530.875394154353,524.647006068915,588.080009283331
"1050024320",19990101,488.595133333333,362.794203602411,630.57878772159,600.630596719092,516.73690786667
"1050024320",20000101,273.002066666667,418.083966432649,392.567736702399,403.527213605453,312.786869833334
"1050024320",20010101,239.4069,497.450044371494,448.116246856425,450.11858108699,305.343659133334
"1050024320",20020101,247.0107,228.615131150996,229.955315144829,221.668977758524,246.750958566669
"1050024320",20030101,534.088266666667,342.851746125243,580.029817734655,529.552971603508,546.939639833336
"1050024320",20040101,231.0808,441.898160064821,295.033087135098,317.576159741671,260.245729766665
"1050024320",20050101,194.106133333333,437.006928532596,234.873436644145,251.386209202541,201.774545733331
"1050024320",20060101,359.643566666667,381.699676384265,292.698682497903,296.560519444011,328.994156250003
"1050024320",20070101,306.944933333333,220.527393974974,285.019965948322,289.070761742964,286.767697983336
"1050024320",20080101,309.1046,387.435818525967,310.760928975982,328.336658590077,313.248058083334
"1050024320",20090101,314.550833333333,482.289522505776,364.247213151973,363.587853695592,295.304033933335
"1050024320",20100101,372.1491,323.7325712693,176.020536502154,201.750288223932,307.233393833334
"1050024320",20110101,596.747166666667,341.82223985744,509.098316019625,482.876775200495,582.064712950001
"1050024320",20120101,626.6609,537.143728293079,499.974191027097,480.672013148224,603.58783576667
"1050024320",20130101,625.179433333333,410.822644167708,526.352567539017,496.651831544862,607.138576350001
"1050024320",20140101,492.200633333333,363.441453981222,403.3111755537,401.665734229461,428.535325833338
"1050024320",20150101,375.2027,562.081246086942,403.553185213685,420.747976816269,353.815256483334
"1050024320",20160101,383.129233333333,374.032037591055,471.253561834858,442.851212413775,390.113071550002
"1050024320",20170101,427.543833333333,267.304965444825,464.237724520499,452.479367760089,413.507339816671
"1050024320",20180101,201.6961,301.607370981838,145.099193454927,197.003065695748,238.138791050001
"1050024320",20190101,213.713666666667,315.955729321032,291.056065784674,293.651495588061,259.122743216669
"1050024320",20200101,245.046366666667,106.694717182332,0,0,264.243557583335
"1050024320",20210101,623.2776,196.462662003154,467.083381319827,452.645868348532,414.867680900005
"1050024320",20220101,523.366266666667,142.755676215534,1.16474017929123,19.0886656695034,264.243557583335
"1050024320",20230101,327.440166666667,353.111385936016,383.320757978065,376.56079143079,343.860396183335
"1050024320",20240101,269.1884,363.311935178801,101.121842620551,168.005704494609,291.928100350001
"1050024320",20250101,320.9955,272.443667258358,380.29956700689,388.645295454024,319.273374916668
"1050024320",20260101,320.9955,364.384922335581,413.733616449234,395.031384195522,357.993131366668
"1050024870",19930101,622.070733333333,795.386197639675,847.14741214446,948.099442998419,745.749092634128
"1050024870",19940101,1046.60616666667,854.323910052385,881.785465023755,625.732640749392,911.228736486628
"1050024870",19950101,233.745066666667,846.571807444926,828.34198480908,532.991477212356,439.895445991429
"1050024870",19960101,887.759033333333,829.329447262516,825.478837828446,793.657430373065,818.9169375073
"1050024870",19970101,646.430866666667,702.344797084223,584.871503887922,772.352408210708,745.300371238791
"1050024870",19980101,1086.47843333333,807.236834859169,930.281575650751,717.612395629112,1024.94111146036
"1050024870",19990101,1131.31866666667,840.414011473295,935.146670951304,922.970081530087,1050.54130384869
"1050024870",20000101,862.961,814.800643419155,808.781661923076,866.055132136148,800.540155491469
"1050024870",20010101,661.099,839.872926147425,760.737661336431,671.261538673073,686.776286671866
"1050024870",20020101,795.249566666667,776.213190211882,730.306085383284,1103.7453683208,781.178456318651
"1050024870",20030101,770.568033333333,824.45221118227,829.825560086619,945.193956850048,785.448316955655
"1050024870",20040101,559.0801,830.505506535345,924.631629532688,970.027250421523,816.323346117443
"1050024870",20050101,524.0535,812.706127481317,804.737033460842,676.802009246071,653.89051688639
"1050024870",20060101,826.528833333333,844.898428201913,847.406726047434,834.284231702912,827.941132136786
"1050024870",20070101,379.8203,789.451212894155,679.723683806223,809.793721073495,600.591048313096
"1050024870",20080101,920.291166666667,773.213906781843,824.798696081479,802.738738401147,838.970138135635
"1050024870",20090101,857.829333333333,852.205128889025,882.756662502388,766.610591697346,916.760800293155
"1050024870",20100101,886.886833333333,741.156720391915,819.191820987934,784.752520119345,888.436184749186
"1050024870",20110101,1277.9687,718.023361475202,781.529462255257,958.083985746986,1001.85844029829
"1050024870",20120101,1562.52746666667,870.761479479083,963.164207439366,1204.67850072279,1261.48569788694
"1050024870",20130101,1136.35306666667,855.15958534196,951.926538755206,858.413233986236,1099.85704786155
"1050024870",20140101,1107.28326666667,805.754264763707,869.525637580839,870.589947619306,951.346592429784
"1050024870",20150101,348.280066666667,787.255393879393,826.772801025247,558.080154357339,427.517556021369
"1050024870",20160101,972.110066666667,831.187189976652,941.655569851612,1035.62835649029,1020.33661440236
"1050024870",20170101,853.702466666667,861.945545370482,602.870266171837,762.117256134731,722.717463448135
"1050024870",20180101,458.723433333333,800.846884691408,539.076220024695,558.404865277388,416.060199370159
"1050024870",20190101,523.732066666667,812.283205142719,607.012759693914,816.028563274548,598.430835586488
"1050024870",20200101,829.710066666667,864.002536679917,457.397029060769,723.916201284161,735.215138132877
"1050024870",20210101,800.748933333333,832.00998150369,655.519186001026,1250.06586555408,773.44202996879
"1050024870",20220101,710.012833333333,784.776965812994,880.35771456887,1197.94870915126,925.173070064445
"1050024870",20230101,668.103933333333,847.167221085334,835.990721125501,0,446.603956314763
"1050024870",20240101,596.101666666667,837.646669629952,871.285899806258,422.500193090913,576.203153037698
"1050024870",20250101,813.638883333333,875.693080151085,780.626516430805,NA,874.912108884623
"1050024870",20260101,813.638883333333,834.796198593638,923.611982424592,586.390317712017,788.607334241904
"1050870170",19930101,947.960777777778,1109.52329923093,1034.01706851021,1158.43000298367,1052.81930636951
"1050870170",19940101,906.131611111111,1083.08845185507,993.625783507204,1122.73986536929,993.641584187167
"1050870170",19950101,1151.58455555556,980.957131956039,1106.43752836573,1075.41375346679,1082.85699844058
"1050870170",19960101,1112.05405555556,1116.99875436973,1153.73302058038,1094.82186540745,1109.03570511547
"1050870170",19970101,1133.12841666667,1184.10826072387,1180.97118752583,1210.07039393822,1255.62356429246
"1050870170",19980101,1306.64619444444,1220.84657850681,1102.63678691005,996.16748459184,1181.02574172902
"1050870170",19990101,1408.09480555556,1146.74608981498,1190.03620245541,1189.55771253369,1260.27204543354
"1050870170",20000101,1002.22802777778,1047.98685065057,1220.03395263472,1031.72314790665,1121.00151313435
"1050870170",20010101,945.265444444444,1171.68545986859,1216.89312092824,1047.90093318579,1191.00891685412
"1050870170",20020101,868.033388888889,1102.66113620448,1032.75160200402,908.332106003195,981.735409025237
"1050870170",20030101,1500.19458333333,1106.27352437208,1211.40612814756,1161.21681944889,1199.27060990299
"1050870170",20040101,1233.44288888889,1121.65986213803,1033.44311776786,1142.90473822583,1148.74994171005
"1050870170",20050101,1231.28369444444,1045.03444330862,1169.38140849417,1178.06797512396,1173.48662319339
"1050870170",20060101,973.813277777778,1115.78398314125,1042.54396495397,1085.6722843988,1004.05670129794
"1050870170",20070101,1038.1925,1098.10303565998,1073.65102678659,1013.69204586865,999.969492882786
"1050870170",20080101,1454.68011111111,1133.8539610538,1145.94907973476,1127.50932436984,1217.83816982788
"1050870170",20090101,1051.92861111111,1108.2569853771,1078.2351333525,1014.38359227372,1002.76121004387
"1050870170",20100101,896.677,1102.24168727665,1084.07961798815,1041.11191162794,1000.22049340087
"1050870170",20110101,893.317888888889,1108.72319418058,1011.2953248719,1217.92775246832,1075.28702936876
"1050870170",20120101,1098.87372222222,1157.89380031189,1134.98743820529,1176.48929980205,1240.94866696826
"1050870170",20130101,1100.59227777778,1064.13403684705,949.688215051952,1128.38241460482,1038.57185495757
"1050870170",20140101,964.625083333333,1082.59038548286,955.084431140359,1126.54669669067,1003.37705050766
"1050870170",20150101,1089.42472222222,1078.33656734312,1167.69429458707,1005.60448514698,1086.52881794911
"1050870170",20160101,921.896972222222,997.168707894182,1191.41590099008,979.245783520782,1091.4426250202
"1050870170",20170101,1561.91716666667,1120.67641953024,1249.9930247167,1302.15147252179,1309.08356471836
"1050870170",20180101,984.438277777778,1086.16479567019,980.74133548255,1059.65125954556,985.486742069512
"1050870170",20190101,1031.56288888889,1111.6821201294,1076.78564737357,1210.21799706635,1091.43603881741
"1050870170",20200101,1054.68416666667,1099.45680098549,811.347990708982,1055.14074208397,986.491035439
"1050870170",20210101,936.838916666667,1100.54130464176,1177.92784997361,958.914625310532,1073.67399455
"1050870170",20220101,1221.20244444444,1120.45767566753,1127.59561087787,1065.35980220795,1159.22174278462
"1050870170",20230101,1717.80380555556,1081.89185810425,1029.93537877497,1148.77521080304,1044.14843778971
"1050870170",20240101,1117.44547222222,1117.34190923729,1141.3862604577,1132.38448131739,1149.1861955017
"1050870170",20250101,1072.05444444444,1104.77654875313,1063.87260328413,1269.67503759229,1106.04292328435
"1050870170",20260101,1072.05444444444,1076.86386599079,1092.53204582207,1074.11027079739,1029.36384179567
"1050873640",19930101,228.1371,470.443422140063,448.096331160146,428.053043603666,321.596699863888
"1050873640",19940101,375.071233333333,510.286488945491,494.201461756105,467.569288952288,398.150143633332
"1050873640",19950101,525.371533333333,541.235506947688,449.277511886066,408.028044227474,533.966965130553
"1050873640",19960101,616.7725,449.928925320386,688.719713886898,710.208704777985,679.737217397219
"1050873640",19970101,522.7055,563.374503801962,581.341697236732,622.891739297667,575.089009097221
"1050873640",19980101,228.816,685.084894820206,537.712416605668,485.202785505957,442.671617066665
"1050873640",19990101,704.223433333333,527.179534701889,470.721929289511,439.970677557448,547.485380758333
"1050873640",20000101,538.1913,487.17060159055,489.582221262594,510.837973759638,472.652438530556
"1050873640",20010101,285.7097,484.953899058494,504.083705801207,533.043836512854,408.573487419445
"1050873640",20020101,449.9884,487.82891612297,455.211689098997,415.43062668863,463.879033916663
"1050873640",20030101,824.465033333333,677.28072592145,543.17147923188,629.014541031396,816.029442069442
"1050873640",20040101,300.3472,446.596643572541,495.767881950471,488.196430021914,349.086243191666
"1050873640",20050101,623.241833333333,424.419982297648,623.435967844241,576.663523041186,669.87215526944
"1050873640",20060101,438.6178,454.373670536485,496.360703338705,508.395084223483,398.34100471389
"1050873640",20070101,319.224666666667,495.400752849839,390.505277511398,341.770030997586,358.568551966667
"1050873640",20080101,861.758866666667,432.124801787373,560.092247604159,549.717709188775,698.052181130556
"1050873640",20090101,505.5799,449.151621912698,569.809911956504,636.642744336133,568.754353925
"1050873640",20100101,610.7294,650.389749139392,507.33407052746,623.215103995971,615.886631925
"1050873640",20110101,482.538933333333,391.384181132319,427.111930619474,402.513756007149,416.375566283336
"1050873640",20120101,715.196533333333,466.234251510971,584.003170793431,609.455853425413,638.58573359722
"1050873640",20130101,283.064433333333,427.559631801079,433.179099814158,449.585364589186,316.729533663889
"1050873640",20140101,192.362566666667,420.265290868163,277.683490395306,157.188778299274,282.887732336114
"1050873640",20150101,181.9203,447.123399111386,420.463960334821,436.102747640361,257.950438597222
"1050873640",20160101,1141.9985,671.677125580826,609.899673049877,671.816735625427,896.24611600555
"1050873640",20170101,486.7317,454.69952977534,598.803848259643,625.624176933538,558.164477649999
"1050873640",20180101,430.932333333333,423.76934123991,465.454279585551,452.024121244592,401.905717225001
"1050873640",20190101,460.925566666667,431.155478283091,289.108065295276,255.044757664398,358.741451830556
"1050873640",20200101,574.624066666667,412.006913583264,354.224647528072,344.066892389697,347.709595011112
"1050873640",20210101,538.628633333333,428.544402469215,807.507145049332,1005.09683314006,696.920057499996
"1050873640",20220101,967.562466666667,504.542127116073,534.307679928574,550.138736222723,612.502349555555
"1050873640",20230101,701.347633333333,449.260046133156,609.402169379407,608.007441262382,635.854342666664
"1050873640",20240101,676.733966666667,519.157962896381,587.603254383145,647.821756553115,592.39751798611
"1050873640",20250101,514.1427,488.179933728543,498.67442366023,426.370626400994,392.726301969443
"1050873640",20260101,514.1427,477.67209589645,437.631230570384,414.556787517276,447.228300491668
"1050874640",19930101,796.236233333333,1233.83879235216,1256.12253374897,528.68368878309,936.700274361118
"1050874640",19940101,577.238566666667,485.669519160478,474.858900545207,1084.83165067934,721.26593616528
"1050874640",19950101,1283.2898,1010.15596412723,1045.34073141927,1167.79011853356,1159.24863734862
"1050874640",19960101,1285.63726666667,1110.12951719689,1071.22333605524,1051.80082642006,1106.71463459167
"1050874640",19970101,960.687266666667,1263.81830084619,1247.15440609699,834.422830123442,998.92014262639
"1050874640",19980101,957.462966666667,1110.77645461167,1076.83788016183,780.64166676823,1021.77790432778
"1050874640",19990101,712.156033333333,867.087775682847,922.988000110076,994.818877844553,918.49211062223
"1050874640",20000101,734.343333333333,581.587549953936,578.705201555856,1238.98476714227,760.448083709725
"1050874640",20010101,725.9031,897.427529472301,978.430783998546,708.544117256278,862.711319847224
"1050874640",20020101,457.323533333333,1085.99103287319,1065.64411274994,1036.776842605,801.078383473614
"1050874640",20030101,1061.0199,580.888282486377,536.948814688999,1008.83279127925,906.116348591663
"1050874640",20040101,1074.53623333333,1156.14954094463,1214.82783080569,1226.43203687848,1133.58648542222
"1050874640",20050101,876.4455,1027.77630528894,1055.31713910594,909.690093932109,1018.19815428889
"1050874640",20060101,1341.4707,1074.21576599275,1157.50048717084,1308.37028462722,1346.48308972222
"1050874640",20070101,271.8493,364.306931695842,358.484340577528,666.227042216948,412.7368565875
"1050874640",20080101,530.9512,784.967813307871,760.731450839384,766.765305863086,560.083490270835
"1050874640",20090101,515.838333333333,610.04140107413,665.625764832064,1174.87683478075,654.452035759724
"1050874640",20100101,1502.64,1029.84332654362,883.260879698978,868.966441892437,1190.48988914167
"1050874640",20110101,295.6222,1010.80349170456,802.174886104522,285.836670483174,429.780454905555
"1050874640",20120101,1526.72266666667,948.97074712742,1066.92740833096,1266.48097246108,1356.53881713889
"1050874640",20130101,431.906266666667,893.649255953207,786.505916286214,714.528443536379,517.104875026389
"1050874640",20140101,451.7579,761.854515634064,683.748867766304,622.446499368924,406.213381625001
"1050874640",20150101,173.613766666667,695.501863572739,636.567716502168,444.01126638136,293.802412694446
"1050874640",20160101,2157.81493333333,1740.65012795123,1688.27060962466,1489.11436931945,1715.03621777499
"1050874640",20170101,1168.75926666667,795.94262776134,975.112450633406,969.859354780804,1062.49592451528
"1050874640",20180101,1448.206,895.828628056963,1033.20798943686,945.264655572122,1241.962780425
"1050874640",20190101,1514.17986666667,1170.62551048794,1184.92932240609,680.221707883353,1181.61937088889
"1050874640",20200101,1018.45003333333,858.813943579959,648.597731835266,656.247307421715,409.685726838889
"1050874640",20210101,2333.14476666667,1239.5327094365,1383.43153931628,997.76726563092,966.806976358335
"1050874640",20220101,1332.2014,921.671914444278,886.678657974316,881.745639031506,1123.70108562084
"1050874640",20230101,1462.96526666667,838.768976919798,765.321423879845,531.17382269848,378.595704790278
"1050874640",20240101,497.7976,1325.16181198194,1423.25407640842,899.425777946562,995.956341568057
"1050874640",20250101,959.075116666667,NA,NA,892.497894329759,1084.12884551806
"1050874640",20260101,959.075116666667,604.188678139476,585.239488747481,1017.46709258725,875.611040534719
"1050887720",19930101,9.48826923076923,11.6636103919866,12.7545260373778,13.536227838463,8.21858124038461
"1050887720",19940101,16.3846538461538,15.3319613421714,10.0552158852952,6.2726518911894,12.674724028846
"1050887720",19950101,1.51234615384615,9.07391044132785,7.60260010544038,6.4436294660706,4.79439380769226
"1050887720",19960101,14.1908461538462,9.16420265776557,9.95660595817705,10.4559406490405,10.9912956346154
"1050887720",19970101,14.6785769230769,11.8879985537836,14.1514437765584,15.7966411726631,18.407508096154
"1050887720",19980101,5.53284615384615,15.7601255919732,14.4915325497624,13.6520486375937,8.35384026923085
"1050887720",19990101,22.219,15.6170537870986,17.6868764900725,19.285908842504,24.6725110961539
"1050887720",20000101,10.0382307692308,13.4498332248853,12.5004297952168,11.8352935300335,7.76196538461536
"1050887720",20010101,43.4416923076923,13.2747476793817,17.2321527806618,20.1520527118172,34.7014069615387
"1050887720",20020101,4.2805,9.14485510739551,10.0376074671196,10.6098559843623,7.015637826923
"1050887720",20030101,0.816846153846154,18.1459340147915,15.057293690767,12.9474605493393,4.78950948076925
"1050887720",20040101,9.94969230769231,12.7708046202579,13.2539655781914,13.619419635985,8.35184301923073
"1050887720",20050101,9.29165384615385,10.8728392019647,15.3883040000756,18.6549485220582,12.4979587307693
"1050887720",20060101,10.397,10.3856946836944,14.0598052960071,16.6984942386767,12.8711803173078
"1050887720",20070101,13.3229615384615,11.9238837585203,17.7464961010217,21.9962798213276,21.1462107115384
"1050887720",20080101,15.9748846153846,10.5241235977716,7.35551843998678,4.99204209833487,12.907221798077
"1050887720",20090101,5.41930769230769,13.0981371877746,13.1328651643818,13.178654157183,6.20366942307686
"1050887720",20100101,38.5638461538462,16.9633475386067,19.0271583230592,20.6562627043863,34.8465076346157
"1050887720",20110101,8.31607692307692,12.3776958543019,15.0884369963557,17.0733865658636,16.5669161153846
"1050887720",20120101,44.673,12.1016852755063,14.4529858260049,16.1679239219796,32.0758474423076
"1050887720",20130101,2.53023076923077,11.3257884573583,8.82730062427513,6.97456637282649,6.45220358653852
"1050887720",20140101,9.53576923076923,14.0780479145521,10.6223109716286,8.13977998152475,7.99055410576916
"1050887720",20150101,0.219153846153846,11.6721277826585,10.7898356880856,10.1282782692975,3.27109352884617
"1050887720",20160101,16.2512307692308,11.2822830907141,9.55217785417327,8.26043110807948,12.54083225
"1050887720",20170101,2.33623076923077,3.866488035333,0.435123727998558,0,5.29737807692306
"1050887720",20180101,2.13411538461538,14.6765682748832,13.9851173897556,13.540092168637,4.44604798076925
"1050887720",20190101,3.44484615384615,12.7464711980965,10.9399585223248,9.62980529724751,4.28083327884619
"1050887720",20200101,15.1726923076923,11.8119940561706,17.8514907549265,22.257068936949,21.1841679423077
"1050887720",20210101,28.0345,13.7735569515258,17.1609256079855,19.6765932895945,29.2169630000002
"1050887720",20220101,8.41834615384615,8.63474925550274,10.0601100289757,11.0089215194007,5.64046594230762
"1050887720",20230101,6.99207692307692,8.39508567092952,5.78870217525992,3.78200153278216,7.25138969230763
"1050887720",20240101,5.86615384615385,12.1748016223371,18.1134976523803,22.4546254542229,25.6069106153847
"1050887720",20250101,9.51201923076923,NA,NA,NA,7.16557140384615
"1050887720",20260101,9.51201923076923,11.2756076585218,8.27218188330248,6.04878131194593,10.5653895673078
"1050888070",19930101,773.2204,589.375111233334,347.160514678335,319.134063781931,573.818623611109
"1050888070",19940101,463.524466666667,374.879032599728,623.238648290129,635.38411495422,517.113212887502
"1050888070",19950101,691.274933333333,505.267554854083,495.185688184157,465.079578002575,593.547874423611
"1050888070",19960101,960.6304,595.348957345983,561.118079162037,577.797703956433,728.073164265281
"1050888070",19970101,295.096566666667,596.456895229956,538.156289530785,582.393412995498,526.416067618058
"1050888070",19980101,474.006566666667,560.807065428786,552.149996608194,580.677082518753,517.100124583334
"1050888070",19990101,480.720666666667,468.302306744368,471.70768769579,449.713149208487,477.437186598613
"1050888070",20000101,702.348733333333,397.866737570443,484.06563357536,494.659153865338,634.920791444445
"1050888070",20010101,356.928366666667,480.497423820205,558.673182762257,559.458390957844,394.963177468055
"1050888070",20020101,862.433233333333,543.056941909098,613.488626420858,623.394820088036,705.903008484721
"1050888070",20030101,418.214366666667,419.336492410777,614.407872621137,665.702614254976,486.527832237502
"1050888070",20040101,322.907266666667,568.297069752277,574.947382600439,567.66860849285,491.8830225625
"1050888070",20050101,271.975566666667,490.223935325772,451.131225556718,440.915791067984,358.706562968056
"1050888070",20060101,322.535133333333,539.388850328631,539.836620700485,530.273125338194,461.655641602779
"1050888070",20070101,225.286966666667,334.496697564849,304.386264317743,214.228081817175,223.324917815278
"1050888070",20080101,452.6142,481.352235223563,542.248122606628,576.249081300063,434.977000083335
"1050888070",20090101,701.132933333333,406.911284232709,495.161445274347,523.043236346271,625.030097954168
"1050888070",20100101,842.776466666667,541.128861587832,539.337937100233,542.83632846797,645.198770161114
"1050888070",20110101,75.8753666666667,508.039387976022,316.407147022164,301.104875558708,200.587442016667
"1050888070",20120101,1007.13153333333,509.31367491089,665.362177748762,727.683293076099,828.963007774999
"1050888070",20130101,461.802833333333,492.552440635265,450.716661186808,427.625526129817,395.995884887499
"1050888070",20140101,264.702833333333,466.658103348209,340.384908584393,332.298549013526,274.612126693056
"1050888070",20150101,191.429433333333,476.991919106299,326.132045941084,264.385658563839,204.902714508333
"1050888070",20160101,893.441,716.860822458259,652.180249818764,708.527322495743,862.658412377777
"1050888070",20170101,362.510766666667,487.208207397989,588.411725711565,613.293903085204,432.31844686528
"1050888070",20180101,395.011366666667,483.86085649026,385.909999917796,369.546787976407,365.841248347221
"1050888070",20190101,272.483933333333,572.576124238086,449.197410765931,416.944999787181,410.371408004165
"1050888070",20200101,497.495266666667,516.953640966204,550.439017026689,614.160669968664,496.956074458335
"1050888070",20210101,803.171466666667,588.318380702204,594.240468145317,587.477946822503,683.094396823612
"1050888070",20220101,566.242466666667,504.034403951882,648.809662896495,720.599154400994,788.664265255554
"1050888070",20230101,593.354633333333,477.31033166358,440.069858558009,440.747432362538,377.020131658333
"1050888070",20240101,503.556666666667,626.790075866014,471.342659651139,428.869670546729,569.699118131945
"1050888070",20250101,468.765516666667,NA,627.34995420644,654.823384209962,504.249999601391
"1050888070",20260101,468.765516666667,403.726826942987,529.678272283765,500.762563565542,527.410273984724
"1050892990",19930101,1186.63375757576,1387.15914897875,1452.09887249268,1431.66901730138,1291.30398026021
"1050892990",19940101,974.172606060606,1358.88147237338,1388.810624645,1411.1170560808,1202.26598237966
"1050892990",19950101,1353.40806060606,1367.0791283182,1380.81960740758,1410.49973269032,1242.71029399737
"1050892990",19960101,1547.83006060606,1320.25477642246,1493.77025958038,1552.56866339021,1703.97670975169
"1050892990",19970101,1464.43878787879,1421.62500556174,1424.36118102161,1332.33768774223,1305.37695581612
"1050892990",19980101,1429.22115151515,1324.92622039848,1338.67340081571,1296.08602955984,1254.30985491748
"1050892990",19990101,1639.99606060606,1424.65013935554,1264.06503656302,1162.52196886054,1396.58765045314
"1050892990",20000101,1176.22984848485,1416.31759173176,1292.77327032724,1224.18744060547,1261.91454942005
"1050892990",20010101,1461.65833333333,1352.52594301548,1321.88727530128,1326.44459812857,1263.05083529693
"1050892990",20020101,1138.66357575758,1337.99180529733,1273.75012325888,1204.51721576,1220.28825759419
"1050892990",20030101,1874.06184848485,1324.63223243761,1407.01844802901,1439.47478257101,1554.512061997
"1050892990",20040101,1591.6136969697,1350.14779197203,1487.00443047085,1564.55294220711,1703.71193719714
"1050892990",20050101,1716.09854545455,1420.27541849149,1440.15411655257,1503.75591381996,1698.27702550925
"1050892990",20060101,1103.40045454545,1441.08037146219,1311.47783580344,1311.16441851378,1272.18713578457
"1050892990",20070101,1363.35478787879,1334.23819532496,1372.20809042545,1379.80337566496,1230.61624629161
"1050892990",20080101,1841.64533333333,1381.11799792023,1514.32411933722,1623.34299599805,1704.51720336546
"1050892990",20090101,1090.51575757576,1317.31636042654,1269.02623941142,1208.31109129032,1232.26911561423
"1050892990",20100101,1321.3366969697,1281.67602411027,1343.59069885813,1374.23864900608,1240.89543852033
"1050892990",20110101,1038.08936363636,1342.56997789973,1381.56910313945,1385.19259658621,1184.20703381338
"1050892990",20120101,1564.20121212121,1337.70606399593,1422.89467116788,1467.84380977828,1664.36212146265
"1050892990",20130101,1414.50163636364,1415.14761047281,1403.46274053033,1432.0534739958,1310.63758849732
"1050892990",20140101,1083.90509090909,1352.44919236786,1442.80691906836,1370.36613644511,1233.83137948104
"1050892990",20150101,1332.53363636364,1403.28390576713,1211.33621700718,1160.57090118653,1380.58274520315
"1050892990",20160101,1101.48524242424,1325.56317775441,1342.02791020498,1379.98969431978,1216.1842642312
"1050892990",20170101,1823.88306060606,1458.56084630986,1480.27791296858,1535.12296548628,1706.43363245828
"1050892990",20180101,1170.87636363636,1434.75921970799,1254.41597242326,1178.25846075375,1298.7805998634
"1050892990",20190101,1167.16590909091,1337.528101163,1345.31010458836,1358.4548246662,1227.25072500678
"1050892990",20200101,1719.03487878788,1406.09628900891,1448.48388719127,1598.35503043465,1697.19925391151
"1050892990",20210101,1016.78124242424,1443.82420551679,1359.87111405388,1429.65894117252,1302.23326565395
"1050892990",20220101,1358.48657575758,1306.40826267987,1266.84496385307,1215.79171479452,1240.33311336452
"1050892990",20230101,2074.65181818182,1361.18443481534,1395.15824367569,1440.86106040332,1544.72266529724
"1050892990",20240101,1292.03463636364,1327.80731973854,1478.12713839593,1464.63729008778,1658.69565250022
"1050892990",20250101,1355.94731818182,1368.97299510755,1312.30259417991,1305.02832190096,1261.71551439093
"1050892990",20260101,1355.94731818182,1357.40447793255,1266.95301556986,1302.42175456113,1263.39445520371
"1050893000",19930101,86.2384705882353,67.3859721564232,67.5040049726514,69.3131719089771,67.8236206212309
"1050893000",19940101,14.4817647058824,97.721442613045,61.015368061244,59.4461531912768,33.80168295472
"1050893000",19950101,28.2123529411765,47.6530874745614,69.4996552697755,70.5978774241265,59.4582704380282
"1050893000",19960101,36.325,61.6707518250354,91.970866742756,88.9681407604843,93.1269286716871
"1050893000",19970101,80.2735882352941,72.4361214702616,87.525604062536,90.357522730951,100.817123455726
"1050893000",19980101,148.655529411765,113.091327710262,89.4992570126275,86.4141528398674,128.213766021769
"1050893000",19990101,110.328764705882,101.318786664143,73.2651062467578,70.1332198172985,93.3341866605256
"1050893000",20000101,17.7861176470588,63.2116385984974,33.9385208109701,38.0414451102256,27.6843208960634
"1050893000",20010101,121.696294117647,63.9805070222845,70.8855158339329,73.3271188954449,89.4711128597562
"1050893000",20020101,145.456764705882,45.6770908234075,115.864465438598,115.022381892112,95.3790032106873
"1050893000",20030101,213.806823529412,118.021734074096,87.5853938520441,86.8706883351864,128.649262491972
"1050893000",20040101,68.7377647058824,74.7985643300378,90.9236415534216,91.7528244106319,99.5669385866081
"1050893000",20050101,160.656588235294,56.5885891898413,88.5288973243494,85.8333698316659,99.1046998396222
"1050893000",20060101,19.2622352941176,34.6576426985628,60.0023456590796,61.8600156575965,26.7817220279977
"1050893000",20070101,154.639294117647,69.81743633597,69.6577907450348,70.4156029454162,79.4735170163766
"1050893000",20080101,22.6642941176471,51.2756975628905,63.8022227011859,65.1530322074704,27.7407878756038
"1050893000",20090101,6.88129411764706,83.7361214435803,69.2839672059477,66.6771202289451,47.1910199911288
"1050893000",20100101,103.835235294118,105.436740314203,106.481485693694,105.578004661677,105.406240278243
"1050893000",20110101,19.1684705882353,63.2861536048924,95.8850869560689,97.506461210503,92.5292611408032
"1050893000",20120101,100.856470588235,61.7666516474493,65.9688928360637,68.1459250452062,59.2953003084821
"1050893000",20130101,26.6862352941176,60.4862052291218,59.2883820253326,56.7446318728037,26.24968237822
"1050893000",20140101,38.3866470588235,90.1362033586917,70.4346237538262,72.0487510684534,76.7828203221433
"1050893000",20150101,9.22858823529412,55.8272610632102,72.0482685518255,71.8095679631705,71.9338219610492
"1050893000",20160101,129.388176470588,71.0755168087806,89.7079630647101,89.5755902337027,102.992866865532
"1050893000",20170101,12.45,11.1982521077252,0,0,26.5174797366812
"1050893000",20180101,13.0476470588235,88.5223130143684,1.9409202735007,2.02543756799749,31.1189713853801
"1050893000",20190101,16.7827058823529,59.3151241893368,29.0168697532174,28.8038353396627,26.0926157909651
"1050893000",20200101,82.3976470588235,64.9996219902495,25.8760893030434,27.1532997666483,31.146882669708
"1050893000",20210101,12.0524705882353,83.675903467262,39.6021122175217,38.3631305425483,31.1999634589095
"1050893000",20220101,15.9425294117647,22.728366337043,41.4736562170945,39.7713750358927,26.5174797366812
"1050893000",20230101,42.7163529411765,40.1455688293908,72.883888837955,74.1425202262,85.3229336761675
"1050893000",20240101,37.5289411764706,47.8764987612017,55.2875302820934,56.8903112308001,26.4819952632488
"1050893000",20250101,37.9577941176471,NA,59.5365203653056,59.539733471835,28.4118474418083
"1050893000",20260101,37.9577941176471,53.7979784340246,63.3089454271295,63.3567980421709,26.6174339083667
"1050908780",19930101,1591.3358,1464.5335244858,1434.05782055181,1418.71464881969,1466.32514786667
"1050908780",19940101,984.669666666667,1086.14279358486,1097.87975474617,1049.43839842651,1135.26153698333
"1050908780",19950101,1978.58876666667,1236.28599643563,1124.24439810021,1124.33211572365,1624.14184691666
"1050908780",19960101,2314.18036666667,1833.83901152548,1914.9924142626,1964.03478157726,1994.41918770002
"1050908780",19970101,1267.55776666667,1959.82718153229,1730.1509854446,1637.29253753837,1460.42180671667
"1050908780",19980101,1308.40996666667,1642.88874716753,1622.24098365785,1607.76277262577,1368.03427536668
"1050908780",19990101,1082.651,1513.66619145711,1342.30974387004,1300.97499123601,1125.19778354999
"1050908780",20000101,1361.00183333333,1186.04124617618,1347.26992755474,1451.97186112763,1297.16940776666
"1050908780",20010101,1041.25103333333,1138.97960034552,1405.81848440733,1468.83123354673,1215.14521935
"1050908780",20020101,1270.5471,1649.85536958492,1503.82677594611,1486.13213555553,1428.10560370001
"1050908780",20030101,1375.54533333333,919.383334661253,910.57408033198,899.4138143164,1117.52790096666
"1050908780",20040101,1188.43996666667,1458.78626676252,1145.71688463751,1009.88413868287,1141.69798361666
"1050908780",20050101,1112.94853333333,1374.49206766147,1413.75572626233,1420.60185666404,1272.71355391667
"1050908780",20060101,1530.45323333333,1380.97789772025,1440.15473103988,1506.00393009129,1517.28019836665
"1050908780",20070101,459.696466666667,712.812690751149,852.929113385288,860.955857482705,672.327445649994
"1050908780",20080101,1005.03193333333,1290.42118131789,1308.6641645025,1376.57659904172,1049.90136133334
"1050908780",20090101,1212.05113333333,1011.84233628843,1083.15744763525,1093.66549810898,1245.94277835
"1050908780",20100101,2281.28383333333,1589.97027443197,1386.50570126566,1328.0995651919,1808.24517641666
"1050908780",20110101,340.557133333333,1507.33909263263,1215.88363557758,1103.16797189657,724.886338233328
"1050908780",20120101,2535.62246666667,1371.374840686,1558.43578075534,1538.46860377621,2032.56083119999
"1050908780",20130101,888.757733333333,1444.05607695755,1600.85879604665,1604.29203914025,1215.18863916668
"1050908780",20140101,709.571733333333,1243.61358769054,1298.66806539232,1309.2251891545,921.739352933324
"1050908780",20150101,342.775766666667,1362.376881709,841.697674535873,591.766121636367,581.560166433335
"1050908780",20160101,3166.3257,2191.05115015977,2653.67527441863,2816.36182762329,2641.88277526664
"1050908780",20170101,1435.83363333333,1127.47190516895,1022.00233364982,1096.49871200334,1377.04295685001
"1050908780",20180101,1725.5619,1152.91040513807,1153.81196225168,1100.32697224925,1543.83543776668
"1050908780",20190101,1685.79073333333,1497.75905502557,1865.65759275008,2074.7815110483,1723.46298785002
"1050908780",20200101,1435.1021,1647.29886647766,1432.43299723575,1349.07969607804,1663.08356956666
"1050908780",20210101,3051.28713333333,1327.80429543515,1895.98989159548,2231.84910255239,1889.85735310001
"1050908780",20220101,1711.90343333333,1302.55664205782,1147.56445400186,1102.04798906279,1236.81351005
"1050908780",20230101,1985.56606666667,1367.46667711284,806.156949245225,497.9896843805,656.048424999999
"1050908780",20240101,973.451866666667,1822.32001924486,1867.25693174059,1947.74890568384,1865.89742656669
"1050908780",20250101,1334.7059,NA,NA,NA,1285.45745636666
"1050908780",20260101,1334.7059,1182.44772627497,1256.20618035349,1291.57074904822,1285.57656649998
"1050909040",19930101,793.497966666667,733.62792123194,698.081070419338,739.382079513143,769.226265583335
"1050909040",19940101,473.8816,780.8549786628,676.767952735963,744.89963841339,552.009375016669
"1050909040",19950101,511.1747,696.685258706554,639.646881516779,658.906332048878,508.896989599994
"1050909040",19960101,875.483833333333,671.360706952339,1098.8142988191,1168.34067826994,1024.43353596668
"1050909040",19970101,1216.85553333333,645.89725702593,924.526663147356,905.580045698086,1155.83497558334
"1050909040",19980101,376.4615,713.496881927559,856.207418638816,875.75673428758,559.680707533331
"1050909040",19990101,1488.10343333333,651.943522534443,952.644570876032,999.024003388038,1331.94410011667
"1050909040",20000101,1384.13583333333,678.107120110692,714.023140729053,635.323346771437,1061.66236208334
"1050909040",20010101,291.067766666667,946.973907644448,652.813558613675,612.209263444844,478.22577848333
"1050909040",20020101,1410.81463333333,969.716618761553,720.823553747663,739.462773321731,1182.65601538334
"1050909040",20030101,996.8425,849.781729745814,930.27066851676,897.696778527434,965.432868200013
"1050909040",20040101,436.045766666667,575.57526173915,462.020203836353,461.73064698124,379.513821183333
"1050909040",20050101,490.386466666667,635.162185242245,640.344095470454,649.432235742711,514.692790049996
"1050909040",20060101,601.53,880.738694983806,929.327187143164,932.984674998724,823.826724866678
"1050909040",20070101,438.3042,704.473673149988,364.25830675901,416.318323091407,415.813725983337
"1050909040",20080101,1148.71793333333,939.953601108576,1262.31600036903,1248.51585166106,1137.20885246667
"1050909040",20090101,1485.20766666667,611.184370548566,989.668588405454,953.514605870447,1307.69698516668
"1050909040",20100101,1484.1357,902.751294867597,860.061578937989,900.191584903326,1179.23658955
"1050909040",20110101,311.255033333333,474.426861092165,242.421619013129,196.498830258488,353.533196466663
"1050909040",20120101,1193.1659,1058.86836379266,1128.8786531728,1037.34589461752,1180.80552143334
"1050909040",20130101,665.299933333333,603.610816734833,383.361488067177,449.416750866495,519.041931250003
"1050909040",20140101,180.6621,632.27753402429,434.977302315487,460.655517324177,288.777314983332
"1050909040",20150101,217.5232,702.70463222427,398.790540940824,354.322019720806,310.659084266667
"1050909040",20160101,1037.3726,816.244436950815,1109.45490480652,1038.5249529025,1017.16921293334
"1050909040",20170101,293.293433333333,785.620682996029,831.490642541192,846.987196371857,432.437160866669
"1050909040",20180101,137.828366666667,564.423396656824,602.630752280088,559.494269893761,255.676893933331
"1050909040",20190101,143.447966666667,800.023512642829,613.126580671203,598.463376009256,260.037058
"1050909040",20200101,829.0381,745.527126438754,1035.30685160461,1001.02725580264,1101.52011305001
"1050909040",20210101,1054.8468,923.733185926186,541.839937245735,535.064087077351,402.331734449999
"1050909040",20220101,833.513,747.119990457584,746.455556697228,732.783220039108,831.56160301667
"1050909040",20230101,1072.89763333333,547.504877278269,643.158103457982,643.775843974661,464.350346466665
"1050909040",20240101,1073.3464,815.127407062859,592.708624271612,618.214627974579,345.594982283332
"1050909040",20250101,811.268033333334,795.882343730537,949.028412492786,1026.57214727455,1018.99159943334
"1050909040",20260101,811.268033333334,867.278377941287,776.015377509581,812.785195101716,760.503005466673
"1050909890",19930101,3561.07686666667,3328.28273782268,3326.7422275213,3635.54174513037,3527.63168774103
"1050909890",19940101,2275.89933333333,3342.64819192069,3619.72163418624,2990.80107632621,3130.07345326186
"1050909890",19950101,4148.93343333333,3325.42767895383,3525.73489641722,3978.85824391507,3651.22347316092
"1050909890",19960101,4749.3818,3583.17437943338,3392.38075840082,3964.3363724986,3813.13158928803
"1050909890",19970101,4006.45156666667,3632.72217299597,3285.64236161432,3120.93048112541,3410.91472845763
"1050909890",19980101,3168.08156666667,3875.47230110124,3557.14231378461,3985.32514783262,3733.75723724151
"1050909890",19990101,4317.8685,3723.53308052627,3563.91740618596,3670.78254997127,3748.38806593169
"1050909890",20000101,3757.021,3152.34098724852,3570.17871441587,3331.99403855771,3492.74112288065
"1050909890",20010101,2744.0873,3432.97824743097,3657.26709298414,3519.7074027588,3326.61587688265
"1050909890",20020101,3836.23226666667,3657.21557276558,3495.73386372408,3657.64738504711,3749.25199766767
"1050909890",20030101,4307.88576666667,3232.75346984596,3359.53529235731,3777.626953901,3631.65330836621
"1050909890",20040101,3009.16716666667,3383.52061362213,3445.22759985454,2910.56366447011,3119.21557816336
"1050909890",20050101,3442.55826666667,3363.99601805936,3379.02812101629,3307.84944512306,3502.20824016677
"1050909890",20060101,3120.79566666667,3850.59822681577,3633.80435960557,3529.77638937181,3484.11729641993
"1050909890",20070101,2327.85323333333,3071.62897391362,3658.10167375053,3540.96906946684,3247.18537843756
"1050909890",20080101,4113.0164,4046.6556202273,3452.60406120784,3612.62914903074,3872.73185564221
"1050909890",20090101,3683.33126666667,3368.22350873534,3598.41757013654,3736.99727831538,3587.91884036074
"1050909890",20100101,5257.03143333333,3488.87729475795,3519.12833083481,3530.99515830074,3709.4404600571
"1050909890",20110101,1623.84623333333,3483.39758527984,3285.43358007635,2784.81953802281,2666.92681849488
"1050909890",20120101,5304.6186,3514.14206130968,3631.95349885821,3507.42822075104,3687.90067022639
"1050909890",20130101,3008.5347,3540.79929516938,3592.22876019075,3337.48232959825,3672.78351732901
"1050909890",20140101,2009.1779,3749.23862809635,3260.20791193077,3866.51157022714,3007.90704746864
"1050909890",20150101,1914.7609,3609.57115178223,3430.97485056545,3670.42650606613,3658.74235377337
"1050909890",20160101,5609.9699,4115.03678457389,3617.28327283856,3861.77492031123,4232.89283442029
"1050909890",20170101,3437.80133333333,3358.61648608542,3522.10286297116,3556.9428535403,3537.23974718638
"1050909890",20180101,2971.17906666667,3171.13428703086,3632.16147281494,3930.98137953864,3447.85288153108
"1050909890",20190101,2906.35816666667,3486.64333641496,3536.63827712785,2622.46249667302,3133.6891146914
"1050909890",20200101,3955.506,3617.50521011251,3583.74204855297,3595.14190068312,3688.35427028335
"1050909890",20210101,4895.08983333333,3575.63101336936,3654.39954921932,3227.1835141308,3504.76612378044
"1050909890",20220101,3727.90156666667,3620.36026898136,3438.12706516374,3472.366192707,3671.38962182434
"1050909890",20230101,5019.93766666667,3378.34143665653,3572.72334504651,4203.38737491016,3628.10838875873
"1050909890",20240101,3333.1618,4213.83183918656,3370.95928533295,3409.6922072789,4081.41725621136
"1050909890",20250101,3622.20406666667,NA,3749.14460994734,4120.74981764135,3489.78465154241
"1050909890",20260101,3622.20406666667,3346.49500808082,3685.83093462802,3292.96233412859,3329.26038670483
"1050909900",19930101,2364.9818,2054.77352076699,1929.5051138471,1878.40307407555,2083.33160106665
"1050909900",19940101,1311.5825,1716.28789676703,1974.26544030381,1931.11797735012,1619.86069236667
"1050909900",19950101,2729.08226666667,1578.15625326598,2733.4640274871,3035.69981188205,2561.57847916666
"1050909900",19960101,3200.60903333333,2898.10246530069,2151.31534555108,2106.68239150837,2755.23334013332
"1050909900",19970101,2496.29906666667,3012.88595095826,2656.70042098246,3067.22933167405,2727.00874726665
"1050909900",19980101,1705.29873333333,2688.61763868746,2535.163933556,2329.0909494001,2068.55621138335
"1050909900",19990101,2607.28973333333,2308.90433957603,2579.37864975901,3075.25679637073,2539.90516375
"1050909900",20000101,2616.1221,1917.08015221334,2476.52763025364,2532.50749684948,2256.98753168334
"1050909900",20010101,1286.4015,1686.75202780284,1725.16223251604,1385.5469426066,1441.33814934999
"1050909900",20020101,2638.11006666667,2396.55761907161,2429.21311593288,2277.89380904108,2323.47634868335
"1050909900",20030101,2330.80813333333,1477.0160596373,1586.6899900676,1456.0200541874,1816.21242129997
"1050909900",20040101,1407.26996666667,1855.34248610693,1765.75896430472,1763.01058758172,1747.11009799999
"1050909900",20050101,1600.69723333333,2073.09176218658,2525.74351187434,2527.18795830339,1802.93210318332
"1050909900",20060101,2054.76573333333,2205.89651903711,1799.17944796089,1837.66499256706,2125.96281401665
"1050909900",20070101,914.1453,1242.13990496986,1607.93862018063,1473.265363487,1153.33980991666
"1050909900",20080101,2248.24753333333,2217.34265329615,1725.58190916993,1969.54729902344,2069.97006834998
"1050909900",20090101,2602.98596666667,1679.95937101442,1992.63923267837,1762.82656781747,2267.40745354999
"1050909900",20100101,3842.0248,2429.39072954059,2891.48161175164,3169.68178165558,3397.26150251662
"1050909900",20110101,585.390466666667,1913.11812830762,1592.70137183987,1474.50180477467,1024.84235483333
"1050909900",20120101,3701.25246666667,2194.74095914486,1778.48925336011,1709.14101192064,3026.65676716665
"1050909900",20130101,1552.93356666667,2401.1007577777,1668.55409580697,1560.60148745831,1554.62386046667
"1050909900",20140101,901.335433333333,2066.11145915561,2220.96149882169,2241.55341300371,1362.32769526667
"1050909900",20150101,555.671533333333,2219.60861907664,1719.15841045481,1274.87616918316,1037.74477353334
"1050909900",20160101,4417.06903333333,3356.57865066427,3264.32644880053,3550.11892792704,3970.72823781657
"1050909900",20170101,1656.32513333333,1653.41282967922,1818.74442241809,1822.02924826675,1760.58063353331
"1050909900",20180101,1804.485,1726.14133420145,2101.5348681489,2121.23203952545,1817.63110981669
"1050909900",20190101,1747.48473333333,2219.23564498484,1790.74062448409,1766.25141953562,2004.15485798333
"1050909900",20200101,2170.98026666667,2343.79050228268,2085.6472196703,2089.44639013564,2278.52166050001
"1050909900",20210101,3932.56356666667,1971.58428027586,1886.17902379494,1849.19991126902,2018.33794893332
"1050909900",20220101,2386.31643333333,1982.08906391904,1890.40068087308,1865.43052039293,2069.86215628332
"1050909900",20230101,2959.90473333333,2217.42075674655,2068.0745297914,2067.33694821283,2179.30209408334
"1050909900",20240101,2011.20616666667,2978.76648363288,1431.01222965321,1197.18618447233,1671.26101006667
"1050909900",20250101,2209.6139,NA,2187.32978884876,2208.13891579151,1367.81331421667
"1050909900",20260101,2209.6139,1899.93700014194,2047.36254102104,1989.34402635679,2071.65084573334
"1050915980",19930101,680.801516129032,936.877790421715,786.762875287811,760.267549876138,753.419313801077
"1050915980",19940101,732.909903225806,880.634819177265,821.454626323627,873.825927155159,769.256708496775
"1050915980",19950101,877.09564516129,829.701671375412,764.624154856366,746.925930518851,825.723916937098
"1050915980",19960101,1019.11035483871,961.77216381131,952.561231302793,982.150665064468,1067.70599205538
"1050915980",19970101,1049.30367741935,852.75202659679,996.442817783807,962.994574935629,1051.91609302419
"1050915980",19980101,634.144225806452,797.347792256547,897.91479665958,918.556194797162,747.229166410219
"1050915980",19990101,893.236838709677,799.078881526598,784.664759540471,781.837497283338,793.087176159142
"1050915980",20000101,870.563870967742,829.800190046875,874.07536367548,840.909301641493,828.82580248871
"1050915980",20010101,789.438903225806,795.90801457724,1032.76770447058,1066.45509844201,934.282393943015
"1050915980",20020101,748.07035483871,904.269744429272,848.51889113861,884.678029533963,765.866030212904
"1050915980",20030101,1063.96625806452,869.030620090289,954.763120796975,965.354019346436,1036.02108282312
"1050915980",20040101,799.575967741936,872.878390105581,832.744920882485,824.610163353831,816.553353101076
"1050915980",20050101,1331.32961290323,968.219584977614,1100.39801737009,1009.17949778941,1203.29359596882
"1050915980",20060101,701.211580645161,944.080579412887,666.801941630354,661.507066368081,671.170135922044
"1050915980",20070101,649.051903225806,906.01035027003,650.207727030716,718.427322233007,652.299991658603
"1050915980",20080101,1458.29458064516,929.691710901167,1154.86032416053,1169.52371076088,1260.05410770108
"1050915980",20090101,1048.56435483871,797.467778739041,1125.35662727589,1092.60786142721,1040.29121463011
"1050915980",20100101,1144.58970967742,834.38087672055,984.663247144016,932.09820267796,1032.76785069086
"1050915980",20110101,898.503935483871,878.013444379191,830.336201263822,883.801743045754,822.627919409677
"1050915980",20120101,1195.41529032258,945.657443475657,1071.08347570457,1030.27797899083,1134.42645892527
"1050915980",20130101,665.439967741935,908.055710893354,826.869326602351,840.113498688613,738.382487709141
"1050915980",20140101,459.192225806452,923.882589465378,600.808237954976,666.948897157501,573.426500560217
"1050915980",20150101,437.865451612903,828.988542589806,641.959111762919,628.034385163159,574.359261148927
"1050915980",20160101,1295.56596774194,984.079380272243,1009.68360545548,1008.256221067,1158.53747451344
"1050915980",20170101,891.047580645161,995.581917629113,1095.91719990489,1095.93010333768,1066.49855916452
"1050915980",20180101,909.814096774194,908.930111153984,948.757872036728,932.499526311996,930.548844107527
"1050915980",20190101,845.057322580645,958.25115055432,815.778846441813,755.08918535744,825.904095216666
"1050915980",20200101,925.508516129032,750.945824167993,665.307870507766,660.029442755458,637.569787072582
"1050915980",20210101,898.559322580645,833.910802330507,959.975231298676,964.888068686575,1041.5779785258
"1050915980",20220101,1181.43603225806,993.544434424706,948.232940407409,988.492888910406,1042.88467322097
"1050915980",20230101,982.254161290323,848.615724246564,1278.22588214301,1246.2514741264,1192.91424515484
"1050915980",20240101,1157.29651612903,1017.86374481191,1105.69356397231,1079.29799185394,1120.84271705914
"1050915980",20250101,895.870387096774,NA,842.138690376205,810.583398337284,760.023797905377
"1050915980",20260101,895.870387096774,943.688208021745,914.25445941324,952.171331545975,918.290025884409
"1050915990",19930101,280.2829,235.961975818416,245.596513457482,240.774439543501,224.759741020958
"1050915990",19940101,186.9519,179.001497203417,215.595543002962,216.641654336634,191.978148323211
"1050915990",19950101,136.074566666667,149.554257653784,173.930364964976,166.986461962007,169.763095355454
"1050915990",19960101,206.157366666667,214.604306159413,212.840230425677,216.965158098546,203.293945785094
"1050915990",19970101,328.7977,237.936123007786,294.031951360573,271.381345712622,297.187675067943
"1050915990",19980101,181.128266666667,276.499453079492,193.285714100461,213.695643818392,215.526860891461
"1050915990",19990101,90.4767333333333,171.866150170953,157.001692451733,140.509652346377,158.785085043975
"1050915990",20000101,106.770733333333,244.7597145181,252.002664450125,252.625093623274,216.131200847207
"1050915990",20010101,180.453533333333,196.274610535777,228.311382821632,234.787882137793,210.471054510626
"1050915990",20020101,49.6329666666667,304.952364897107,239.043669174659,241.395511090487,219.26836807614
"1050915990",20030101,222.227333333333,153.436418539756,164.093664082634,178.649032436082,181.378122043369
"1050915990",20040101,206.875766666667,247.633560431642,244.619276871516,239.042044916765,224.776764745609
"1050915990",20050101,564.308233333333,319.724364028088,231.682197998403,228.664167657859,330.580059305513
"1050915990",20060101,103.270166666667,170.297489092217,258.01040911337,257.494253736549,213.009050612205
"1050915990",20070101,170.155266666667,192.797819896953,206.605224998319,215.32453522501,191.525934089817
"1050915990",20080101,443.8833,273.529353581046,232.4786576563,228.832690778883,246.400379177494
"1050915990",20090101,251.9791,230.077999256795,234.334339276955,231.839560436958,231.944490889037
"1050915990",20100101,212.467633333333,164.463618598354,202.206838192115,206.440479305354,188.845177711013
"1050915990",20110101,128.377933333333,300.4158487604,248.421834118869,238.72815011641,223.488819501719
"1050915990",20120101,455.328566666667,265.74677940903,323.246631451506,321.958674807575,315.65421280163
"1050915990",20130101,211.2381,178.468095687217,247.183650368975,243.357189477924,205.554662172994
"1050915990",20140101,114.414766666667,157.145423802603,146.019278078221,159.175940692966,156.684582179956
"1050915990",20150101,84.2011333333333,194.059307104063,88.1350479639859,89.3340332064588,158.517745927038
"1050915990",20160101,305.270866666667,215.960051941849,263.452084853526,261.719136751428,276.129890949466
"1050915990",20170101,271.909933333333,198.002194037761,259.648733082877,260.445882347973,256.895141888239
"1050915990",20180101,222.849833333333,189.266625258833,208.564332395592,209.565935345656,191.876076538767
"1050915990",20190101,293.687,312.432048705969,263.602972900236,260.886853968157,304.594741451084
"1050915990",20200101,168.102333333333,215.779751360446,222.324206466613,219.606210296406,206.554759408923
"1050915990",20210101,178.121333333333,196.124461998648,253.497987287705,242.868241406608,206.008780720524
"1050915990",20220101,92.1858,192.323988101785,215.453005586041,203.784625416992,192.025313285751
"1050915990",20230101,52.8356333333333,239.998109276675,203.242678757276,206.090070352417,205.883606939745
"1050915990",20240101,236.514466666667,266.600051938073,254.472268138522,250.459149830123,227.645266016754
"1050915990",20250101,196.554633333333,208.503242049422,235.686803754566,238.478014914035,226.311035488011
"1050915990",20260101,196.554633333333,230.858782156512,171.781333719655,178.504829455693,200.002417334053
