"YYYY","Q","pred","HYBAS_ID","p_below","p_normal","p_above","class_hat","entropy"
19930101,1909.40086666667,2024.33759248333,"1050021910",0.22393577071956,0.757964668859623,0.0180995604208176,"normal",0.617755669648853
19940101,2153.02986666667,2257.72449535,"1050021910",0.108988964789065,0.838580359204773,0.0524306760061627,"normal",0.543782194033642
19950101,2683.02743333333,2600.27485559998,"1050021910",0.0270462463707668,0.796134991829221,0.176818761800012,"normal",0.585512089406553
19960101,3570.9438,3584.98237291666,"1050021910",4.39836726109572e-05,0.142730716608437,0.857225299718952,"above",0.410368167155689
19970101,4302.9823,3983.88313948328,"1050021910",1.12285686941598e-06,0.030305825522919,0.969693051620212,"above",0.135820117141921
19980101,1703.7466,1768.47869741666,"1050021910",0.404981160095383,0.590533602334448,0.00448523757016916,"normal",0.701370974060358
19990101,3466.62156666667,3359.29421231671,"1050021910",0.000265871126307713,0.27047203266539,0.729262096208303,"above",0.586098531390469
20000101,3098.9989,3249.13101341668,"1050021910",0.000595574855754952,0.34865705681029,0.650747368333955,"above",0.651374035743443
20010101,1598.6216,1639.08497614999,"1050021910",0.508672121050891,0.489310244538315,0.00201763441079383,"below",0.706097523927803
20020101,2764.77216666667,2881.9277958333,"1050021910",0.00626492121679191,0.633111306505725,0.360623772277483,"normal",0.688988936432672
20030101,2306.59413333333,2088.41065406665,"1050021910",0.187052273895193,0.788231388922695,0.0247163371821123,"normal",0.592596297497835
20040101,1561.12716666667,1561.52771279999,"1050021910",0.570995009102221,0.42779254604104,0.0012124448567391,"below",0.691358811375126
20050101,2963.53696666667,2941.46408666664,"1050021910",0.00442870459626966,0.588910329513777,0.406660965889953,"normal",0.701722609201411
20060101,3127.11293333333,3083.34173233335,"1050021910",0.00183613745052291,0.47767925443902,0.520484608110457,"above",0.704358635085654
20070101,2118.3404,2074.61812326668,"1050021910",0.19465733222687,0.782200501972824,0.0231421658003066,"normal",0.597858237515252
20080101,2865.54753333333,2884.96048951664,"1050021910",0.00615717853489142,0.630915953113024,0.362926868352085,"normal",0.689775757339792
20090101,2514.41843333333,2429.07591013331,"1050021910",0.0571492843281669,0.841605540078912,0.101245175592922,"normal",0.540568743603207
20100101,2974.14026666667,2944.61806256666,"1050021910",0.00434645611428607,0.58651100362437,0.409142540261344,"normal",0.70222609361846
20110101,3044.32363333333,3102.27777613333,"1050021910",0.00162316756405225,0.462622377170656,0.535754455265291,"above",0.701389252657567
20120101,3696.32363333333,3569.65732798331,"1050021910",5.00123493066609e-05,0.149845875757368,0.850104111893325,"above",0.422978826872032
20130101,1666.87636666667,1667.71569238334,"1050021910",0.485529486804003,0.512049591125612,0.00242092207038469,"normal",0.708117244243143
20140101,689.8611,848.028570399992,"1050021910",0.947897581359444,0.0520986593544088,3.75928614737564e-06,"below",0.204699374286083
20150101,1046.13423333333,929.495121349985,"1050021910",0.927815249138437,0.0721767113720525,8.03948951078048e-06,"below",0.259335125361625
20160101,1906.2651,1799.84289824998,"1050021910",0.380551127016542,0.614056827050594,0.00539204593286391,"normal",0.695281150253661
20170101,739.7871,839.990327849992,"1050021910",0.949610733777445,0.0503857835201753,3.48270237926496e-06,"below",0.199696668770222
20180101,1496.71433333333,1476.26309028332,"1050021910",0.637466580928473,0.361858920764035,0.000674498307492,"below",0.659776294828806
20190101,614.114533333333,695.153928016667,"1050021910",0.973480264990953,0.0265188938049068,8.41204140122898e-07,"below",0.122437578515139
20200101,3616.7906,3501.59349539998,"1050021910",8.75043681378316e-05,0.184252184606875,0.815660311024987,"above",0.478667702428582
20210101,1681.8859,1677.44329249999,"1050021910",0.477673704465453,0.519752574101767,0.00257372143277956,"normal",0.708391318670685
20220101,1932.93343333333,2120.44277664999,"1050021910",0.17011174578927,0.801166982104044,0.0287212721066864,"normal",0.580890185402491
20230101,2177.9998,1644.8210214,"1050021910",0.504035431673301,0.493871392126568,0.00209317620013116,"below",0.706648478318197
20240101,3558.88786666667,3627.61203875,"1050021910",3.06206471025767e-05,0.124153010621369,0.875816368731529,"above",0.375463537061035
20250101,2242.29696666666,2169.04044634999,"1050021910",0.146352502259409,0.81783118041015,0.0358163173304411,"normal",0.564961474545976
20260101,2242.29696666666,2019.53601541666,"1050021910",0.226856899364507,0.755471925751468,0.0176711748840251,"normal",0.619689240024887
19930101,26.1199655172414,26.1671549310348,"1050021920",0.613165664332195,0.385394256952529,0.00144007871527574,"below",0.676803148865313
19940101,94.3780344827586,90.914774827586,"1050021920",6.31674449109655e-05,0.126907570650412,0.873029261904677,"above",0.381130963743869
19950101,78.8454137931034,81.1374403965511,"1050021920",0.000660943331198919,0.301387704605468,0.697951352063333,"above",0.617298420186445
19960101,61.7601034482759,63.4486754482751,"1050021920",0.0185198761427682,0.709668214889877,0.271811908967354,"normal",0.671334740657663
19970101,90.5406206896552,89.6121573448285,"1050021920",8.82106949438941e-05,0.144958044992763,0.854953744312293,"above",0.414760587459796
19980101,40.1078965517241,39.5656230517237,"1050021920",0.285965417375665,0.697343547030303,0.0166910355940315,"normal",0.677686483844516
19990101,36.678724137931,36.2533402413792,"1050021920",0.361523686200436,0.628789920240441,0.00968639355912315,"normal",0.70447250314464
20000101,51.6383103448276,50.6442214999996,"1050021920",0.101981058398271,0.820552812377174,0.0774661292245556,"normal",0.593257722684166
20010101,48.8317586206897,48.1973630689657,"1050021920",0.13250972315753,0.810214617272965,0.057275659569505,"normal",0.602131403296832
20020101,30.3418620689655,29.4781949655173,"1050021920",0.530623557467427,0.466569367803862,0.00280707472871122,"below",0.708439217290994
20030101,30.7999310344828,29.4896701379308,"1050021920",0.530333030701615,0.466853594558175,0.00281337474021037,"below",0.708508632886885
20040101,35.6835862068965,36.0327451379306,"1050021920",0.366797046741613,0.623874578634331,0.00932837462405667,"normal",0.705832872364731
20050101,149.131206896552,129.007819499999,"1050021920",1.94906490215665e-10,0.000181660830068986,0.999818338975024,"above",0.00174636067645786
20060101,62.4085517241379,62.6856421724139,"1050021920",0.0208370559224754,0.723221282203023,0.255941661874502,"normal",0.663812130934308
20070101,65.7780689655172,66.0430747413798,"1050021920",0.0122100475492058,0.658622466057682,0.329167486393112,"normal",0.694602370544664
20080101,82.8861034482759,83.3774122931026,"1050021920",0.00039861359976913,0.253879383200662,0.745722003199569,"above",0.569959008590505
20090101,44.1446206896552,45.4198730172415,"1050021920",0.174167649122327,0.78618941365102,0.0396429372266527,"normal",0.621484175716915
20100101,67.1942413793103,66.4911524482758,"1050021920",0.0113343026202111,0.649116501250261,0.339549196129527,"normal",0.698047441744327
20110101,82.349,83.5553795689653,"1050021920",0.000382603184427977,0.250277121396699,0.749340275418873,"above",0.565922202735429
20120101,71.0393103448276,69.5823336034488,"1050021920",0.00664834417571413,0.579226195240581,0.414125460583705,"normal",0.714711597974118
20130101,51.5651034482759,50.6244625172409,"1050021920",0.102205127357357,0.820511041851912,0.077283830790731,"normal",0.593294238228089
20140101,18.1479655172414,19.6734475344826,"1050021920",0.758315053326118,0.241339995341527,0.000344951332354348,"below",0.555619183203888
20150101,17.185724137931,18.839521913793,"1050021920",0.774566616441707,0.225149579939402,0.000283803618890688,"below",0.535878017859732
20160101,28.8150344827586,29.2480584310346,"1050021920",0.536446472453539,0.460870142586401,0.00268338496006015,"below",0.70698811295039
20170101,22.8982068965517,23.6620169310347,"1050021920",0.672572293709151,0.326582087432014,0.000845618858834718,"below",0.638225522473374
20180101,46.903,48.3760217241376,"1050021920",0.130087633254263,0.811318886157205,0.058593480588532,"normal",0.601199258688282
20190101,24.9907931034483,30.3635248620688,"1050021920",0.508172830243444,0.488494878962912,0.00333229079364405,"below",0.712977578501828
20200101,115.906,111.761109982758,"1050021920",1.23257755458823e-07,0.00679981598713242,0.993200060755112,"above",0.0407156557485428
20210101,29.3824482758621,29.044819948276,"1050021920",0.541582369100062,0.455839363428726,0.00257826747121148,"below",0.705613134524096
20220101,36.7219310344828,35.9834658620686,"1050021920",0.367978559847942,0.622771443737849,0.00924999641420854,"normal",0.70612780020012
20230101,45.431275862069,42.7058614999999,"1050021920",0.222111668142436,0.750935067161367,0.0269532646961975,"normal",0.646678260645172
20240101,76.0936551724138,80.5220735862066,"1050021920",0.000756917452851036,0.315087771509641,0.684155311037508,"above",0.62902059611625
20250101,47.8673793103448,45.3640564482756,"1050021920",0.175082181434342,0.785577855372755,0.0393399631929029,"normal",0.62195367473295
20260101,47.8673793103448,47.1173070172415,"1050021920",0.147812391275456,0.802388637760948,0.0497989709635959,"normal",0.608630078826689
19930101,511.49,500.0086567931,"1050021940",0.0577154266326273,0.728440923143869,0.213843650223503,"normal",0.725279311009659
19940101,725.450068965517,728.238960086211,"1050021940",0.00010474473931172,0.0900359414552868,0.909859313805401,"above",0.303675705782735
19950101,727.014206896552,751.625787862067,"1050021940",4.32096412626335e-05,0.059518567145616,0.940438223213121,"above",0.226115573224449
19960101,485.840965517241,480.819589120683,"1050021940",0.0815224740472485,0.753075786994967,0.165401738957784,"normal",0.715551342944668
19970101,393.202586206897,398.374980224138,"1050021940",0.266190780760201,0.693144645260677,0.0406645739791212,"normal",0.736587833382833
19980101,410.442137931034,420.908497499997,"1050021940",0.201866363924198,0.735425075478313,0.062708560597489,"normal",0.722673462834523
19990101,260.307344827586,263.992539758622,"1050021940",0.736164769749064,0.262480743948631,0.0013544863023055,"below",0.585522066420689
20000101,513.785206896552,520.126003327583,"1050021940",0.0390125254730609,0.688443918229616,0.272543556297323,"normal",0.737857379474837
20010101,484.262344827586,489.709959568963,"1050021940",0.0697048202577831,0.743403039147235,0.186892140594981,"normal",0.71954930051072
20020101,362.729551724138,345.046702155174,"1050021940",0.449878784485965,0.537622183105696,0.0124990324083391,"normal",0.747772842911426
20030101,538.797275862069,476.486952810347,"1050021940",0.0878027119649268,0.75666473666058,0.155532551374493,"normal",0.714009578403425
20040101,246.053310344828,282.223171413795,"1050021940",0.6776660756763,0.319996191846232,0.00233773247746849,"below",0.642462058802445
20050101,793.475827586207,767.782159310351,"1050021940",2.28238920903708e-05,0.043660003250923,0.956317172856987,"above",0.17967202923901
20060101,869.884103448276,796.728045465517,"1050021940",6.88836673006705e-06,0.0238454697455865,0.976147641887683,"above",0.112737989156135
20070101,602.470931034483,590.209772241382,"1050021940",0.00781878980333237,0.47229584062292,0.519885369573748,"above",0.73230472068305
20080101,669.024310344828,642.757961017245,"1050021940",0.00181651864611111,0.292443401118524,0.705740080235365,"above",0.616974520377697
20090101,437.987068965517,462.172334620685,"1050021940",0.111113848043741,0.763148702726331,0.125737449229928,"normal",0.711144302276859
20100101,354.167275862069,339.569333068966,"1050021940",0.470196463940567,0.518868711748339,0.0109348243110936,"normal",0.744623993873014
20110101,482.05824137931,518.910475431038,"1050021940",0.0399814309541374,0.69123583401389,0.268782735031973,"normal",0.737110107169907
20120101,579.008689655172,552.945947706894,"1050021940",0.0192731494106912,0.598028858017694,0.382697992571615,"normal",0.751151765389581
20130101,360.326655172414,385.207514499998,"1050021940",0.308076031412822,0.660909507539448,0.0310144610477303,"normal",0.744161944522869
20140101,160.695172413793,251.48277734483,"1050021940",0.772915424331948,0.226167599869115,0.000916975798936459,"below",0.541699022609846
20150101,180.972586206897,189.472794,"1050021940",0.907915732681759,0.0919745094995508,0.000109757818690159,"below",0.308182320045987
20160101,263.772137931034,273.034221103446,"1050021940",0.707832053493558,0.29038643896258,0.00178150754386208,"below",0.614942950662387
20170101,128.493965517241,129.446635224137,"1050021940",0.97055640030713,0.0294332140634489,1.038562942135e-05,"below",0.132895661933221
20180101,483.330620689655,479.578095655173,"1050021940",0.0832863788661558,0.754180392754732,0.162533228379112,"normal",0.715080178986686
20190101,46.8535862068966,93.0622202068963,"1050021940",0.987095840364957,0.0129020112372338,2.14839780887655e-06,"below",0.0689771281274922
20200101,796.29275862069,755.617190034489,"1050021940",3.69810238051025e-05,0.0552334723210868,0.944729546655108,"above",0.214057908684636
20210101,422.970551724138,342.319492051724,"1050021940",0.459982007910025,0.52832047171898,0.0116975203709943,"normal",0.746338313107104
20220101,321.354413793103,283.454385793103,"1050021940",0.673527710678829,0.324049133045049,0.00242315627612233,"below",0.645947710451112
20230101,471.354379310345,274.555593000002,"1050021940",0.702929070579596,0.295206566960582,0.00186436245982158,"below",0.619674819867212
20240101,471.272068965517,458.352505189651,"1050021940",0.118023412010912,0.763467855393716,0.118508732595372,"normal",0.71100061786992
20250101,471.313224137931,416.935308931034,"1050021940",0.212481721573965,0.729259570042638,0.0582587083833974,"normal",0.724980119435284
20260101,471.313224137931,440.273192120687,"1050021940",0.154825142902365,0.756898252892476,0.0882766042051589,"normal",0.713908170591673
19930101,3699.25313333333,3742.66723094998,"1050022420",0.0804385254986192,0.831822533672386,0.0877389408289949,"normal",0.569397784791764
19940101,2549.9019,2424.57843759999,"1050022420",0.869940773679639,0.130007649106503,5.15772138578452e-05,"below",0.386954831611086
19950101,4988.55023333333,5063.74130048337,"1050022420",4.1409422080434e-05,0.119126915402351,0.880831675175569,"above",0.365635874313015
19960101,4937.98873333333,5023.82690375005,"1050022420",5.68019736578161e-05,0.135044885230281,0.864898312796062,"above",0.396469376122554
19970101,4366.1077,4336.90497150002,"1050022420",0.00551193593854672,0.579603394910571,0.414884669150883,"normal",0.709785621967894
19980101,3279.27906666667,3413.74786091665,"1050022420",0.220286957984706,0.756180506893156,0.0235325351221383,"normal",0.63282133232861
19990101,4706.45836666667,4561.11931411664,"1050022420",0.00147929035302484,0.413376951022831,0.585143758624145,"above",0.688391839691877
20000101,4044.23006666667,4195.5233609667,"1050022420",0.0115808845535815,0.675000358371292,0.313418757075126,"normal",0.680568913237768
20010101,2757.81766666667,2765.02277096665,"1050022420",0.681929640641979,0.3174514952289,0.000618864129120711,"below",0.629887683401835
20020101,3976.93643333333,4197.22573555003,"1050022420",0.011482359741445,0.673940493280383,0.314577146978172,"normal",0.681053669297796
20030101,4556.26653333333,4330.94205091665,"1050022420",0.00569494486085632,0.583873479901195,0.410431575237949,"normal",0.709106063668784
20040101,3048.4826,3077.35299478336,"1050022420",0.449873039956428,0.545869713205237,0.0042572468383355,"normal",0.713050753448056
20050101,3874.14536666667,3756.82029978337,"1050022420",0.0764625954976885,0.831392763320553,0.0921446411817581,"normal",0.569810208061145
20060101,3707.87653333333,3646.56014553331,"1050022420",0.111653038529859,0.826463686467897,0.0618832750022443,"normal",0.574497495499707
20070101,2656.8366,2640.55709623334,"1050022420",0.761718195836665,0.238020389501711,0.000261414661623882,"below",0.551134131681695
20080101,4413.23533333333,4421.46736121666,"1050022420",0.00342405964067052,0.517629295776622,0.478946644582708,"normal",0.712879202569295
20090101,4002.9134,3886.57601694997,"1050022420",0.0466578576955746,0.812998750310059,0.140343391994367,"normal",0.586901093076762
20100101,5347.7863,5273.23903211662,"1050022420",7.19145575690676e-06,0.0569324912751263,0.943060317269117,"above",0.218534314826546
20110101,1838.77793333333,2101.56260518332,"1050022420",0.959567675224764,0.0404289688862099,3.35588902600215e-06,"below",0.169350563769446
20120101,5290.0559,5288.47404628333,"1050022420",6.29376349592943e-06,0.0536689929439205,0.946324713292584,"above",0.2092611572567
20130101,3283.81076666667,3185.88537701666,"1050022420",0.369129733354268,0.62316912950095,0.00770113714478216,"normal",0.700073973472352
20140101,2228.19346666667,2284.04100429999,"1050022420",0.918594174693006,0.081389390508153,1.64347988415026e-05,"below",0.282345787101564
20150101,2112.18326666667,2132.42306593334,"1050022420",0.954149973108997,0.0458456002141305,4.42667687283738e-06,"below",0.186155007067677
20160101,5903.58426666667,5584.02890464997,"1050022420",4.02684446964726e-07,0.014735281274713,0.98526431604084,"above",0.0767787106808171
20170101,3478.0535,3617.89566989998,"1050022420",0.12245485023424,0.82209238878605,0.0554527609797093,"normal",0.578588507336641
20180101,3581.95746666667,3579.97600908331,"1050022420",0.13784153347262,0.814388369925633,0.0477700966017461,"normal",0.585648116068095
20190101,2901.2428,2935.37672073333,"1050022420",0.558175073720546,0.439978559894697,0.00184636638475699,"below",0.698319480529898
20200101,4237.1146,4150.5781378667,"1050022420",0.0144610807602748,0.702010955327724,0.283527963912001,"normal",0.667008540479751
20210101,4955.4285,5385.73708198332,"1050022420",2.63531977617194e-06,0.036182814690939,0.963814549989285,"above",0.155653517828312
20220101,3980.73653333333,4059.40768435,"1050022420",0.0222330153907979,0.750315990203828,0.227450994405374,"normal",0.636973281348112
20230101,5348.27333333333,5453.53630273332,"1050022420",1.4082798496605e-06,0.0269993650093364,0.972999226710814,"above",0.124172039158567
20240101,3690.31243333333,3646.83275508331,"1050022420",0.111553690915009,0.826499196239205,0.0619471128457867,"normal",0.574464009240094
20250101,3925.5409,4343.87880704999,"1050022420",0.00530454466627146,0.574588874194805,0.420106581138924,"normal",0.710507607257409
20260101,3925.5409,3719.19806338332,"1050022420",0.0873728959538255,0.83184455772724,0.080782546318934,"normal",0.569376633561851
19930101,106.3453,103.885584333334,"1050022430",0.840906996782683,0.158937977518022,0.000155025699295375,"below",0.439392651347028
19940101,344.707166666667,343.16853475,"1050022430",0.000137712760847661,0.15164477295112,0.848217514288032,"above",0.42689090277152
19950101,268.6762,266.736016933329,"1050022430",0.0155156661638053,0.658810483992478,0.325673849843717,"normal",0.704931259723087
19960101,174.9791,179.310704166665,"1050022430",0.321681962428007,0.66236401997482,0.0159540175971727,"normal",0.703721748654328
19970101,198.9999,190.148411699999,"1050022430",0.250487329409962,0.723054587606222,0.0264580829838156,"normal",0.677327561857486
19980101,257.222733333333,262.967236583331,"1050022430",0.0185955984392619,0.681578892206218,0.29982550935452,"normal",0.696535187226105
19990101,230.880833333333,240.437506499998,"1050022430",0.0497589016721628,0.782056912851026,0.168184185476811,"normal",0.641377365154657
20000101,202.6933,221.582484633335,"1050022430",0.0999350219671254,0.807751000207862,0.0923139778250128,"normal",0.622573411478129
20010101,288.234833333333,274.626150216665,"1050022430",0.0104572499166096,0.607086855608759,0.382455894474631,"normal",0.718271245242509
20020101,357.129033333333,352.773728666666,"1050022430",6.5796216231125e-05,0.112136765314866,0.887797438468902,"above",0.351651088988506
20030101,50.4114666666667,77.5735089,"1050022430",0.934213803467687,0.0657669623669235,1.92341653894035e-05,"below",0.242775909424168
20040101,342.695733333333,343.611053550001,"1050022430",0.000133201469852294,0.149643561025545,0.850223237504602,"above",0.423390551949243
20050101,463.600366666667,427.679565716672,"1050022430",6.65257711352328e-08,0.00383756565470872,0.99616236781952,"above",0.0251794178554587
20060101,307.372066666667,321.116873016665,"1050022430",0.000663263406918399,0.273051347765733,0.726285388827349,"above",0.59157564833649
20070101,259.407133333333,255.015351749999,"1050022430",0.0268276518656271,0.724588346723292,0.248584001411081,"normal",0.676520949878419
20080101,261.5004,267.105099133332,"1050022430",0.0152390513372834,0.656507332977503,0.328253615685214,"normal",0.705695190499418
20090101,171.682466666667,167.174114316667,"1050022430",0.409869256734703,0.581490387877369,0.00864035538792851,"normal",0.721883716766657
20100101,92.2390333333333,95.751867083333,"1050022430",0.876111380030596,0.123805120702422,8.34992669818124e-05,"below",0.375295062544357
20110101,415.421966666667,399.6221422,"1050022430",1.11684919004742e-06,0.0168975667468009,0.983101316404009,"above",0.0857223644484369
20120101,158.942433333333,159.08607525,"1050022430",0.471621827092703,0.522793695723661,0.00558447718363697,"normal",0.722498908621037
20130101,217.228033333333,237.903334800003,"1050022430",0.0550101500743535,0.788852258049275,0.156137591876371,"normal",0.63658977222185
20140101,254.301133333333,248.05349403333,"1050022430",0.0363476822001372,0.755779101297844,0.207873216502019,"normal",0.658634563492007
20150101,144.817266666667,131.111511916666,"1050022430",0.681090729339258,0.317871875864616,0.00103739479612552,"below",0.633022665636444
20160101,67.7801666666667,75.0047646833327,"1050022430",0.940347083582318,0.0596374342214698,1.54821962122798e-05,"below",0.226154750469453
20170101,142.1723,146.083708966667,"1050022430",0.571697750516266,0.425660814374582,0.00264143510915138,"below",0.698904752338626
20180101,295.5439,284.258656499997,"1050022430",0.0062777815519937,0.538480487862326,0.455241730585681,"normal",0.723396458735584
20190101,111.713766666667,120.570677116667,"1050022430",0.750148186167729,0.249339212561346,0.000512601270924895,"below",0.565856915319917
20200101,170.5225,145.791349433333,"1050022430",0.573919546364185,0.423484852960867,0.00259560067494802,"below",0.698006166300263
20210101,267.669566666667,273.382222349998,"1050022430",0.0111439284755313,0.615559704072203,0.373296367452266,"normal",0.71663637924876
20220101,329.148133333333,365.360972916668,"1050022430",2.37795987575087e-05,0.0722935429947151,0.927682677406527,"above",0.259806798313936
20230101,321.5413,361.036729866668,"1050022430",3.39486507817908e-05,0.0845356719689753,0.915430379380243,"above",0.290089947646789
20240101,272.3723,274.596327783331,"1050022430",0.01047327101217,0.607291223166901,0.382235505820929,"normal",0.718234370310829
20250101,255.761933333333,258.663270816664,"1050022430",0.0227350579415069,0.705764763519263,0.27150017853923,"normal",0.685946047023271
20260101,255.761933333333,264.342033266664,"1050022430",0.0174165800616979,0.673436128630792,0.30914729130751,"normal",0.6997136613424
19930101,18.8626333333333,33.5168378500003,"1050022910",0.908053358245683,0.0917210565862281,0.000225585168088793,"below",0.308599790797437
19940101,233.434133333333,229.385690033333,"1050022910",0.00321251181807606,0.289341747036514,0.70744574114541,"above",0.622111276860911
19950101,321.964333333333,296.231446183334,"1050022910",1.98819031308101e-05,0.0268131280179705,0.973166990078899,"above",0.123718030919181
19960101,140.135833333333,140.753750583334,"1050022910",0.186533073879899,0.714694941867756,0.0987719842523447,"normal",0.781933402319303
19970101,174.295233333333,176.704772133335,"1050022910",0.0510386865789624,0.655898933242725,0.293062380178313,"normal",0.788169186803845
19980101,204.862433333333,224.219050433332,"1050022910",0.00441815225369001,0.325913306190041,0.669668541556269,"above",0.657863160319635
19990101,132.717566666667,136.821289866668,"1050022910",0.209156933019496,0.705495747835617,0.0853473191448868,"normal",0.783419051897862
20000101,193.1557,199.14989595,"1050022910",0.0178891635639041,0.513947436136061,0.468163400300035,"normal",0.7693861055669
20010101,145.6732,143.500547166667,"1050022910",0.171666982906706,0.719307447594425,0.109025569498869,"normal",0.78111850287341
20020101,279.362,242.242748333331,"1050022910",0.00138859482062547,0.206991276239656,0.791620128939718,"above",0.520144499046382
20030101,26.8303,39.7986975500003,"1050022910",0.88470485739317,0.114930286047316,0.000364856559514237,"below",0.359909175581061
20040101,196.158266666667,196.138776799999,"1050022910",0.0208193527675577,0.535724392481888,0.443456254750555,"normal",0.775573623376535
20050101,406.476133333333,377.838978933335,"1050022910",3.35604293294143e-09,0.000148069249125804,0.999851927394831,"above",0.0014537766668628
20060101,202.3919,203.970198949998,"1050022910",0.0139315248628963,0.478136423179751,0.507932051957352,"above",0.756412160041503
20070101,149.343566666667,145.864968000001,"1050022910",0.159494521973315,0.722058823745985,0.118446654280699,"normal",0.780610249362535
20080101,241.118766666667,230.931786800003,"1050022910",0.0029143580582862,0.278738150984604,0.718347490957109,"above",0.610728114042814
20090101,134.474733333333,139.383875566668,"1050022910",0.194236250372852,0.711833441268959,0.0939303083581895,"normal",0.782415491488851
20100101,72.8143333333333,80.6754287666667,"1050022910",0.637868191987703,0.356462588701493,0.00566921931080444,"below",0.683826216438929
20110101,371.559066666667,368.690707466666,"1050022910",1.01972217850045e-08,0.000302563982665927,0.999697425820112,"above",0.00275445788724172
20120101,95.1127666666667,94.9818563166672,"1050022910",0.522587814980231,0.464735471946259,0.0126767130735094,"below",0.750632208283624
20130101,123.8153,141.365374866668,"1050022910",0.183155705405711,0.715852569935174,0.100991724659116,"normal",0.78173326416035
20140101,188.326533333333,168.599220183335,"1050022910",0.0711751289844345,0.690663799852798,0.238161071162768,"normal",0.785419796825541
20150101,98.5874666666667,81.1835450666664,"1050022910",0.633918345446009,0.36024010731809,0.00584154723590069,"below",0.686803489248012
20160101,58.5318,56.156143483333,"1050022910",0.805180044075647,0.193635476548756,0.00118447937559729,"below",0.500361954380873
20170101,141.268833333333,141.843188733334,"1050022910",0.18054394957746,0.7167050803851,0.10275097003744,"normal",0.781583997842142
20180101,111.9039,103.076456383334,"1050022910",0.455850268831231,0.52484999191141,0.0192997392573584,"normal",0.772641455843035
20190101,67.1318666666667,72.5849140333338,"1050022910",0.698546673883592,0.297981663726048,0.00347166239036001,"below",0.631039709679115
20200101,64.4021,85.9266223000002,"1050022910",0.596414125814704,0.395897912299025,0.00768796188627008,"below",0.712503088449829
20210101,127.978766666667,139.413807716668,"1050022910",0.194065890423058,0.711899915700645,0.0940341938762975,"normal",0.782404496437098
20220101,191.7756,199.310916316667,"1050022910",0.0177429132606747,0.512768143162497,0.469488943576828,"normal",0.769014857603136
20230101,326.777866666667,343.908949016666,"1050022910",1.7374160047261e-07,0.00177053762682311,0.998229288631576,"above",0.0129908093004466
20240101,334.156366666667,252.382307583333,"1050022910",0.000684161296335178,0.152723836646012,0.846592002057653,"above",0.432961106226971
20250101,147.508383333333,144.068529733334,"1050022910",0.168690082009046,0.720071916613142,0.111238001377811,"normal",0.780978944021318
20260101,147.508383333333,143.172671483334,"1050022910",0.173400624047102,0.718836473282302,0.107762902670596,"normal",0.781203846198439
19930101,20.3619,29.0062850333334,"1050022920",0.973995942238657,0.0257235019977227,0.000280555763620072,"below",0.122114601398197
19940101,205.118766666667,203.53563871667,"1050022920",0.0594649074448659,0.41956017297899,0.520974919576144,"above",0.871943648012918
19950101,273.961333333333,277.307542200003,"1050022920",0.00118410668912612,0.0614526108947253,0.937363282416149,"above",0.240033545675459
19960101,197.5659,197.586186133333,"1050022920",0.0749490713229735,0.451676242760591,0.473374685916435,"above",0.907198431311644
19970101,127.571033333333,129.686738399998,"1050022920",0.469181734010488,0.454366981112266,0.0764512848772466,"below",0.910051803823925
19980101,174.295,178.142848883334,"1050022920",0.146924722081209,0.529227657354994,0.323847620563797,"normal",0.983676704237292
19990101,162.2886,164.181176983333,"1050022920",0.220786363454306,0.548695208989555,0.230518427556139,"normal",1.00111291111785
20000101,195.133833333333,199.477825866665,"1050022920",0.0697237507511896,0.441775812583124,0.488500436665686,"above",0.896568244761546
20010101,176.911033333333,174.614427700001,"1050022920",0.163812669041036,0.537358717154726,0.298828613804238,"normal",0.991040748534512
20020101,219.0684,216.384004599999,"1050022920",0.0345997977199246,0.34351579211815,0.621884410161925,"above",0.778840506160186
20030101,28.9229,31.6989865333337,"1050022920",0.970556168563974,0.0291015795032765,0.000342251932749504,"below",0.134668406581915
20040101,149.669333333333,149.907919266666,"1050022920",0.314507692471461,0.532472521247748,0.153019786280791,"normal",0.986629617224312
20050101,403.499966666667,399.819078233332,"1050022920",1.91869032792053e-08,3.28097001516259e-05,0.999967171112945,"above",0.000371922425264845
20060101,150.408,157.925517083332,"1050022920",0.259785967359613,0.546056033958714,0.194157998681673,"normal",0.998788148021949
20070101,173.622133333333,172.799813649999,"1050022920",0.172969981864972,0.540716610671524,0.286313407463504,"normal",0.994047646904112
20080101,310.599566666667,296.599884350001,"1050022920",0.000305327276342873,0.0271137276796699,0.972580945043987,"above",0.127329632081851
20090101,199.513,208.737540266669,"1050022920",0.0480892104312634,0.389537493953329,0.562373295615408,"above",0.836886386957778
20100101,58.9327666666667,62.2680779833325,"1050022920",0.898949637596187,0.0983513574168903,0.00269900498692266,"below",0.339825162526625
20110101,454.9565,413.300689966662,"1050022920",3.99385335974365e-09,1.01246105969066e-05,0.99998987139555,"above",0.000126644291708211
20120101,153.290133333333,150.560933349999,"1050022920",0.309870499192154,0.53399280851525,0.156136692292596,"normal",0.988006644379736
20130101,151.4837,152.8572866,"1050022920",0.293806182697493,0.538766463159665,0.167427354142842,"normal",0.992303767696262
20140101,223.8364,217.869517616667,"1050022920",0.0323790212869915,0.334457352465133,0.633163626247876,"above",0.76675349764138
20150101,120.6204,116.815873666666,"1050022920",0.57179960228985,0.38246006699479,0.0457403307153598,"below",0.828309794543634
20160101,25.3659,30.3205254000004,"1050022920",0.972361540277846,0.0273292150583021,0.000309244663852071,"below",0.128131753289813
20170101,173.385833333333,173.997337966666,"1050022920",0.166890815087193,0.538564425129902,0.294544759782905,"normal",0.992122715928315
20180101,147.880533333333,146.460326799999,"1050022920",0.339463052548504,0.523285537593455,0.137251409858041,"normal",0.978220103725483
20190101,109.2158,111.986735866667,"1050022920",0.609442329969909,0.353390223605211,0.0371674464248808,"below",0.791760003559489
20200101,80.7470666666667,59.3031948333329,"1050022920",0.909076029213251,0.0886807611175401,0.00224320966920921,"below",0.31519028831762
20210101,151.034533333333,150.780660583333,"1050022920",0.308316897203632,0.534488287776905,0.157194815019463,"normal",0.988454543671552
20220101,162.632533333333,174.8311073,"1050022920",0.162740632034849,0.536919870889669,0.300339497075482,"normal",0.990646302224771
20230101,335.171933333333,316.348996816666,"1050022920",6.58786554769166e-05,0.0102004383869823,0.989733682957541,"above",0.0576200176774788
20240101,326.673233333333,289.914918100002,"1050022920",0.00049617329962262,0.036552897417556,0.962950929282821,"above",0.161082642708489
20250101,168.009183333333,172.88074135,"1050022920",0.172554765084735,0.540579015599191,0.286866219316074,"normal",0.993924825000154
20260101,168.009183333333,166.609214566666,"1050022920",0.206603084989203,0.547801561023507,0.24559535398729,"normal",1.00032708139885
19930101,204.069833333333,260.668280466669,"1050023020",0.688545317900627,0.311048523066103,0.000406159033269904,"below",0.6233633511742
19940101,443.5993,425.873486049999,"1050023020",0.411278090923288,0.584484872456054,0.00423703662065844,"normal",0.702448024376332
19950101,1117.0665,1137.28228451666,"1050023020",0.000470726390355782,0.32565709826336,0.673872175346284,"above",0.63495174241679
19960101,1413.92973333333,1249.01089873333,"1050023020",7.4813441010694e-05,0.174856418015464,0.825068768543525,"above",0.46427492768771
19970101,593.0178,559.221458149995,"1050023020",0.211224192515216,0.768819444436518,0.0199563630482656,"normal",0.608654110130515
19980101,327.616933333333,340.075880366668,"1050023020",0.558664192663929,0.440005347356382,0.00133045997968917,"below",0.695299142729037
19990101,1561.59343333333,1591.18604596666,"1050023020",6.65030415774504e-08,0.00780676446769346,0.992193169029265,"above",0.0456617679722931
20000101,521.918166666667,598.702105116659,"1050023020",0.1652051896912,0.804981481273162,0.0298133290356375,"normal",0.576820734597077
20010101,378.745233333333,376.939269733329,"1050023020",0.495140824613893,0.502636172432541,0.00222300295356592,"normal",0.707378784164136
20020101,651.392466666667,653.362124099992,"1050023020",0.113104736144744,0.837080348499712,0.0498149153555441,"normal",0.544784358574883
20030101,856.045066666667,809.965243850002,"1050023020",0.0294533050950204,0.804010049698334,0.166536645206645,"normal",0.577734558971214
20040101,669.016033333333,663.00988948333,"1050023020",0.105286064241246,0.840449205969318,0.0542647297894359,"normal",0.541213538427059
20050101,1219.61993333333,1251.3918141,"1050023020",7.17644396489809e-05,0.172213044231489,0.827715191328863,"above",0.460120963719989
20060101,342.378933333333,374.050643733329,"1050023020",0.500135117189206,0.49772770183677,0.0021371809740246,"below",0.706937751715066
20070101,1005.3847,967.397167650011,"1050023020",0.00506747873874269,0.607356103198373,0.387576418062884,"normal",0.696994526185643
20080101,1741.93836666667,1664.71239598333,"1050023020",1.1138801342583e-08,0.00310498769872392,0.996895001162475,"above",0.0210308911341677
20090101,1296.6434,1379.72979929998,"1050023020",6.55634791032973e-06,0.066621556249729,0.933371887402361,"above",0.244895316279006
20100101,334.7502,424.480757550001,"1050023020",0.413627886961085,0.582209770224245,0.00416234281467009,"normal",0.702894084437374
20110101,1653.7955,1641.09756301666,"1050023020",1.99867747932318e-08,0.00421755504547117,0.995782424967754,"above",0.0272727213289433
20120101,545.117166666667,496.095954066664,"1050023020",0.298541983288274,0.691508155726799,0.00994986098492712,"normal",0.661845472271996
20130101,439.3219,439.610784099996,"1050023020",0.388283694922378,0.606675778709986,0.00504052636763619,"normal",0.69718213723396
20140101,996.443333333333,986.456752850009,"1050023020",0.00397962501980261,0.576467792994643,0.419552581985555,"normal",0.703942051809387
20150101,574.1346,527.528684549998,"1050023020",0.253080842467236,0.732729607317857,0.0141895502149069,"normal",0.635988049185824
20160101,135.026933333333,197.563230933334,"1050023020",0.777931157376478,0.22192270755195,0.000146135071572684,"below",0.530730686111145
20170101,857.7228,908.829154983332,"1050023020",0.0102420617636867,0.694977223026346,0.294780715209967,"normal",0.6598887269276
20180101,299.731933333333,319.629057099998,"1050023020",0.593360741411796,0.405648639574525,0.000990619013679361,"below",0.682562302413917
20190101,670.397833333333,637.063560083331,"1050023020",0.127238182152811,0.829798525152286,0.042963292694903,"normal",0.5523667818645
20200101,360.279466666667,366.068643183332,"1050023020",0.513933102671611,0.4841514693997,0.00191542792868915,"below",0.705275101676824
20210101,546.619466666667,575.754181449995,"1050023020",0.191104698671457,0.785211538642603,0.0236837626859396,"normal",0.594778957448029
20220101,639.288,676.062270283332,"1050023020",0.0953413731267921,0.843879944788856,0.0607786820843518,"normal",0.53753612916242
20230101,1320.8868,1073.65506203333,"1050023020",0.00121587983604581,0.429373377811365,0.569410742352589,"above",0.691831283485777
20240101,1118.01386666667,1158.3165838,"1050023020",0.00033862872760937,0.293642188797879,0.706019182474512,"above",0.608307383659966
20250101,645.340233333334,651.099761799996,"1050023020",0.114996674974113,0.836188550810465,0.0488147742154227,"normal",0.545722951347231
20260101,645.340233333334,641.665347799994,"1050023020",0.123128705355496,0.832055473168546,0.044815821475958,"normal",0.550036513172032
19930101,286.849066666667,331.249370366669,"1050023050",0.497073392496165,0.476333782811079,0.0265928246927559,"below",0.79718474279394
19940101,447.365466666667,443.834685499996,"1050023050",0.215456759920346,0.660112076249522,0.124431163830132,"normal",0.864214605438461
19950101,560.2754,522.724013516664,"1050023050",0.0910386102553124,0.636823518875592,0.272137870869095,"normal",0.859719019410804
19960101,598.142566666667,582.576006949997,"1050023050",0.0401280677034371,0.535822474730801,0.424049457565761,"normal",0.827160929579345
19970101,392.191933333333,422.863290850001,"1050023050",0.260344644615369,0.642591253584234,0.0970641018003968,"normal",0.860932960163582
19980101,373.4886,361.342122699999,"1050023050",0.414533088859527,0.543189395137043,0.04227751600343,"normal",0.830290763159503
19990101,1357.14766666667,1260.29617235,"1050023050",5.73192682598193e-11,3.3104626554481e-06,0.999996689480025,"above",4.50846830187727e-05
20000101,338.487733333333,359.857001216666,"1050023050",0.418549160189541,0.540092834796637,0.0413580050138219,"normal",0.828990322952975
20010101,212.099733333333,226.150804866668,"1050023050",0.764566503912633,0.231547473850839,0.00388602223652745,"below",0.565560972464564
20020101,384.1715,401.074690166665,"1050023050",0.311616577098238,0.614780678712485,0.0736027441892766,"normal",0.854458642048204
20030101,765.167433333333,722.446200366673,"1050023050",0.00327796002833463,0.215050268622892,0.781671771348774,"above",0.541800554184213
20040101,589.3965,582.286548816661,"1050023050",0.0403016985934598,0.536434479685363,0.423263821721177,"normal",0.827425679007707
20050101,486.257133333333,450.707245400005,"1050023050",0.201785402769702,0.66373996885035,0.134474628379948,"normal",0.864818560685712
20060101,195.977933333333,215.919440766668,"1050023050",0.785813679742484,0.211045691767614,0.00314062848990226,"below",0.535829221398371
20070101,436.385433333333,391.700946916671,"1050023050",0.334942135576906,0.600100677674963,0.0649571867481308,"normal",0.85039967999902
20080101,1272.62173333333,1217.16739921666,"1050023050",3.93927911884782e-10,1.29611777935912e-05,0.999987038428279,"above",0.000158829306349225
20090101,709.515633333333,674.591922416673,"1050023050",0.00849474254999112,0.319235718266479,0.67226953918353,"above",0.67197252794985
20100101,569.631333333333,565.570375633329,"1050023050",0.0514091761693497,0.570084209981499,0.378506613849152,"normal",0.840677582619001
20110101,440.303233333333,480.395002666669,"1050023050",0.148933725838942,0.666934039604077,0.184132234556981,"normal",0.865329038092584
20120101,783.968133333333,733.347483166672,"1050023050",0.00260180454809021,0.194115558788657,0.803282636663253,"above",0.509656700463333
20130101,305.300366666667,323.730793566668,"1050023050",0.517855840085731,0.458600802184862,0.0235433577294069,"below",0.786555132475902
20140101,341.705433333333,336.6495247,"1050023050",0.482148206683539,0.488870694945726,0.028981098370735,"normal",0.804218072082113
20150101,223.304533333333,251.195724583336,"1050023050",0.707979155376367,0.285601939517197,0.00641890510643628,"below",0.634803715266907
20160101,271.2379,292.802983783335,"1050023050",0.602230150122754,0.383861800900421,0.0139080489768247,"below",0.732398400038257
20170101,890.794333333333,911.951509266679,"1050023050",2.7652112025891e-05,0.0182250268126143,0.98174732107536,"above",0.0913658020038693
20180101,292.875666666667,322.943275566665,"1050023050",0.52003082489027,0.45672749055136,0.0232416845583697,"below",0.78538473276244
20190101,452.1272,437.260556199997,"1050023050",0.229023624177651,0.655650237807009,0.11532613801534,"normal",0.86343645521807
20200101,646.425066666667,540.805989416665,"1050023050",0.0721853097400657,0.612570472656679,0.315244217603256,"normal",0.853876223873113
20210101,614.526933333333,719.217498566673,"1050023050",0.00350655558051276,0.221475589046842,0.775017855372646,"above",0.551212977111988
20220101,860.701133333333,878.105700333346,"1050023050",7.310344102593e-05,0.0316053356830358,0.968321560875938,"above",0.141045902287878
20230101,843.457466666667,839.711382683344,"1050023050",0.000206740705749381,0.0556453492397744,0.944147910054476,"above",0.216762361979084
20240101,927.931733333333,1056.73686176668,"1050023050",2.38349371321809e-07,0.000984771796499251,0.999014989854129,"above",0.00780583381667845
20250101,469.192166666666,465.670672216665,"1050023050",0.173873653124393,0.667901112035834,0.158225234839773,"normal",0.865479681663703
20260101,469.192166666666,497.18042608333,"1050023050",0.123564301445377,0.659737968687017,0.216697729867606,"normal",0.8641508611414
19930101,12.5849,14.0602656833333,"1050023060",0.583108089862643,0.405336770188604,0.0115551399487525,"below",0.73209567672704
19940101,8.4777,10.7134373833333,"1050023060",0.702028166378636,0.293200819357695,0.00477101426366922,"below",0.633594119746815
19950101,20.4066666666667,18.0753941666664,"1050023060",0.430729730494073,0.539706163509511,0.0295641059964159,"normal",0.799746826619466
19960101,46.7091,46.1775859666664,"1050023060",0.00208678222833484,0.208906076478627,0.789007141293038,"above",0.526978601631887
19970101,35.5319333333333,36.0677799499995,"1050023060",0.0289188661392017,0.536542100520147,0.434539033340651,"normal",0.798698735361347
19980101,10.074,11.0464095166667,"1050023060",0.690887415422624,0.303880824861418,0.00523175971595757,"below",0.644916145699406
19990101,94.6697333333333,84.9123137000004,"1050023060",2.4687591508345e-11,3.22531536189885e-06,0.999996774659951,"above",4.40083728611614e-05
20000101,15.0290333333333,16.0696019000001,"1050023060",0.506980195025268,0.474222757931548,0.018797047043184,"below",0.772890928828409
20010101,11.4233333333333,11.7564489833334,"1050023060",0.666545948222786,0.327105445249253,0.00634860652796132,"below",0.668034138032761
20020101,34.4594,33.5616611166664,"1050023060",0.0487581900376468,0.608407541926267,0.342834268036086,"normal",0.816623602953347
20030101,17.5149333333333,16.7520652666667,"1050023060",0.480924071304522,0.497067011746182,0.0220089169492963,"normal",0.783516247217283
20040101,25.7385666666667,25.0834744333335,"1050023060",0.198943938200413,0.689131400634979,0.111924661164608,"normal",0.822927967328459
20050101,16.6601666666667,16.49897905,"1050023060",0.490583211148448,0.488649265007406,0.020767523844146,"below",0.77976165528204
20060101,28.322,27.9782381000002,"1050023060",0.130821804700468,0.695374587328242,0.17380360797129,"normal",0.822840409986412
20070101,29.5218666666667,28.1977024833332,"1050023060",0.126410522433955,0.694340590713551,0.179248886852494,"normal",0.822860454779623
20080101,80.5621666666667,80.3463921333344,"1050023060",4.23891520385609e-10,2.31100704128906e-05,0.999976889505696,"above",0.000269824971789309
20090101,62.8045,57.6387791499993,"1050023060",3.7175468507422e-05,0.0286689008879778,0.971293923643515,"above",0.130499524312359
20100101,27.0217333333333,30.384768416667,"1050023060",0.0880451139755799,0.672750365073192,0.239204520951228,"normal",0.82277361526637
20110101,39.3411,40.0612863,"1050023060",0.0113268845387473,0.402594825212861,0.586078290248392,"above",0.730184395442623
20120101,25.9471333333333,26.8228126833336,"1050023060",0.155791483413158,0.697314831589649,0.146893684997193,"normal",0.822796873063696
20130101,12.5806666666667,12.4279277166667,"1050023060",0.642860265501,0.349545845019926,0.00759388947907413,"below",0.68850972417801
20140101,17.5462333333333,19.2508373999999,"1050023060",0.387040200625115,0.574987218181542,0.037972581193343,"normal",0.809795289405728
20150101,14.3094,14.1103076833334,"1050023060",0.581237638907125,0.40706163054544,0.0117007305474349,"below",0.733286244351195
20160101,26.0822666666667,27.0325571333335,"1050023060",0.151039599514337,0.697401539020752,0.151558861464911,"normal",0.822794747205403
20170101,48.6887666666667,47.1808548999997,"1050023060",0.00153430887326173,0.182785676080058,0.81568001504668,"above",0.486756342146127
20180101,37.2724333333333,36.5710889499995,"1050023060",0.0258810199337418,0.520549453838718,0.45356952622754,"normal",0.793022030753848
20190101,46.2510333333333,46.4132919166666,"1050023060",0.00194281435336745,0.202588279065552,0.795468906581081,"above",0.517600485839496
20200101,28.3471666666667,26.8112808333335,"1050023060",0.156055572446706,0.697304412340576,0.146640015212718,"normal",0.8227971274815
20210101,39.7404666666667,37.9502409499998,"1050023060",0.018894615736672,0.474970635446828,0.5061347488165,"above",0.773260802224097
20220101,55.825,54.7966675166661,"1050023060",0.000112197482802744,0.051641260615938,0.948246541901259,"above",0.204446475156289
20230101,46.7042333333333,46.1988627999998,"1050023060",0.0020733998778036,0.208331296292859,0.789595303829338,"above",0.526134301735985
20240101,29.8141666666667,31.9845210666666,"1050023060",0.0660289840747435,0.644769732908939,0.289201283016317,"normal",0.821201847990843
20250101,28.3345833333333,27.3339678500002,"1050023060",0.144381560420923,0.697184861343433,0.158433578235644,"normal",0.822800030758129
20260101,28.3345833333333,27.0769266666668,"1050023060",0.150046873360999,0.697394904071496,0.152558222567504,"normal",0.822794910422946
19930101,18.7552666666667,19.6178275000001,"1050023130",0.628415330848899,0.370668674647365,0.000915994503736361,"below",0.666209574333171
19940101,28.8449666666667,28.9318852333337,"1050023130",0.491606259611755,0.50556931863536,0.00282442175288478,"normal",0.710489913926429
19950101,117.002166666667,111.187336421112,"1050023130",0.00096587139336273,0.376557708017465,0.622476420589172,"above",0.669568073926717
19960101,87.5494,91.6734161666682,"1050023130",0.00889485635448159,0.653341073644126,0.337764070001393,"normal",0.686714251973685
19970101,28.9166333333333,28.6405120833337,"1050023130",0.495957555880452,0.50131113010769,0.00273131401185811,"normal",0.710090060229647
19980101,26.5987333333333,26.1894901666667,"1050023130",0.532528955914755,0.465419774307931,0.00205126977731396,"below",0.704212276094588
19990101,126.576966666667,124.621637261111,"1050023130",0.000156989161445189,0.207394573895582,0.792448436942972,"above",0.511979759092945
20000101,28.4928333333333,29.4311764333336,"1050023130",0.484152573257871,0.512856780931518,0.00299064581061126,"normal",0.711029562341013
20010101,20.9201333333333,22.1311726166666,"1050023130",0.592338384851965,0.40640649209694,0.00125512305109488,"below",0.684507968079309
20020101,47.2884333333333,49.8523664166672,"1050023130",0.210621997864954,0.765765371617583,0.0236126305174634,"normal",0.620903165731841
20030101,53.5374666666667,52.4885074166673,"1050023130",0.183274341445695,0.787050021442086,0.0296756371122187,"normal",0.603826282907069
20040101,57.5331333333333,56.3835302166665,"1050023130",0.147139836168878,0.811909572086436,0.0409505917446862,"normal",0.582002316452543
20050101,45.7063,45.0529493333335,"1050023130",0.26612213157386,0.718643986177051,0.0152338822490897,"normal",0.653466784985048
20060101,61.7590333333333,67.4791645833338,"1050023130",0.0715725222414487,0.835735768688168,0.0926917090703828,"normal",0.559171673493908
20070101,100.803866666667,99.319298327779,"1050023130",0.00395117729386081,0.548685483734726,0.447363338971413,"normal",0.71105421328539
20080101,223.605466666667,197.260835754443,"1050023130",1.28299783422403e-10,0.000204334805424811,0.999795665066275,"above",0.00194029454568106
20090101,156.877933333333,161.215841783335,"1050023130",3.28767956124713e-07,0.0144454072643178,0.985554263967726,"above",0.0755564599215415
20100101,24.6552666666667,23.8354817333337,"1050023130",0.567399849169873,0.431053433711617,0.00154671711851062,"below",0.694291640710148
20110101,171.2574,161.648259875557,"1050023130",3.0237756454997e-07,0.0138622908166571,0.986137406805778,"above",0.0730815615695367
20120101,57.6761333333333,54.6702567333337,"1050023130",0.162401045665091,0.801975590885225,0.0356233634496839,"normal",0.59096696604627
20130101,17.5995,19.2219369333335,"1050023130",0.634005386593214,0.365123611658397,0.000871001748388944,"below",0.662920933127782
20140101,28.0009,35.3624963666664,"1050023130",0.396741097419207,0.597502695448024,0.00575620713276959,"normal",0.704175071709137
20150101,21.6521666666667,23.9647718333334,"1050023130",0.565495667689218,0.432933150970347,0.0015711813404351,"below",0.694945223259355
20160101,50.9322333333333,49.7639587166667,"1050023130",0.211578820710547,0.764992331386026,0.0234288479034265,"normal",0.62149556850452
20170101,91.6212666666667,99.3981094826201,"1050023130",0.00391673957392475,0.547552860299432,0.448530400126644,"normal",0.711119733629006
20180101,132.871833333333,128.27347586262,"1050023130",9.19356976127486e-05,0.170541740574036,0.829366323728351,"above",0.457673401876988
20190101,109.003666666667,109.304489715953,"1050023130",0.00122260542710503,0.403360800666875,0.59541659390602,"above",0.683140525968306
20200101,62.2429,80.3092500522227,"1050023130",0.0259167964305253,0.774755785235475,0.199327418334,"normal",0.613870507755531
20210101,130.378866666667,128.38968142262,"1050023130",9.03572802683447e-05,0.169442063013044,0.830467579706688,"above",0.455915389129756
20220101,239.153033333333,185.472433479444,"1050023130",2.03129533315652e-09,0.000990434059971679,0.999009563908733,"above",0.00784118224906186
20230101,279.0561,185.472433479444,"1050023130",2.03129533315652e-09,0.000990434059971679,0.999009563908733,"above",0.00784118224906186
20240101,157.468333333333,160.857383912779,"1050023130",3.52314427882389e-07,0.0149446773284909,0.985054970357081,"above",0.077656484892812
20250101,59.7175833333333,49.8521768333336,"1050023130",0.210624046975861,0.765763717907503,0.0236122351166358,"normal",0.620904435094539
20260101,59.7175833333333,56.7886995500002,"1050023130",0.143676094254953,0.814023315180956,0.0423005905640909,"normal",0.580052849401758
19930101,21.7625,22.4458194666669,"1050023140",0.594176013285577,0.404424791546706,0.00139919516771703,"below",0.684632786779706
19940101,29.0091666666667,27.5088455333334,"1050023140",0.520171440832119,0.477284025593965,0.00254453357391637,"below",0.708202997013128
19950101,117.265566666667,115.194566050001,"1050023140",0.000686063156962384,0.325779576776638,0.6735343600664,"above",0.63656235096146
19960101,91.5685333333333,93.4131736000002,"1050023140",0.00835825296956919,0.631422556386332,0.360219190644099,"normal",0.698104688140964
19970101,30.8134666666667,29.6522473333333,"1050023140",0.488478202693087,0.508276138348254,0.00324565895865825,"normal",0.712540260891006
19980101,26.6606,26.4737118333333,"1050023140",0.535444133931509,0.46229820773875,0.00225765832974134,"below",0.704910652054753
19990101,128.351833333333,129.128341966667,"1050023140",0.000100777416832857,0.16684568978039,0.833053532802777,"above",0.451859009762282
20000101,28.4652,31.1492497666665,"1050023140",0.466374082001438,0.529792151445656,0.00383376655290646,"normal",0.713626916281048
20010101,21.7813333333333,22.9700659499998,"1050023140",0.586621856593792,0.411887306655118,0.0014908367510893,"below",0.687938645102637
20020101,48.8962333333333,47.0616534833332,"1050023140",0.25004254616342,0.731029038548029,0.0189284152885512,"normal",0.650713698261075
20030101,54.1214666666667,52.8301783333331,"1050023140",0.187208617444973,0.781527013396425,0.0312643691586021,"normal",0.614664400932351
20040101,58.4170666666667,57.7753834666668,"1050023140",0.141954803202982,0.811486650474557,0.0465585463224608,"normal",0.589437208732871
20050101,46.8515333333333,45.4841649500003,"1050023140",0.268990518489419,0.714624420970494,0.016385060540087,"normal",0.660683628004325
20060101,63.0933333333333,62.375386416666,"1050023140",0.107094725399839,0.827208553891099,0.0656967207090624,"normal",0.575047107480458
20070101,100.0886,97.5381119833343,"1050023140",0.00545106001308356,0.575738183897106,0.418810756089811,"normal",0.71078310781302
20080101,225.112933333333,200.479553899998,"1050023140",9.92631433166144e-11,0.000152086805872864,0.999847913094864,"above",0.00148908172579481
20090101,164.3258,166.580116916667,"1050023140",1.64854638553529e-07,0.00926457853836105,0.990735256607,"above",0.0525969189067996
20100101,27.324,26.7268828666668,"1050023140",0.531712721611864,0.465962301608513,0.00232497677962273,"below",0.705788498486776
20110101,174.0872,168.21805135,"1050023140",1.19355174859994e-07,0.00785470673668032,0.992145173908145,"above",0.0458947527738084
20120101,59.8111,57.8767151833331,"1050023140",0.141112385315899,0.811961921292439,0.0469256933916623,"normal",0.589013848287838
20130101,18.5655333333333,20.1548919666665,"1050023140",0.626742870952939,0.372201069059718,0.00105605998734315,"below",0.667917682385312
20140101,30.2409333333333,33.2094447833335,"1050023140",0.436136686227433,0.559064320491695,0.0047989932808713,"normal",0.712620271874067
20150101,22.8540333333333,22.8641833333333,"1050023140",0.588150260705178,0.410377841327741,0.00147189796708047,"below",0.687286812428477
20160101,51.7622666666667,51.9655264499999,"1050023140",0.195951373561858,0.774974962511917,0.0290736639262257,"normal",0.619799457701745
20170101,94.2837666666667,101.135204366666,"1050023140",0.00369006521973534,0.524838284036087,0.471471650744178,"normal",0.713514869161773
20180101,133.508333333333,131.733852766666,"1050023140",6.84614642124503e-05,0.143844238100909,0.856087300434878,"above",0.412595304361846
20190101,111.996566666667,116.750749000001,"1050023140",0.000560709193198248,0.305379619870806,0.694059670935995,"above",0.619907577478532
20200101,63.5689666666667,81.2926052166668,"1050023140",0.0259777466850888,0.764262477111234,0.209759776203677,"normal",0.627900738382465
20210101,133.188466666667,132.547974333333,"1050023140",6.0560525854239e-05,0.137116898219231,0.862822541254915,"above",0.400334882353996
20220101,242.3387,194.618383433332,"1050023140",3.99394875448192e-10,0.000343882172687549,0.999656117427918,"above",0.00308636513258908
20230101,279.4041,194.618383433332,"1050023140",3.99394875448192e-10,0.000343882172687549,0.999656117427918,"above",0.00308636513258908
20240101,158.924533333333,171.251232816667,"1050023140",6.50136129707775e-08,0.00573483195336666,0.99426510303302,"above",0.035318093310532
20250101,61.4522166666667,52.0408902666666,"1050023140",0.19517963483342,0.775560974231438,0.029259390935142,"normal",0.619345750794748
20260101,61.4522166666667,52.0022519333332,"1050023140",0.195575067151656,0.775260885165802,0.0291640476825419,"normal",0.619578224906183
19930101,1108.94577777778,1098.25187607408,"1050023300",0.245331155010451,0.687764238810566,0.0669046061789822,"normal",0.783105305659618
19940101,1042.3422962963,1042.15020429629,"1050023300",0.497655057551161,0.487813269102983,0.0145316733458561,"below",0.758940700874563
19950101,1129.59577777778,1133.66701024073,"1050023300",0.131218502248858,0.72598841609107,0.142793081660072,"normal",0.776893976332712
19960101,1200.70296296296,1218.51990905554,"1050023300",0.0156103644864304,0.498053196739608,0.486336438773962,"normal",0.76268136226546
19970101,1236.16207407407,1228.26546292592,"1050023300",0.0115143201150543,0.454833013953336,0.53365266593161,"above",0.744869856923384
19980101,1039.64374074074,1047.99423675925,"1050023300",0.46928613825173,0.513346594478454,0.017367267269816,"normal",0.767728987479384
19990101,1064.60148148148,1057.81663035184,"1050023300",0.42202660897301,0.554776478622004,0.0231969124049862,"normal",0.778252635349386
20000101,1341.5167037037,1340.98857277776,"1050023300",0.000133153055769099,0.0723502539099948,0.927516593034236,"above",0.26098773372068
20010101,1233.1282962963,1210.26050709259,"1050023300",0.0200052875311674,0.533635186085398,0.446359526383435,"normal",0.773448842845101
20020101,1042.78785185185,1046.04009203704,"1050023300",0.478762020143315,0.504867407760632,0.0163705720960532,"normal",0.765009555884777
20030101,1024.63366666667,1021.76531372223,"1050023300",0.595777145412338,0.396692913511321,0.00752994107634108,"below",0.712138497235018
20040101,1259.409,1245.16188435184,"1050023300",0.00659171260688851,0.379212615797517,0.614195671595595,"above",0.700194429923828
20050101,1217.40011111111,1203.38216794444,"1050023300",0.0244275384290305,0.562111075887077,0.413461385683892,"normal",0.779648887413873
20060101,1141.23114814815,1131.19749337038,"1050023300",0.137731429829413,0.726152309032565,0.136116261138021,"normal",0.776860387187862
20070101,1050.12211111111,1038.29802094443,"1050023300",0.516370286702651,0.470741043992335,0.0128886693050132,"below",0.752047546752472
20080101,1174.38037037037,1198.03333192591,"1050023300",0.0284095553914691,0.583310305281844,0.388280139326687,"normal",0.782916470362253
20090101,1479.13640740741,1459.95191283335,"1050023300",1.74236427515452e-07,0.00182648272797192,0.998173343035601,"above",0.013344336145837
20100101,1523.91140740741,1469.01489327777,"1050023300",9.67152961194188e-08,0.00127619060054895,0.998723712684155,"above",0.00978141018310303
20110101,1469.95011111111,1473.30187375928,"1050023300",7.29093170370017e-08,0.00107288163184904,0.998927045458834,"above",0.00840930544107312
20120101,1174.12874074074,1193.25489333332,"1050023300",0.0324103052472352,0.601418333112275,0.36617136164049,"normal",0.78481933074871
20130101,1097.67659259259,1107.08802614816,"1050023300",0.212757611867212,0.705222833363134,0.0820195547696538,"normal",0.780671398861076
20140101,918.220962962963,923.585401351844,"1050023300",0.924835041043214,0.0750215208486913,0.000143438108094807,"below",0.267840138745822
20150101,901.027481481481,917.249418222213,"1050023300",0.935182918764468,0.0647109891451652,0.000106092090367271,"below",0.240807723259979
20160101,950.057407407407,969.45979240741,"1050023300",0.810453412371734,0.188469366061267,0.00107722156699963,"below",0.492208503060461
20170101,1120.543,1127.1832606111,"1050023300",0.148782178642783,0.72549258361618,0.125725237741037,"normal",0.776995236827214
20180101,921.591333333333,930.403943351843,"1050023300",0.912340601628849,0.0874622068376354,0.000197191533515606,"below",0.29848806886532
20190101,990.03062962963,977.484891981476,"1050023300",0.782838099360239,0.215674444049609,0.00148745659015259,"below",0.532187534736735
20200101,1135.66685185185,1146.4078437037,"1050023300",0.101004883290903,0.718283792944516,0.180711323764582,"normal",0.778406496935958
20210101,1118.37925925926,1127.45953105556,"1050023300",0.148003163125309,0.725574701141046,0.126422135733645,"normal",0.776978503732085
20220101,1396.34892592593,1383.01101462963,"1050023300",1.60576329966182e-05,0.0244363853527815,0.975547557014222,"above",0.115028373428068
20230101,1495.00492592593,1380.04985757407,"1050023300",1.87917621059022e-05,0.0265777611231345,0.97340344711476,"above",0.122859804970504
20240101,1585.71592592593,1395.57322657408,"1050023300",8.12791024124244e-06,0.0168922323521846,0.983099639737574,"above",0.08578753300732
20250101,1538.71766666667,1374.53646909258,"1050023300",2.50998618867652e-05,0.0309822237969766,0.968992676341137,"above",0.138430254431258
20260101,1135.66685185185,1137.73007001851,"1050023300",0.12097190067697,0.724775144189932,0.154252955133098,"normal",0.777140801068383
19930101,406.627294117647,394.364160601961,"1050023310",0.0599758203602251,0.57834722344717,0.361676956192605,"normal",0.85327951693973
19940101,375.557647058824,394.850939937256,"1050023310",0.0596178324448168,0.577575520144806,0.362806647410377,"normal",0.852995187914037
19950101,663.340882352941,645.821394248529,"1050023310",0.000930652175797917,0.113643093932751,0.885426253891451,"above",0.361378460788906
19960101,1315.62488235294,1015.31443064118,"1050023310",3.35624032446963e-08,0.000241706966743971,0.999758259470853,"above",0.00225517243010898
19970101,1120.29891176471,1021.03693812108,"1050023310",2.75330471312875e-08,0.000211579580226995,0.999788392886726,"above",0.00200221966651645
19980101,197.112617647059,234.759589545588,"1050023310",0.285352595276829,0.62484021747426,0.0898071872489113,"normal",0.86812098597122
19990101,856.791617647059,848.349476830881,"1050023310",6.3509866337815e-06,0.00701399442529105,0.992979654588075,"above",0.0418599922172232
20000101,681.452647058824,835.153836784803,"1050023310",9.19899938193844e-06,0.00877624698716728,0.991214554013451,"above",0.0504151450015368
20010101,417.974794117647,393.288014484805,"1050023310",0.0607732147522142,0.580043003936675,0.359183781311111,"normal",0.853899870613978
20020101,273.4065,271.212000781372,"1050023310",0.213989080890144,0.653864126048874,0.132146793060983,"normal",0.875176969799913
20030101,189.239205882353,165.170894599509,"1050023310",0.445810092796394,0.51605087163462,0.0381390355689859,"normal",0.826128355324931
20040101,143.990470588235,184.302193628921,"1050023310",0.399485730712846,0.551478759235902,0.0490355100512524,"normal",0.842625060285752
20050101,417.171264705882,394.379383581373,"1050023310",0.0599645996133081,0.578323133720141,0.36171226666655,"normal",0.853270660386884
20060101,175.288470588235,186.062417398529,"1050023310",0.395283517992284,0.554564541188996,0.05015194081872,"normal",0.84392857789094
20070101,228.372029411765,217.400249364215,"1050023310",0.32291685887673,0.603470024881065,0.0736131162422046,"normal",0.861851958117104
20080101,356.852176470588,386.367371817648,"1050023310",0.0661008803783574,0.590601776456889,0.343297343164754,"normal",0.8576258424307
20090101,800.892588235294,793.589670574019,"1050023310",2.83415080949089e-05,0.0170908207149667,0.982880837776938,"above",0.0868147579027075
20100101,134.525235294118,130.692518004902,"1050023310",0.530755513438995,0.445734803292467,0.0235096832685378,"below",0.784546055462934
20110101,87.1851470588235,103.038511612255,"1050023310",0.598067952814467,0.386441129732515,0.0154909174530179,"below",0.739414639018755
20120101,92.6185588235294,107.016152353431,"1050023310",0.588515330489414,0.395009343417854,0.0164753260927318,"below",0.74655145068068
20130101,124.109,137.929841681372,"1050023310",0.512911357922148,0.460979279070471,0.0261093630073809,"below",0.79461045028193
20140101,203.451,216.341925410784,"1050023310",0.325271989342577,0.602024781101845,0.0727032295555786,"normal",0.861394392412147
20150101,131.563,126.154227822059,"1050023310",0.541915841693248,0.436090835427494,0.0219933228792579,"below",0.777864510078291
20160101,140.665088235294,117.293804929902,"1050023310",0.563602050173643,0.417127941015463,0.0192700088108948,"below",0.763995446563384
20170101,287.776794117647,252.039360905392,"1050023310",0.250163216790631,0.641417871742791,0.108418911466578,"normal",0.872353683293087
20180101,216.486411764706,224.849171179412,"1050023310",0.306545199426942,0.613189536094387,0.0802652644786715,"normal",0.864818044132942
20190101,56.7666764705882,121.839160696079,"1050023310",0.552496803914028,0.426874234391382,0.0206289616945902,"below",0.771246247449321
20200101,552.272794117647,655.483848617157,"1050023310",0.00075872476649477,0.102649285941333,0.896591989292172,"above",0.336992167521886
20210101,413.101323529412,384.506020903922,"1050023310",0.0675938164247652,0.593336152506978,0.339070031068256,"normal",0.858552616591559
20220101,1155.93855882353,1020.65689460245,"1050023310",2.7898576554535e-08,0.000213466306797194,0.999786505794626,"above",0.00201818066115834
20230101,1790.14488235294,1011.15442107745,"1050023310",3.87291631883263e-08,0.00026606988837008,0.999733891382467,"above",0.00245695540024624
20240101,726.667823529412,833.891390716176,"1050023310",9.52770970529637e-06,0.00896362472046275,0.991026847569832,"above",0.0513026566231678
20250101,322.314485294118,251.518371189215,"1050023310",0.251189502376076,0.640990523747507,0.107819973876416,"normal",0.872251379902373
20260101,322.314485294118,264.146985869607,"1050023310",0.22695173094094,0.650030644012997,0.123017625046063,"normal",0.874339468143994
19930101,252.055125,254.087490875002,"1050023890",0.400701526612173,0.570056457975102,0.0292420154127253,"normal",0.790127159635268
19940101,272.4999375,306.201981109372,"1050023890",0.209320536590386,0.699709011075242,0.0909704523343713,"normal",0.795289823322776
19950101,571.09621875,562.290522203127,"1050023890",0.000194761280437976,0.0800393355788667,0.919765903140695,"above",0.280707914173486
19960101,1003.07409375,840.959881999995,"1050023890",3.35867768085601e-11,5.84600119335477e-06,0.99999415396522,"above",7.62896962892874e-05
19970101,451.1176875,467.804223281254,"1050023890",0.00559417804463204,0.341500444213217,0.652905377742151,"above",0.674270418433981
19980101,219.04909375,240.893768500004,"1050023890",0.456024672801525,0.522955626244645,0.0210197009538307,"normal",0.778269191247827
19990101,470.89465625,481.043621671879,"1050023890",0.00369955450215395,0.292714420995195,0.703586024502651,"above",0.627688715868811
20000101,424.3394375,421.628582578122,"1050023890",0.020525540965965,0.519528620038359,0.459945838995676,"normal",0.77718402722488
20010101,526.96475,521.238017703123,"1050023890",0.000941418705822943,0.166448024313152,0.832610556981025,"above",0.457538559266322
20020101,341.30703125,335.005348359374,"1050023890",0.132046446482278,0.715699612680391,0.152253940837332,"normal",0.793312396056815
20030101,354.1675,340.778427109375,"1050023890",0.11929870035066,0.71344993984569,0.16725135980365,"normal",0.793623803054762
20040101,119.0855,134.16022715625,"1050023890",0.848688681869311,0.150560609396789,0.000750708733899375,"below",0.42970913607609
20050101,265.347625,253.076580296874,"1050023890",0.404885197140963,0.566585500866267,0.0285293019927704,"normal",0.789444020201931
20060101,536.254375,528.697971234378,"1050023890",0.000716589175988914,0.147456601294088,0.851826809529923,"above",0.42406261593672
20070101,166.806375,166.161216734373,"1050023890",0.754476850672685,0.243211916410676,0.00231123291663948,"below",0.570446792600491
20080101,411.16209375,418.373789015625,"1050023890",0.0223104441725264,0.531531070189289,0.446158485638184,"normal",0.780850237253831
20090101,420.42825,442.314319390623,"1050023890",0.0117808475838306,0.440215916090012,0.548003236326157,"above",0.743124527198416
20100101,401.838625,401.374839031246,"1050023890",0.033891656533759,0.590539364186287,0.375568979279953,"normal",0.79355716435523
20110101,253.7115,240.127308187502,"1050023890",0.459275795439658,0.520114962059713,0.0206092425006291,"normal",0.777371878369453
20120101,353.00009375,338.38511578125,"1050023890",0.124473940867054,0.714603961877135,0.16092209725581,"normal",0.79346541229213
20130101,128.553625,145.536719687499,"1050023890",0.81837219777476,0.180494077337998,0.00113372488724239,"below",0.4807383235075
20140101,601.08003125,576.170186937506,"1050023890",0.000109729449276177,0.0602320289242827,0.939658241626441,"above",0.22870884543306
20150101,186.99590625,180.804852343749,"1050023890",0.702659263691322,0.293611491316652,0.00372924499202587,"below",0.628629152352899
20160101,162.4240625,166.659076203125,"1050023890",0.752798340981307,0.24485165285059,0.00235000616810288,"below",0.572519846114995
20170101,160.67603125,164.7532855625,"1050023890",0.759190297263837,0.238605003924273,0.00220469881188989,"below",0.564553604387744
20180101,354.49528125,350.392124703125,"1050023890",0.100044666561058,0.705690469268733,0.194264864170208,"normal",0.794614599798648
20190101,234.4023125,256.621256406249,"1050023890",0.390266415471932,0.578640018509292,0.0310935660187757,"normal",0.791689141742577
20200101,418.09025,435.500443374999,"1050023890",0.0142135040858103,0.466740752318814,0.519045743595376,"above",0.756476891422508
20210101,562.24884375,558.587929296876,"1050023890",0.000226176430798876,0.0860721483123006,0.9137016752569,"above",0.295459118268494
20220101,835.99459375,841.015952093745,"1050023890",3.34526547805725e-11,5.82992695785656e-06,0.999994170039589,"above",7.6095980466636e-05
20230101,1264.077375,841.015952093745,"1050023890",3.34526547805725e-11,5.82992695785656e-06,0.999994170039589,"above",7.6095980466636e-05
20240101,469.40278125,422.001550781248,"1050023890",0.0203289553054918,0.518141907852644,0.461529136841864,"normal",0.77673615716687
20250101,378.166953125,437.88909403125,"1050023890",0.013315510988676,0.457468148021736,0.529216340989588,"above",0.752040465212
20260101,378.166953125,477.343768468754,"1050023890",0.00416043712717166,0.306075846455905,0.689763716416923,"above",0.64136061899036
19930101,529.5107,553.898251683334,"1050023900",2.61770585077896e-05,0.0938297472984277,0.906144075643064,"above",0.311609820667696
19940101,307.993533333333,273.191662249998,"1050023900",0.118237752466123,0.820424546696959,0.0613377008369179,"normal",0.586049445703569
19950101,587.995533333333,573.205175816665,"1050023900",1.10945516237963e-05,0.0649817367493694,0.935007168699007,"above",0.240597333491814
19960101,510.170233333333,487.971378899995,"1050023900",0.000371876317301528,0.258949774025802,0.740678349656896,"above",0.575152569862391
19970101,596.532733333333,590.906189783336,"1050023900",4.88835634823674e-06,0.0450735482462253,0.954921563397426,"above",0.183810208273892
19980101,77.4099666666667,87.0257620833343,"1050023900",0.762262311349698,0.237447991804856,0.000289696845445997,"below",0.55069155972007
19990101,396.182966666667,409.07386858333,"1050023900",0.00510283887063378,0.557945109184208,0.436952051945158,"normal",0.714257083833494
20000101,606.8704,615.13196098334,"1050023900",1.51358433396142e-06,0.0260982369899868,0.973900249425679,"above",0.120927669620225
20010101,411.056266666667,415.846465666668,"1050023900",0.00417217557171065,0.531554584012377,0.464273240415913,"normal",0.715004779247922
20020101,225.458466666667,233.333045166664,"1050023900",0.218403877731423,0.756001379774947,0.0255947424936297,"normal",0.637558561365636
20030101,228.3251,231.925317699997,"1050023900",0.222657978674285,0.752590640119094,0.0247513812066202,"normal",0.639922615370842
20040101,44.6482666666667,67.9105734333329,"1050023900",0.818173030259204,0.181688467906819,0.000138501833976568,"below",0.475285412673877
20050101,194.150833333333,164.790530783332,"1050023900",0.468517997750435,0.527439356744555,0.0040426455050101,"normal",0.714914004984695
20060101,357.0673,320.175387849998,"1050023900",0.0481852479482485,0.80832540664189,0.143489345409861,"normal",0.596719313963592
20070101,65.8151,84.2624619166676,"1050023900",0.770884467130425,0.228854571974908,0.000260960894666984,"below",0.540234923051596
20080101,420.887,423.17238133333,"1050023900",0.00333912631825573,0.502647381451501,0.494013492230244,"normal",0.713168674584096
20090101,385.757233333333,391.099760383331,"1050023900",0.00852597360528195,0.625259908589849,0.366214117804869,"normal",0.702113308105412
20100101,378.212633333333,377.955118833335,"1050023900",0.0121733738638954,0.670743165325887,0.317083460810218,"normal",0.685739356487788
20110101,227.815,295.782897383335,"1050023900",0.0786667465741498,0.826806830748281,0.0945264226775687,"normal",0.580234621933992
20120101,166.0247,153.10009425,"1050023900",0.516015446959537,0.481161350851549,0.00282320218891396,"below",0.709972119320252
20130101,66.2969333333333,71.4410756333333,"1050023900",0.808516075870104,0.191324768999225,0.000159155130670885,"below",0.489655455192037
20140101,727.104266666667,674.558435916676,"1050023900",6.65031917540213e-08,0.00542993437980155,0.994569999117007,"above",0.03373793572893
20150101,435.917933333333,428.811412749997,"1050023900",0.00280323964780409,0.480259710688935,0.516937049663261,"above",0.709803355223073
20160101,111.308933333333,150.095841783332,"1050023900",0.528211791239415,0.469219259861653,0.00256894889893211,"below",0.707508482849522
20170101,166.711633333333,169.688919366666,"1050023900",0.448710024948063,0.54660921577838,0.00468075927355671,"normal",0.714859030575946
20180101,130.0856,115.188764750002,"1050023900",0.665148474495277,0.334046386445103,0.000805139059619542,"below",0.643220819842262
20190101,25.6441333333333,39.8825209000005,"1050023900",0.88377905488285,0.116176959124852,4.39859922979347e-05,"below",0.35971780555325
20200101,315.227366666667,339.780276349999,"1050023900",0.031264417901035,0.775204087895194,0.193531494203771,"normal",0.623568873076202
20210101,443.496233333333,294.17743875,"1050023900",0.081096540027798,0.827103027496679,0.0918004324755226,"normal",0.579961628354616
20220101,892.3687,674.558435916676,"1050023900",6.65031917540213e-08,0.00542993437980155,0.994569999117007,"above",0.03373793572893
20230101,1017.78196666667,674.558435916676,"1050023900",6.65031917540213e-08,0.00542993437980155,0.994569999117007,"above",0.03373793572893
20240101,395.090533333333,357.355362533334,"1050023900",0.0205928366858512,0.732996070616771,0.246411092697378,"normal",0.652798973176236
20250101,367.639966666667,298.060969683333,"1050023900",0.0753142055804113,0.826189561541274,0.0984962328783151,"normal",0.580802642856206
20260101,367.639966666667,306.280479933334,"1050023900",0.0641185924981694,0.822048350911689,0.113833056590142,"normal",0.58458224628353
19930101,229.594387096774,239.115304822579,"1050023950",0.349819143583371,0.64433931347229,0.00584154294433947,"normal",0.680676675740644
19940101,198.654129032258,188.398422403226,"1050023950",0.534548122335718,0.464075560020627,0.00137631764365442,"below",0.70014753221972
19950101,506.542741935484,463.629389983869,"1050023950",0.00661437825605076,0.659726943216873,0.333658678527076,"normal",0.673830074483799
19960101,483.842709677419,483.087284822577,"1050023950",0.00392056527170542,0.594224333607753,0.401855101120541,"normal",0.6973753911542
19970101,435.166516129032,480.7005623871,"1050023950",0.00418709163151342,0.602534634131171,0.393278274237316,"normal",0.69519977995666
19980101,253.637741935484,243.631318516132,"1050023950",0.334368018916978,0.659053647236035,0.00657833384698747,"normal",0.67414654429299
19990101,592.765709677419,568.751079532256,"1050023950",0.000273169656966381,0.291037422429635,0.708689407913399,"above",0.605498593121813
20000101,726.108612903226,700.953620532263,"1050023950",1.37512144319014e-06,0.0374337560965126,0.962564868782044,"above",0.159720802856942
20010101,220.031258064516,218.760752338711,"1050023950",0.422238370110527,0.574409752933818,0.00335187695565498,"normal",0.701607305477507
20020101,402.571451612903,406.729472467744,"1050023950",0.025741697364449,0.805719396053336,0.168538906582215,"normal",0.568355186483796
20030101,431.41964516129,362.85745404839,"1050023950",0.061940767109157,0.852512668503622,0.0855465643872209,"normal",0.518658925488755
20040101,191.870548387097,203.874914677419,"1050023950",0.477080298248832,0.520733057714125,0.00218664403704272,"normal",0.706254633151954
20050101,160.436967741935,174.973139322579,"1050023950",0.583863729484531,0.415229468282656,0.00090680223281292,"below",0.685477686266508
20060101,286.962193548387,251.356956096776,"1050023950",0.308586401685656,0.683383007564907,0.00803059074943679,"normal",0.661728852001259
20070101,37.7131612903226,73.3305370483873,"1050023950",0.876724367389694,0.123251734549943,2.38980603632921e-05,"below",0.373629235876515
20080101,481.381322580645,485.652658919349,"1050023950",0.00365112869893049,0.585222057559892,0.411126813741177,"normal",0.699465154896909
20090101,642.976612903226,605.19579148387,"1050023950",7.3379676732219e-05,0.186899579491053,0.813027040832215,"above",0.482452720730981
20100101,748.590161290323,675.557538903228,"1050023950",4.25305797008798e-06,0.061211302625752,0.938784444316278,"above",0.230344123687011
20110101,231.659161290323,239.504013693551,"1050023950",0.348478934016862,0.64561911610605,0.00590194987708881,"normal",0.680138019194403
20120101,747.081516129032,718.304243645167,"1050023950",6.16395318899917e-07,0.0260129149802478,0.973986468624433,"above",0.120606365209551
20130101,233.466096774194,233.111312774192,"1050023950",0.370748687288136,0.624275597567728,0.00497571514413664,"normal",0.688391203634347
20140101,646.284806451613,671.185524387096,"1050023950",5.13759544871628e-06,0.0662963172310279,0.933698545173523,"above",0.24401890488713
20150101,88.036935483871,118.116004741937,"1050023950",0.770808373228786,0.229059941510772,0.000131685260441383,"below",0.539411998178534
20160101,96.9518064516129,121.331960032259,"1050023950",0.761628081344933,0.238224008511671,0.000147910143396102,"below",0.550436172821773
20170101,194.857935483871,165.792935854838,"1050023950",0.616887953058063,0.382436032795797,0.000676014146140047,"below",0.670528349955237
20180101,519.431193548387,517.32828009677,"1050023950",0.0014513897237834,0.470459769264614,0.528088841011603,"above",0.701412767957837
20190101,137.848709677419,188.793693500002,"1050023950",0.533084242430272,0.46552273553206,0.00139302203766811,"below",0.700447356182733
20200101,326.015677419355,240.911595806452,"1050023950",0.343641715240252,0.650232929743468,0.00612535501628075,"normal",0.67814975465529
20210101,873.381064516129,674.915695096775,"1050023950",4.37312048319888e-06,0.0619381384294787,0.938057488450038,"above",0.23232546587432
20220101,780.332838709677,704.064080548391,"1050023950",1.19309124554745e-06,0.0351282744429992,0.964870532465755,"above",0.152157116801559
20230101,1076.71296774194,700.877871612907,"1050023950",1.37987089302848e-06,0.0374914069634295,0.962507213165678,"above",0.159908014686645
20240101,289.296709677419,260.963697306451,"1050023950",0.277808278565382,0.711967568233261,0.0102241532013568,"normal",0.644552543131633
20250101,364.293564516129,426.877656693551,"1050023950",0.0163746229083454,0.763639071451336,0.219986305640319,"normal",0.606356806409266
20260101,364.293564516129,252.91130051613,"1050023950",0.303506221576835,0.688139088209173,0.00835469021399249,"normal",0.659065054873624
19930101,349.41376,349.417763040003,"1050023960",0.182218233416739,0.61259424254478,0.205187524038481,"normal",0.935421378566751
19940101,252.028,254.766129839999,"1050023960",0.481310208142293,0.472532455990739,0.0461573358669684,"below",0.848154360365493
19950101,426.53928,422.242454580005,"1050023960",0.0583605954711711,0.505786446928594,0.435852957600235,"normal",0.872528012887412
19960101,364.0356,346.884371460002,"1050023960",0.188368747517486,0.612925768965615,0.1987054835169,"normal",0.935582722595417
19970101,492.79208,473.970111199997,"1050023960",0.0207388184242523,0.358094732123189,0.621166449452559,"above",0.7438988372329
19980101,201.82688,205.7866375,"1050023960",0.654758715086023,0.328588405716515,0.0166528791974613,"below",0.711181438678209
19990101,535.44488,545.386597840004,"1050023960",0.00359763185893125,0.165561984240171,0.830840383900898,"above",0.47196319483411
20000101,458.41608,447.722179339997,"1050023960",0.0359134025778496,0.436168858287124,0.527917739135026,"above",0.818613362486249
20010101,538.91772,517.553442620003,"1050023960",0.00745092754346545,0.233085581332456,0.759463491124079,"above",0.584920374656196
20020101,241.92368,244.194885160002,"1050023960",0.519617272500407,0.44279322775683,0.0375894997427625,"below",0.824228923756948
20030101,439.4752,425.249764639997,"1050023960",0.0552430052125158,0.498121037491821,0.446635957295663,"normal",0.86712479823783
20040101,170.2768,201.28156456,"1050023960",0.669718815396537,0.315251779517997,0.015029405085466,"below",0.695499624915027
20050101,441.633,441.158029679995,"1050023960",0.0408797234510441,0.454975485479346,0.50414479106961,"above",0.834280579783638
20060101,424.67772,454.259234779997,"1050023960",0.031470001988572,0.417035783518033,0.551494214493395,"above",0.801785856452128
20070101,229.88872,236.513298599997,"1050023960",0.547359912007705,0.420423570129922,0.0322165178623731,"below",0.804832281655936
20080101,242.35032,255.179874379999,"1050023960",0.479812124566169,0.47366567573051,0.0465221997033211,"below",0.849025495265048
20090101,267.49288,249.141769020002,"1050023960",0.501692231392451,0.456885930599256,0.0414218380082935,"below",0.835824986257581
20100101,355.88752,358.5491607,"1050023960",0.161106885338018,0.609321633689389,0.229571480972593,"normal",0.933818026369637
20110101,343.06936,367.358404040002,"1050023960",0.142317189757538,0.603123651651196,0.254559158591266,"normal",0.930728088420474
20120101,209.64516,251.390159999997,"1050023960",0.493541876494616,0.463192739361102,0.043265384144282,"below",0.840862815459927
20130101,334.95708,336.655117280001,"1050023960",0.214480000322418,0.611707283192311,0.17381271648527,"normal",0.93498874523103
20140101,1345.26452,1045.56904141999,"1050023960",2.36714279854893e-13,1.87178498256557e-08,0.999999981281913,"above",3.51807936720719e-07
20150101,400.79296,398.497119099998,"1050023960",0.0880410559971814,0.558968965407521,0.352989978595298,"normal",0.906640147331186
20160101,311.79748,282.936817140001,"1050023960",0.381003500622079,0.542254303422241,0.0767421959556803,"normal",0.896539174493011
20170101,617.6394,578.256597679997,"1050023960",0.00141163915079241,0.103114824818449,0.895473536030759,"above",0.342395027638163
20180101,356.58772,357.997529300004,"1050023960",0.162335042500456,0.609611116062303,0.228053841437241,"normal",0.933960635239463
20190101,196.5356,220.167261680001,"1050023960",0.605468180152955,0.371657462850973,0.0228743569960727,"below",0.758069091555966
20200101,323.88512,262.287158580001,"1050023960",0.454140354881346,0.492701078654505,0.0531585664641497,"normal",0.863227512139236
20210101,583.10568,548.243641140003,"1050023960",0.00332751726195653,0.159364794390322,0.837307688347721,"above",0.460343580827221
20220101,646.01628,561.772517540001,"1050023960",0.00228008887831637,0.1319994964885,0.865720414633184,"above",0.405995397775386
20230101,644.79952,559.849105040001,"1050023960",0.00240802464327972,0.135688962229254,0.861903013127467,"above",0.413631226362611
20240101,324.53832,343.372194520002,"1050023960",0.197104505082084,0.612969365297337,0.189926129620579,"normal",0.935603924860849
20250101,356.23762,358.093561860004,"1050023960",0.162120797739503,0.609561563915768,0.228317638344729,"normal",0.9339362349543
20260101,356.23762,375.387748700002,"1050023960",0.126534369298244,0.594947826475619,0.278517804226138,"normal",0.926544384240964
19930101,376.24792,370.322439719997,"1050024070",0.00167956392540428,0.118782868071056,0.87953756800354,"above",0.3766895907184
19940101,281.60048,286.05843562,"1050024070",0.646982598831491,0.336731228111128,0.0162861730573811,"below",0.715298668697601
19950101,300.7142,307.585966939997,"1050024070",0.319734589025846,0.582032721134069,0.0982326898400852,"normal",0.907535342004175
19960101,295.63272,296.680785099998,"1050024070",0.484017798332409,0.473271112985095,0.0427110886824951,"below",0.839948221372299
19970101,299.24636,298.281284399998,"1050024070",0.459004604930259,0.49225454696031,0.0487408481094314,"normal",0.853572301892218
19980101,286.62688,288.332171499999,"1050024070",0.613277502726913,0.366442510929942,0.0202799863431451,"below",0.746784989165393
19990101,332.75488,331.97863862,"1050024070",0.07684541606755,0.553781196299256,0.369373387633194,"normal",0.892335359218541
20000101,326.08108,327.865240259998,"1050024070",0.102929232027879,0.586803440331243,0.310267327640878,"normal",0.90994855807516
20010101,301.98564,299.905323880002,"1050024070",0.43378888636474,0.510675043873266,0.0555360697619933,"normal",0.866023445553903
20020101,311.28936,309.203929439999,"1050024070",0.297364153861669,0.592937130156388,0.109698715981943,"normal",0.912987296688969
20030101,370.5932,367.819111519999,"1050024070",0.00229506644174236,0.139039104368228,0.85866582919003,"above",0.419110861998738
20040101,298.3826,293.789293640003,"1050024070",0.529299529488108,0.4373465824768,0.0333538880350919,"below",0.811861813329663
20050101,350.48724,346.636209459995,"1050024070",0.0226217977922658,0.381669881204702,0.595708321003033,"above",0.761913906117909
20060101,319.96424,321.79985812,"1050024070",0.152261982472947,0.616065039266641,0.231672978260412,"normal",0.923809050000357
20070101,280.20404,282.798376300001,"1050024070",0.693306938975305,0.294948208636752,0.0117448523879432,"below",0.666262932330067
20080101,313.405,315.072907880001,"1050024070",0.222869680719262,0.617891524248312,0.159238795032426,"normal",0.924621460008501
20090101,366.61188,363.875643939997,"1050024070",0.00368585262433413,0.175246840503487,0.821067306872179,"above",0.487729192191807
20100101,292.63344,294.396154000001,"1050024070",0.519807699576257,0.44502886443251,0.0351634359912321,"below",0.818129166393681
20110101,323.04632,322.88516088,"1050024070",0.142441975562913,0.612686128573915,0.244871895863172,"normal",0.922289989348436
20120101,330.97176,335.007322919996,"1050024070",0.06110233202958,0.523835833015478,0.415061834954942,"normal",0.874469126487079
20130101,537.95404,476.136361219996,"1050024070",6.73922496979729e-13,4.93281568925141e-08,0.999999950671169,"above",8.79291719759028e-07
20140101,337.12964,337.750888519999,"1050024070",0.0491291856139878,0.493386015004785,0.457484799381228,"normal",0.854358674158097
20150101,295.66996,296.890052480002,"1050024070",0.480741589610353,0.475794980032957,0.0434634303566899,"below",0.841806904233801
20160101,363.70716,363.374486419995,"1050024070",0.0039083932845307,0.180217173145732,0.815874433569738,"above",0.496515629507337
20170101,280.83216,283.772087919998,"1050024070",0.67974910580734,0.307281465863481,0.0129694283291782,"below",0.681348222663698
20180101,286.3324,289.189936000004,"1050024070",0.600320821947901,0.377690481845886,0.0219886962062137,"below",0.758023953086938
20190101,304.01112,300.6432544,"1050024070",0.422413559229095,0.518725291679015,0.0588611490918901,"normal",0.871233425156656
20200101,356.09896,352.511545499997,"1050024070",0.0127687675088993,0.30532197791358,0.681909254577521,"above",0.678986776262122
20210101,287.05976,294.6468079,"1050024070",0.51588366308266,0.448182353883608,0.0359339830337322,"below",0.820660020396756
20220101,299.37116,300.49485162,"1050024070",0.424696339638912,0.517123464445883,0.0581801959152051,"normal",0.870207811765247
20230101,328.73184,331.471244739997,"1050024070",0.0797605303464466,0.558361838510232,0.361877631143322,"normal",0.89490706531307
20240101,288.769,286.98004112,"1050024070",0.633442557546469,0.348741945476947,0.0178154969765838,"below",0.728349016092767
20250101,297.431708333333,297.974047719999,"1050024070",0.463796710154506,0.488669914658836,0.0475333751866576,"normal",0.851062092119121
20260101,304.01112,299.955600340002,"1050024070",0.433012011354357,0.511230187123716,0.0557578015219277,"normal",0.866387195262598
19930101,50.9696129032258,39.5365733064517,"1050024080",0.364457919273271,0.549351374745996,0.086190705980733,"normal",0.908204350099167
19940101,91.517935483871,80.5055787096775,"1050024080",0.117189570889806,0.581977336848716,0.300833092261478,"normal",0.927648813721697
19950101,119.293806451613,116.388520306452,"1050024080",0.026981250998491,0.387521322801799,0.58549742619971,"above",0.778249952186286
19960101,84.2456774193548,85.5220645000001,"1050024080",0.0981223132830546,0.564209252920068,0.337668433796878,"normal",0.917312371955042
19970101,101.418129032258,95.5588060322583,"1050024080",0.0669699232941709,0.51713842110127,0.415891655604559,"normal",0.886952592979018
19980101,18.3436129032258,22.5324275000001,"1050024080",0.501255201523275,0.455508537364128,0.043236261112597,"below",0.840180182209016
19990101,171.250193548387,178.180190758066,"1050024080",0.000691991284949285,0.06784036345089,0.931467645264161,"above",0.253694476263381
20000101,68.5934516129032,62.1169945000001,"1050024080",0.208692458947511,0.607298843647075,0.184008697405414,"normal",0.941364447179361
20010101,226.686225806452,218.3779965,"1050024080",2.85245039613209e-05,0.0103180683922218,0.989653407103817,"above",0.0577847700206373
20020101,24.1326774193548,19.1867773548387,"1050024080",0.528680890803803,0.434035247537176,0.0372838616590204,"below",0.821857993217993
20030101,98.7803225806452,105.114233370967,"1050024080",0.0450125104513129,0.461328026303768,0.493659463244919,"above",0.844958840177044
20040101,0.459806451612903,6.78282275806458,"1050024080",0.628188485893088,0.35104750030104,0.0207640138058722,"below",0.739993504595654
20050101,86.0372258064516,85.8334163548383,"1050024080",0.0970185826394114,0.562969795080887,0.340011622279701,"normal",0.916568911006463
20060101,143.095225806452,141.133913887097,"1050024080",0.00742407781389497,0.226832052929634,0.765743869256471,"above",0.577298911018025
20070101,14.9086129032258,15.9308093225806,"1050024080",0.555242517884475,0.412606310382676,0.0321511717328491,"below",0.802454958572282
20080101,1.55212903225806,37.6176226774192,"1050024080",0.37938282032118,0.540466338539214,0.0801508411396067,"normal",0.902551053853723
20090101,6.34303225806452,13.4128447258063,"1050024080",0.575621049633188,0.395784434446669,0.0285945159201436,"below",0.786406049286727
20100101,42.925935483871,50.3910586290326,"1050024080",0.284404653747554,0.588733987268306,0.12686135898414,"normal",0.931423856262307
20110101,34.1624838709677,34.5249085161293,"1050024080",0.403810565573956,0.52509163799888,0.0710977964271641,"normal",0.892395223854116
20120101,7.15,32.3849489677421,"1050024080",0.420941781167806,0.51374994012161,0.0653082787105843,"normal",0.884593980153594
20130101,120.694774193548,110.181487354838,"1050024080",0.0359713124897248,0.42883936895806,0.535189318552215,"above",0.817257905117598
20140101,464.70964516129,361.452176854839,"1050024080",1.61633126425461e-12,7.35856656719491e-08,0.999999926412718,"above",1.28226215285995e-06
20150101,89.1671612903226,101.969561580644,"1050024080",0.0514883141415847,0.480619197327176,0.467892488531239,"normal",0.860247210409877
20160101,59.3561612903226,56.3461021612899,"1050024080",0.244380787773187,0.601489215332854,0.154129996893959,"normal",0.938321091307285
20170101,246.975,232.30402285484,"1050024080",8.12206225426285e-06,0.00465381935288234,0.995338058584863,"above",0.0297375776062542
20180101,75.0033225806452,79.1268333064514,"1050024080",0.122862035077672,0.586102346722599,0.291035618199729,"normal",0.929963597998288
20190101,7.24838709677419,19.5891495645159,"1050024080",0.525387093883961,0.436650651854439,0.0379622542616006,"below",0.824148603297423
20200101,89.538935483871,88.8563195967737,"1050024080",0.0867728579328688,0.550155769251458,0.363071372815674,"normal",0.908708469179005
20210101,180.420096774194,140.091551725807,"1050024080",0.00787573141738194,0.233007533660688,0.75911673492193,"above",0.586780615391275
20220101,110.761935483871,103.644371629032,"1050024080",0.047952792216475,0.470441431939168,0.481605775844357,"above",0.852286042154229
20230101,262.903322580645,229.611862629034,"1050024080",1.04181123018954e-05,0.00546009996137309,0.994529481926325,"above",0.0340237379439916
20240101,51.6290967741935,36.7120991451615,"1050024080",0.386490148142151,0.536095530743082,0.0774143211147671,"normal",0.899712393345926
20250101,85.1414516129032,83.1804981935482,"1050024080",0.106718990743456,0.573028365202702,0.320252644053842,"normal",0.922517521625884
20260101,85.1414516129032,95.8932423225804,"1050024080",0.0660819943249721,0.515341634286995,0.418576371388032,"normal",0.885704883749658
19930101,422.961322580645,411.211320354836,"1050024310",0.832657597306979,0.167186011982755,0.000156390710265963,"below",0.452894333597059
19940101,668.265096774194,574.811702096781,"1050024310",0.57007325210282,0.427497867937562,0.00242887995961771,"below",0.698288593506888
19950101,661.161709677419,823.843548048393,"1050024310",0.153112993825487,0.79390294335613,0.0529840628183829,"normal",0.626211409468315
19960101,910.547387096774,886.738718338718,"1050024310",0.0923906356924981,0.813115683030221,0.094493681277281,"normal",0.611200025323237
19970101,746.109774193548,770.270463241928,"1050024310",0.222111988365311,0.747469437436669,0.0304185741980205,"normal",0.657986684005468
19980101,792.717580645161,822.020453483868,"1050024310",0.155198294593061,0.792759497228038,0.0520422081789016,"normal",0.627070412607653
19990101,1395.49864516129,1408.53477146774,"1050024310",6.15229548772773e-05,0.114965472298183,0.88497300474694,"above",0.357423093223903
20000101,1039.53077419355,1135.81762206452,"1050024310",0.00576622624087528,0.539464313710542,0.454769460048582,"normal",0.721017269211713
20010101,1141.42277419355,1026.71703135485,"1050024310",0.0227212731076035,0.715939552059552,0.261339174832845,"normal",0.675926134280989
20020101,1141.39009677419,1042.38036025807,"1050024310",0.0189472379324816,0.694594955264142,0.286457806803376,"normal",0.686394570423364
20030101,1444.6785483871,1349.11724114516,"1050024310",0.000189906309569675,0.180176299002513,0.819633794687918,"above",0.473440171805336
20040101,345.935967741935,355.071626580649,"1050024310",0.891617992641623,0.108328680937555,5.33264208221196e-05,"below",0.343578604917386
20050101,462.358290322581,520.25416459678,"1050024310",0.669812910021321,0.329149142129656,0.00103794784902322,"below",0.641328450730187
20060101,1428.09187096774,1330.44982340323,"1050024310",0.000266305681990293,0.204692570292246,0.795041124025764,"above",0.509236489011748
20070101,814.197290322581,795.923799209682,"1050024310",0.187090984803554,0.772943800126183,0.0399652150702633,"normal",0.641343156470798
20080101,221.725193548387,386.1378541129,"1050024310",0.861153025730664,0.138749421645118,9.75526242180669e-05,"below",0.403670697403105
20090101,345.289548387097,355.508834854844,"1050024310",0.891225619791241,0.108720590652258,5.37895565002611e-05,"below",0.344408406075075
20100101,1007.40087096774,955.906934758068,"1050024310",0.048517542752243,0.788027348916794,0.163455108330963,"normal",0.630584313824973
20110101,738.716709677419,786.060085483863,"1050024310",0.200132558072895,0.763827183130881,0.0360402587962244,"normal",0.647519900598451
20120101,357.185870967742,349.769779258068,"1050024310",0.89629527313743,0.103656725362279,4.80015002902734e-05,"below",0.333564211217625
20130101,1609.98141935484,1555.7970503871,"1050024310",2.68961694333441e-06,0.0280852098227037,0.971912100560353,"above",0.128058939956514
20140101,1369.64058064516,1395.7673816129,"1050024310",7.88978145052341e-05,0.127332808976075,0.87258829320942,"above",0.382098375720408
20150101,374.571870967742,404.654739870969,"1050024310",0.840449611644838,0.159411970850314,0.000138417504848221,"below",0.440037746912915
20160101,870.617096774194,846.606806629033,"1050024310",0.128641305621912,0.805443090118285,0.0659156042598036,"normal",0.617325687773912
20170101,1663.69977419355,1585.5861616613,"1050024310",1.34654431308853e-06,0.0200261599764139,0.979972493479273,"above",0.0981604276045291
20180101,986.297064516129,923.023366338706,"1050024310",0.0666802332845536,0.805921475214162,0.127398291501285,"normal",0.616948841679027
20190101,728.171322580645,729.545700274197,"1050024310",0.284717229662535,0.696097412440196,0.0191853578972695,"normal",0.685702092819285
20200101,1213.33987096774,1198.05716040323,"1050024310",0.00235679844138569,0.423777535848687,0.573865665709927,"above",0.696794476625291
20210101,1322.98029032258,1428.25979541935,"1050024310",4.15976601681592e-05,0.0975759361881496,0.902382466151682,"above",0.320180819343627
20220101,1315.87909677419,1429.90176669355,"1050024310",4.02487098709124e-05,0.0962202911479296,0.903739460142199,"above",0.317141340378954
20230101,1598.60238709677,1463.97335496775,"1050024310",2.00365898157388e-05,0.0711271593958805,0.928852804014304,"above",0.256780161031396
20240101,570.468548387097,401.947508225812,"1050024310",0.843596548807122,0.15627187438203,0.000131576810848744,"below",0.434720728601798
20250101,890.582241935484,878.689933774195,"1050024310",0.098977338961716,0.812891998214154,0.0881306628241296,"normal",0.611381074998594
20260101,890.582241935484,961.371999000001,"1050024310",0.0459239947379434,0.784041261660564,0.170034743601493,"normal",0.633492877204141
19930101,250.604133333333,251.351354083334,"1050024320",0.470509557905482,0.518302397675033,0.011188044419485,"normal",0.745628863992575
19940101,305.746633333333,321.271094999999,"1050024320",0.228271368734085,0.718395441455543,0.0533331898103723,"normal",0.731135713994245
19950101,153.216966666667,178.256912066667,"1050024320",0.734677122070906,0.263904671279699,0.00141820664939507,"below",0.587385006259499
19960101,1165.68606666667,933.455631466655,"1050024320",1.84917164707067e-11,1.03236146696828e-05,0.999989676366839,"above",0.000128850247688421
19970101,237.594533333333,258.130381899997,"1050024320",0.444723870259913,0.542029652375882,0.0132464773642056,"normal",0.749596288654591
19980101,596.1884,653.856597049997,"1050024320",4.17369645130266e-05,0.0574378176696807,0.942520445365806,"above",0.220318744200683
19990101,488.595133333333,544.751944450003,"1050024320",0.00193950579185361,0.29614237241689,0.701918121791256,"above",0.620928778740672
20000101,273.002066666667,251.520590116667,"1050024320",0.469863862798483,0.518900302237653,0.0112358349638636,"normal",0.745748818685053
20010101,239.4069,235.319883383334,"1050024320",0.531786014203553,0.460822889468795,0.00739109632765211,"below",0.729120632866866
20020101,247.0107,260.309566383335,"1050024320",0.436478964156703,0.549546805072077,0.0139742307712198,"normal",0.750517588401295
20030101,534.088266666667,507.94121938334,"1050024320",0.00562549983479427,0.424170588555187,0.570203911610018,"above",0.71323805211356
20040101,231.0808,244.729209549999,"1050024320",0.495819324489891,0.494729011041819,0.00945166446828971,"below",0.740061584795378
20050101,194.106133333333,207.452830349998,"1050024320",0.635711165688719,0.360872891495225,0.00341594281605562,"below",0.675196586852714
20060101,359.643566666667,380.988333833338,"1050024320",0.0938744416658659,0.757105089052756,0.149020469281378,"normal",0.716440842252272
20070101,306.944933333333,283.402921783335,"1050024320",0.351461234363259,0.62449154782593,0.0240472178108108,"normal",0.751170717403323
20080101,309.1046,365.108070966669,"1050024320",0.12201583351095,0.761538276915769,0.11644588957328,"normal",0.71452430599286
20090101,314.550833333333,327.081311383336,"1050024320",0.211775906427516,0.728564437929098,0.0596596556433863,"normal",0.727631895324071
20100101,372.1491,359.654130899999,"1050024320",0.132926622771012,0.760553186615192,0.106520190613795,"normal",0.714954295864778
20110101,596.747166666667,597.200337733334,"1050024320",0.000348392379108776,0.150470015350881,0.84918159227001,"above",0.426588982464148
20120101,626.6609,581.560261550005,"1050024320",0.00059587865092982,0.188040065420133,0.811364055928937,"above",0.488264743564351
20130101,625.179433333333,568.46990221667,"1050024320",0.000918780397335795,0.223488903369068,0.775592316233596,"above",0.538398789675933
20140101,492.200633333333,509.435155950005,"1050024320",0.00539956532360812,0.418776709108343,0.575823725568049,"above",0.710532064010161
20150101,375.2027,386.028989150002,"1050024320",0.0860307037844922,0.753444056598462,0.160525239617046,"normal",0.717987579428904
20160101,383.129233333333,394.673006583337,"1050024320",0.0737372173905557,0.74469362775766,0.181569154851784,"normal",0.721552273673209
20170101,427.543833333333,396.757879283338,"1050024320",0.0709835459191733,0.742124115173508,0.186892338907319,"normal",0.722563519466672
20180101,201.6961,214.306468016667,"1050024320",0.61075547580362,0.385089428338644,0.0041550958577361,"below",0.691405397001435
20190101,213.713666666667,225.744645216668,"1050024320",0.568120530390638,0.426168254261909,0.00571121534745223,"below",0.714215813876099
20200101,245.046366666667,278.320263049999,"1050024320",0.369705525468526,0.608875067076486,0.0214194074549872,"normal",0.752288107909055
20210101,623.2776,586.098627033335,"1050024320",0.000511052127000884,0.176592666489204,0.822896281383795,"above",0.47047213841369
20220101,523.366266666667,534.051020550003,"1050024320",0.00267465403903724,0.331906333625392,0.66541901233557,"above",0.652955472862036
20230101,327.440166666667,365.700985716668,"1050024320",0.120868736649876,0.761568025739549,0.117563237610575,"normal",0.714511284100108
20240101,269.1884,324.198572566667,"1050024320",0.219871393561413,0.723677678008446,0.0564509284301409,"normal",0.729347568796076
20250101,320.9955,324.340201366667,"1050024320",0.219469559773126,0.72392511060846,0.0566053296184137,"normal",0.72926211567796
20260101,320.9955,295.862878849999,"1050024320",0.308229482292985,0.660117522158413,0.0316529955486019,"normal",0.746225408924685
19930101,622.070733333333,617.61346688334,"1050024870",0.470061795412944,0.523412374939784,0.00652582964727233,"normal",0.72653302159132
19940101,1046.60616666667,1020.31200816668,"1050024870",0.00294132442606718,0.419058255002865,0.578000420571068,"above",0.698467299810751
19950101,233.745066666667,326.369983166666,"1050024870",0.968734854467879,0.031260210209178,4.93532294265631e-06,"below",0.139160942196388
19960101,887.759033333333,872.179089349991,"1050024870",0.0384695195479931,0.746398981533096,0.215131498918911,"normal",0.674198191201912
19970101,646.430866666667,602.081612066668,"1050024870",0.511255972424067,0.483884804405028,0.00485922317090515,"below",0.720134437360607
19980101,1086.47843333333,1079.62970555,"1050024870",0.000819459155358544,0.276300409883454,0.722880130961188,"above",0.595802944282822
19990101,1131.31866666667,1124.24332266666,"1050024870",0.000284788323240415,0.186923311232911,0.812791900443848,"above",0.484281604694355
20000101,862.961,938.511772616674,"1050024870",0.0135512586047977,0.622315718513353,0.36413302288185,"normal",0.721317156191437
20010101,661.099,661.425952533337,"1050024870",0.356959733806654,0.628809805773922,0.0142304604194244,"normal",0.719950436588437
20020101,795.249566666667,817.380666099994,"1050024870",0.0801359460609723,0.795473168809496,0.124390885129532,"normal",0.643555502418328
20030101,770.568033333333,788.728653633323,"1050024870",0.112462285414335,0.798052865128309,0.0894848494573555,"normal",0.641758978313095
20040101,559.0801,522.079627816671,"1050024870",0.712419966314275,0.286669432445633,0.000910601240091791,"below",0.606120444799894
20050101,524.0535,489.901586649996,"1050024870",0.780696456174108,0.218872451384793,0.000431092441098402,"below",0.529142254813188
20060101,826.528833333333,817.303271916656,"1050024870",0.0802126203933702,0.795502095927513,0.124285283679117,"normal",0.643535459920598
20070101,379.8203,424.669071350004,"1050024870",0.886579578715745,0.113337482022063,8.2939262192161e-05,"below",0.354289127881018
20080101,920.291166666667,908.560137016665,"1050024870",0.022174821032567,0.685532763012013,0.29229241595542,"normal",0.702808298808294
20090101,857.829333333333,854.237396616664,"1050024870",0.0495365362608874,0.768552630931277,0.181910832807835,"normal",0.661197565090259
20100101,886.886833333333,895.903862099995,"1050024870",0.0270166582083644,0.708930949222859,0.264052392568777,"normal",0.693049736650293
20110101,1277.9687,1229.3152269,"1050024870",1.70098362274353e-05,0.056208658982122,0.943774331181651,"above",0.216608309607568
20120101,1562.52746666667,1397.64586783333,"1050024870",7.02325916326976e-08,0.00339292752122367,0.996607002246185,"above",0.0226807886204334
20130101,1136.35306666667,1137.60289128333,"1050024870",0.000204209292632478,0.164052583213293,0.835743207494074,"above",0.448231928636583
20140101,1107.28326666667,1074.55607063334,"1050024870",0.000919302500604842,0.28761752692062,0.711463170578775,"above",0.607039251322553
20150101,348.280066666667,386.866753816665,"1050024870",0.927859652153291,0.0721109390824843,2.94087642248586e-05,"below",0.259399443893867
20160101,972.110066666667,1055.83794871665,"1050024870",0.00139212936446458,0.331066816264096,0.667541054371439,"above",0.644918436076417
20170101,853.702466666667,855.864874083333,"1050024870",0.0484379564826771,0.766777149456254,0.184784894061069,"normal",0.662290070518175
20180101,458.723433333333,476.341897816665,"1050024870",0.806414617332762,0.193274834698779,0.000310547968458974,"below",0.493688958074442
20190101,523.732066666667,481.897129266664,"1050024870",0.79610835014913,0.203536111014412,0.000355538836457892,"below",0.508363803758406
20200101,829.710066666667,871.631781299995,"1050024870",0.0387744711031532,0.747156806965431,0.214068721931416,"normal",0.673776167106181
20210101,800.748933333333,805.86872329999,"1050024870",0.0921602302265912,0.798472848288478,0.109366921484931,"normal",0.641464746415399
20220101,710.012833333333,739.7363589,"1050024870",0.187379795665412,0.765148439880025,0.0474717644545625,"normal",0.663284520322976
20230101,668.103933333333,641.413667466671,"1050024870",0.407703546813228,0.582234102922487,0.0100623502642848,"normal",0.726994354720125
20240101,596.101666666667,601.950242100005,"1050024870",0.511604504496156,0.483548578692448,0.00484691681139593,"below",0.720058387520432
20250101,813.638883333333,863.519748699995,"1050024870",0.0435295571317073,0.757792220814912,0.19867822205338,"normal",0.667683687680355
20260101,813.638883333333,799.746256066658,"1050024870",0.0990756087783737,0.798995024818097,0.10192936640353,"normal",0.64109823585568
19930101,947.960777777778,952.441488277785,"1050870170",0.533199534781114,0.455391655271735,0.0114088099471515,"below",0.744553362611586
19940101,906.131611111111,916.782749541666,"1050870170",0.675038085221813,0.320901776330571,0.00406013844761544,"below",0.652381376996084
19950101,1151.58455555556,1123.49948233335,"1050870170",0.0451081173300679,0.645967400136734,0.308924482533198,"normal",0.784948741512078
19960101,1112.05405555556,1104.87200170835,"1050870170",0.0667181296614054,0.688961179558529,0.244320690780066,"normal",0.781625773205574
19970101,1133.12841666667,1101.77240423611,"1050870170",0.0709871912177964,0.694689005594763,0.23432380318744,"normal",0.780864108717004
19980101,1306.64619444444,1304.16383984722,"1050870170",0.000177364618004682,0.0838474268770889,0.915975208504906,"above",0.289760765994755
19990101,1408.09480555556,1420.43586083334,"1050870170",8.76848461882986e-07,0.00484334343178761,0.995155779719751,"above",0.0306604444160006
20000101,1002.22802777778,1024.79081163888,"1050870170",0.251903076292091,0.684423259305588,0.0636736644023211,"normal",0.782176538391314
20010101,945.265444444444,996.822273597233,"1050870170",0.352762087158005,0.612497880256831,0.0347400325851639,"normal",0.784538683722029
20020101,868.033388888889,894.835942458338,"1050870170",0.752358823316386,0.245621619873916,0.00201955680969823,"below",0.571452399203658
20030101,1500.19458333333,1475.46104234722,"1050870170",4.35619005592374e-08,0.000792717588856573,0.999207238849243,"above",0.00645322325812433
20040101,1233.44288888889,1280.70732661111,"1050870170",0.000437507340713829,0.127803302477412,0.871759190181875,"above",0.385950875934285
20050101,1231.28369444444,1184.73517411111,"1050870170",0.00988729587882648,0.435454953271208,0.554657750849965,"above",0.734583794257416
20060101,973.813277777778,997.897557916655,"1050870170",0.348620319168923,0.615772758899593,0.0356069219314848,"normal",0.78469725144219
20070101,1038.1925,1070.40173312501,"1050870170",0.126626155923044,0.72666967551483,0.146704168562126,"normal",0.775263237118499
20080101,1454.68011111111,1449.01471127778,"1050870170",1.9182562065638e-07,0.00196474635823307,0.998035061816146,"above",0.0142110430567955
20090101,1051.92861111111,1028.61893373611,"1050870170",0.239381498427258,0.691828823867205,0.0687896777055372,"normal",0.781253699399336
20100101,896.677,899.546547541672,"1050870170",0.736626792690789,0.261017572810109,0.00235563449910214,"below",0.590011733853797
20110101,893.317888888889,891.102264805555,"1050870170",0.764462298166164,0.233752922445866,0.00178477938797061,"below",0.556373832360815
20120101,1098.87372222222,1073.35217591666,"1050870170",0.120368763024424,0.725770341887812,0.153860895087764,"normal",0.775451692327559
20130101,1100.59227777778,1093.78246019444,"1050870170",0.0829575269510518,0.707413664202803,0.209628808846146,"normal",0.778908203312614
20140101,964.625083333333,944.51666743056,"1050870170",0.565790521760752,0.425043065491644,0.0091664127476041,"below",0.72889805781616
20150101,1089.42472222222,1084.40814918056,"1050870170",0.0988668806517963,0.71843336377413,0.182699755574073,"normal",0.776922645405228
20160101,921.896972222222,948.374418625005,"1050870170",0.549967291680315,0.439828088130426,0.0102046201892591,"below",0.736873001538655
20170101,1561.91716666667,1504.26039069444,"1050870170",7.97636315959023e-09,0.000272264834313418,0.999727727189323,"above",0.00250733443363071
20180101,984.438277777778,973.300986180547,"1050870170",0.446919051003878,0.533367820371626,0.019713128624496,"normal",0.772586838880977
20190101,1031.56288888889,1062.21982613889,"1050870170",0.145150404638144,0.726807991989297,0.128041603372559,"normal",0.775234095291163
20200101,1054.68416666667,1002.49005118055,"1050870170",0.331138518712158,0.629350379401083,0.0395111018867597,"normal",0.785079124928402
20210101,936.838916666667,976.287058999999,"1050870170",0.434676864226493,0.544077686844029,0.0212454489294781,"normal",0.775141380906292
20220101,1221.20244444444,1193.36824293055,"1050870170",0.00775365558567301,0.402399943695708,0.589846400718619,"above",0.715363656820454
20230101,1717.80380555556,1503.80821569444,"1050870170",8.19735079066168e-09,0.000277051933714634,0.999722939868935,"above",0.00254659142798683
20240101,1117.44547222222,1046.64625581944,"1050870170",0.185226006705434,0.717549963333176,0.0972240299613901,"normal",0.777091742976562
20250101,1072.05444444444,1076.70802341666,"1050870170",0.113520148813709,0.724202516808801,0.16227733437749,"normal",0.775775978716556
20260101,1072.05444444444,1079.75681243055,"1050870170",0.107543183140956,0.722278132616952,0.170178684242092,"normal",0.776166621304471
19930101,228.1371,240.885428849999,"1050873640",0.747044276565415,0.252559618353442,0.000396105081142961,"below",0.568513455153395
19940101,375.071233333333,352.83138483333,"1050873640",0.364555482920083,0.62590482875967,0.00953968832024676,"normal",0.705517875832827
19950101,525.371533333333,516.843712433333,"1050873640",0.0337524490853764,0.771900274255201,0.194347276659423,"normal",0.632583869716801
19960101,616.7725,631.110723733334,"1050873640",0.00211289372317342,0.430191143242779,0.567695963034048,"above",0.697304063074069
19970101,522.7055,501.732974233331,"1050873640",0.0453459295968383,0.795641751698381,0.15901231870478,"normal",0.614551015017881
19980101,228.816,226.320729683332,"1050873640",0.787222706891135,0.212533154701481,0.000244138407383576,"below",0.519510084788885
19990101,704.223433333333,724.617857016664,"1050873640",0.000105399015196973,0.154845811569092,0.84504878941571,"above",0.432076234135953
20000101,538.1913,524.534294483337,"1050873640",0.0288619754553069,0.757102362801979,0.214035661742714,"normal",0.642951320189729
20010101,285.7097,309.982149266669,"1050873640",0.516300419692484,0.480543944068683,0.0031556362388333,"below",0.711641024990934
20020101,449.9884,455.68265833333,"1050873640",0.10103855946486,0.82037275190303,0.0785886886321109,"normal",0.593929343786754
20030101,824.465033333333,781.326161049994,"1050873640",1.23174501060541e-05,0.0632645627054756,0.936723119844418,"above",0.236007918456421
20040101,300.3472,296.609406583333,"1050873640",0.564230695070249,0.433596976528438,0.00217232840131232,"below",0.698556269603577
20050101,623.241833333333,623.722553399997,"1050873640",0.00260271996186759,0.456079987000698,0.541317293037434,"above",0.705785119856333
20060101,438.6178,449.379583866668,"1050873640",0.111478562586031,0.817954585572334,0.0705668518416358,"normal",0.596028563969796
20070101,319.224666666667,302.82655245,"1050873640",0.542021295466798,0.455390230268137,0.00258847426506437,"below",0.705589884567442
20080101,861.758866666667,825.301487800001,"1050873640",1.96100653015609e-06,0.0271009586501841,0.972897080343286,"above",0.124543347702742
20090101,505.5799,497.994462816671,"1050873640",0.0486608728434384,0.800374737890327,0.150964389266235,"normal",0.610749692339458
20100101,610.7294,619.562808666665,"1050873640",0.00292161856454025,0.47070115468965,0.52637722674581,"above",0.709533600993095
20110101,482.538933333333,488.811059766671,"1050873640",0.057628333732779,0.810007680252805,0.132363986014416,"normal",0.60280071835535
20120101,715.196533333333,684.611164033327,"1050873640",0.000412575041531601,0.256165004477459,0.743422420481009,"above",0.572512889299328
20130101,283.064433333333,285.837607900002,"1050873640",0.602196534777475,0.396211102891188,0.00159236233133653,"below",0.682491179573955
20140101,192.362566666667,200.461526533334,"1050873640",0.848607946571744,0.151292743787266,9.93096409901417e-05,"below",0.425943320854624
20150101,181.9203,200.836767783333,"1050873640",0.847811126226678,0.152088222225399,0.000100651547923269,"below",0.427324706053981
20160101,1141.9985,1004.47717936666,"1050873640",2.26646675144011e-10,0.00019690969876518,0.999803090074588,"above",0.00187707981871561
20170101,486.7317,499.985073200003,"1050873640",0.0468724618450848,0.797912302924581,0.155215235230334,"normal",0.612735979762232
20180101,430.932333333333,449.393501883335,"1050873640",0.111454689540171,0.817961466325894,0.0705838441339345,"normal",0.596022616268354
20190101,460.925566666667,460.509642216662,"1050873640",0.0935391074429721,0.821275422883183,0.085185469673845,"normal",0.593141121685667
20200101,574.624066666667,505.902777000003,"1050873640",0.0418654506421154,0.789820189560397,0.168314359797488,"normal",0.619132483361941
20210101,538.628633333333,521.98790181667,"1050873640",0.0304115195046739,0.762196868830654,0.207391611664672,"normal",0.639457661625031
20220101,967.562466666667,923.710758483328,"1050873640",1.84916222862128e-08,0.00244341190106967,0.997556569607308,"above",0.0171363305911338
20230101,701.347633333333,692.985743516663,"1050873640",0.000313233577163604,0.232502882068546,0.76718388435429,"above",0.54504058651292
20240101,676.733966666667,707.346221083329,"1050873640",0.000192873367471065,0.194877248809226,0.804929877823303,"above",0.495019022643701
20250101,514.1427,497.536470733337,"1050873640",0.0490799668284377,0.800922593463087,0.149997439708476,"normal",0.610305244183043
20260101,514.1427,491.768218483335,"1050873640",0.0546088312282727,0.807218372947917,0.13817279582381,"normal",0.60513170685097
19930101,796.236233333333,908.753822633344,"1050874640",0.0532637419650213,0.890444129669136,0.0562921283658429,"normal",0.421482249543305
19940101,577.238566666667,530.082023666666,"1050874640",0.495091308373771,0.504193327371325,0.000715364254904149,"normal",0.698506164626872
19950101,1283.2898,1158.99908515001,"1050874640",0.00376464315763197,0.697556350766638,0.29867900607573,"normal",0.633174355929918
19960101,1285.63726666667,1305.58413334999,"1050874640",0.000496502287172904,0.462924968948708,0.536578528764119,"above",0.694360529064198
19970101,960.687266666667,973.398885266666,"1050874640",0.0295510164825701,0.875899631747238,0.0945493517701924,"normal",0.443135213986249
19980101,957.462966666667,1053.77811765,"1050874640",0.0129596300364994,0.821829382154922,0.165210987808578,"normal",0.515050511459529
19990101,712.156033333333,703.863747233344,"1050874640",0.227422675369598,0.765500147563136,0.0070771770672664,"normal",0.576400170360665
20000101,734.343333333333,719.957945250008,"1050874640",0.207411299352027,0.784054878796168,0.00853382185180485,"normal",0.557663317435883
20010101,725.9031,669.87695741667,"1050874640",0.273053079640174,0.722245897713512,0.00470102264631367,"normal",0.614655901399508
20020101,457.323533333333,496.788241166662,"1050874640",0.55113146767939,0.448433059607283,0.00043547271332689,"below",0.691365768861874
20030101,1061.0199,1002.78744128333,"1050874640",0.0221236522077406,0.860645333624139,0.117231014168121,"normal",0.464772503514622
20040101,1074.53623333333,1085.16775491666,"1050874640",0.00913278012552067,0.790551285625983,0.200315934248497,"normal",0.550765477626745
20050101,876.4455,855.041309116672,"1050874640",0.0827501464842841,0.882401409318942,0.0348484441967739,"normal",0.433580598005466
20060101,1341.4707,1308.38936103332,"1050874640",0.000475956128567581,0.458234465386332,0.5412895784851,"above",0.693479567783632
20070101,271.8493,300.352152133335,"1050874640",0.831321431106266,0.168662662358132,1.59065356022392e-05,"below",0.453948059081695
20080101,530.9512,458.746400633336,"1050874640",0.613873372667235,0.385885218644298,0.000241408688466671,"below",0.669006218443949
20090101,515.838333333333,525.067908333325,"1050874640",0.503552129584787,0.495783242761894,0.000664627653319205,"below",0.698183308735644
20100101,1502.64,1452.56467813332,"1050874640",4.53530886194552e-05,0.237719224806525,0.762235422104856,"above",0.548923253273126
20110101,295.6222,365.6616102,"1050874640",0.752745924547306,0.247202665622832,5.14098298617371e-05,"below",0.559785556457684
20120101,1526.72266666667,1473.0872588,"1050874640",3.15375213231264e-05,0.211731878929426,0.788236583549251,"above",0.516593158329337
20130101,431.906266666667,458.466335749998,"1050874640",0.614326500624043,0.385433158616863,0.000240340759093627,"below",0.668787542012605
20140101,451.7579,459.98018306667,"1050874640",0.611875345512855,0.387878488295628,0.000246166191517516,"below",0.669960454231692
20150101,173.613766666667,250.03981716667,"1050874640",0.87944361269417,0.120550256780656,6.13052517439705e-06,"below",0.368098830697047
20160101,2157.81493333333,1880.26542201665,"1050874640",5.22459623471405e-09,0.00582473268026207,0.994175262095142,"above",0.0357798308411189
20170101,1168.75926666667,1281.8674061,"1050874640",0.000706004534337125,0.502684450576212,0.496609544889451,"normal",0.69846779583469
20180101,1448.206,1423.95382841666,"1050874640",7.43657295349135e-05,0.276685426605468,0.723240207664998,"above",0.590552748898249
20190101,1514.17986666667,1573.59919616666,"1050874640",4.79663140377504e-06,0.110196164559681,0.889799038808916,"above",0.346988253596062
20200101,1018.45003333333,1006.4537161,"1050874640",0.0213185306695917,0.858370899667731,0.120310569662677,"normal",0.467906192079665
20210101,2333.14476666667,1853.74317773332,"1050874640",1.00528826181077e-08,0.00796739829647897,0.992032591650638,"above",0.0464374028764205
20220101,1332.2014,1258.10425456666,"1050874640",0.00099516247937917,0.54240811831771,0.456596719202911,"normal",0.696641207067693
20230101,1462.96526666667,1348.69805936665,"1050874640",0.000255556870337584,0.391717716463505,0.608026726666158,"above",0.671752689347895
20240101,497.7976,488.480477783334,"1050874640",0.565000774868605,0.434615596013854,0.000383629117541084,"below",0.687754700619474
20250101,959.075116666667,985.292580633335,"1050874640",0.026327403183429,0.870367663289695,0.103304933526876,"normal",0.451107485741283
20260101,959.075116666667,1097.24349126666,"1050874640",0.007948582180857,0.777116868919804,0.214934548899339,"normal",0.56483585441601
19930101,9.48826923076923,9.43009707692308,"1050887720",0.18479329674306,0.655372854982197,0.159833848274743,"normal",0.88202973852376
19940101,16.3846538461538,16.3157233846152,"1050887720",0.0201723763856447,0.417129820736199,0.562697802878156,"above",0.767020692017397
19950101,1.51234615384615,1.88254903846155,"1050887720",0.643018990018166,0.345037115336205,0.0119438946456287,"below",0.703982123230329
19960101,14.1908461538462,14.4887108461537,"1050887720",0.040555118154204,0.518316414786987,0.441128467058809,"normal",0.831632595445193
19970101,14.6785769230769,15.2971642500001,"1050887720",0.030077860208189,0.475003911745031,0.49491822804678,"above",0.807107056978895
19980101,5.53284615384615,5.66612340384617,"1050887720",0.394736541088762,0.553224151810015,0.0520393071012224,"normal",0.848241885352394
19990101,22.219,20.7900316153846,"1050887720",0.00255991744091533,0.179641700970012,0.817798381589073,"above",0.488175790140812
20000101,10.0382307692308,10.2793361153846,"1050887720",0.149298307310017,0.653855790427284,0.196845902262699,"normal",0.881679904499746
20010101,43.4416923076923,40.9089852884618,"1050887720",3.45392183324931e-10,9.52244640295419e-06,0.999990477208205,"above",0.000119627451712909
20020101,4.2805,7.30822280769224,"1050887720",0.293925147646743,0.61763663016787,0.0884382221853874,"normal",0.87200466833136
20030101,0.816846153846154,1.57345842307694,"1050887720",0.662134434937808,0.327440419089057,0.0104251459731352,"below",0.686135297613114
20040101,9.94969230769231,7.5683609615384,"1050887720",0.279101646004042,0.625271056775435,0.0956272972205232,"normal",0.874257941569944
20050101,9.29165384615385,8.10443540384622,"1050887720",0.249750686019365,0.638468983427269,0.111780330553366,"normal",0.877882072722631
20060101,10.397,11.3570535000001,"1050887720",0.111250554296563,0.63811181710008,0.250637628603357,"normal",0.87778848048156
20070101,13.3229615384615,12.7860650769229,"1050887720",0.0722573471179549,0.595310023047598,0.332432629834447,"normal",0.864742986996812
20080101,15.9748846153846,16.7488220192309,"1050887720",0.0168886079814854,0.392028186577604,0.59108320544091,"above",0.746818658134351
20090101,5.41930769230769,5.17933982692302,"1050887720",0.426423875569028,0.529656069777956,0.0439200546530164,"normal",0.837328196422002
20100101,38.5638461538462,38.2844058461541,"1050887720",5.05968842725158e-09,6.24390419050602e-05,0.999937555898406,"above",0.000667031134996523
20110101,8.31607692307692,7.3878573269231,"1050887720",0.289348794503457,0.620056346768174,0.0905948587283686,"normal",0.872731381438526
20120101,44.673,40.2234288653848,"1050887720",7.09132854472548e-10,1.58418895950252e-05,0.999984157401272,"above",0.000190955487650958
20130101,2.53023076923077,3.5007485,"1050887720",0.538074174068705,0.438518440489004,0.0234073854422912,"below",0.782858206013546
20140101,9.53576923076923,9.43803315384615,"1050887720",0.184439046555904,0.655403787620725,0.160157165823371,"normal",0.882036825920628
20150101,0.219153846153846,2.458727,"1050887720",0.606444076227378,0.378264244088793,0.0152916796838294,"below",0.734968888729295
20160101,16.2512307692308,15.6228727692307,"1050887720",0.0265449883576968,0.456784345517214,0.516670666125089,"above",0.795423348064585
20170101,2.33623076923077,3.00944038461541,"1050887720",0.57057942150326,0.410205571496299,0.0192150070004413,"below",0.761625595757101
20180101,2.13411538461538,4.43426313461542,"1050887720",0.475787973610798,0.490711065766816,0.0335009606223852,"normal",0.816519631996425
20190101,3.44484615384615,3.99032761538466,"1050887720",0.505427953784592,0.466246637222787,0.0283254089926206,"below",0.801595372714898
20200101,15.1726923076923,10.6376851730769,"1050887720",0.135785732736159,0.650307340146226,0.213906927117615,"normal",0.880844464002783
20210101,28.0345,40.9089852884618,"1050887720",3.45392183324931e-10,9.52244640295419e-06,0.999990477208205,"above",0.000119627451712909
20220101,8.41834615384615,9.12021286538462,"1050887720",0.198954964384449,0.653501957625605,0.147543077989946,"normal",0.881597679349082
20230101,6.99207692307692,6.62047021153846,"1050887720",0.334764644410142,0.59385601171414,0.0713793438757185,"normal",0.864234854529637
20240101,5.86615384615385,7.74483471153851,"1050887720",0.26925698706026,0.629999652907031,0.100743360032709,"normal",0.875595703614821
20250101,9.51201923076923,9.43803315384615,"1050887720",0.184439046555904,0.655403787620725,0.160157165823371,"normal",0.882036825920628
20260101,9.51201923076923,6.03724063461538,"1050887720",0.371026412383968,0.569977027317509,0.0589965602985226,"normal",0.855260418189053
19930101,773.2204,832.525744633332,"1050888070",2.36992585332008e-05,0.151060933479157,0.84891536726231,"above",0.424817195076016
19940101,463.524466666667,462.694100033337,"1050888070",0.123600488155131,0.846286158198663,0.0301133536462062,"normal",0.505135525196476
19950101,691.274933333333,706.482896349992,"1050888070",0.0010489122452763,0.483110514181992,0.515840573572732,"above",0.700127744842469
19960101,960.6304,915.565459000005,"1050888070",1.16941710547733e-06,0.0459551876129787,0.954043642969916,"above",0.186445824614883
19970101,295.096566666667,285.023632450002,"1050888070",0.595322793305562,0.404153671698413,0.000523534996025421,"below",0.678867424151004
19980101,474.006566666667,505.766139566665,"1050888070",0.0673017876743561,0.870931783191576,0.0617664291340677,"normal",0.473956115247161
19990101,480.720666666667,462.349801266671,"1050888070",0.124154834284878,0.845916309809396,0.0299288559057262,"normal",0.505584625586203
20000101,702.348733333333,720.550860816663,"1050888070",0.000719405421516345,0.439487371847007,0.559793222731477,"above",0.691314516264255
20010101,356.928366666667,360.896586916666,"1050888070",0.360945537006864,0.635377448823461,0.00367701416967514,"normal",0.676592328355248
20020101,862.433233333333,817.887734383328,"1050888070",3.86076394459021e-05,0.179643370223343,0.820318022137211,"above",0.47127557603802
20030101,418.214366666667,395.432954850002,"1050888070",0.265078536624257,0.72691320053529,0.00800826284045397,"normal",0.622458292564105
20040101,322.907266666667,313.609840016667,"1050888070",0.506485965786544,0.492379556124369,0.00113447808908618,"below",0.701088599716618
20050101,271.975566666667,260.666792466665,"1050888070",0.667481792474044,0.332257275246832,0.000260932279123605,"below",0.638074215544447
20060101,322.535133333333,345.461958033334,"1050888070",0.407318789870959,0.590140744607274,0.00254046552176723,"normal",0.692254226761897
20070101,225.286966666667,241.806441233333,"1050888070",0.719520922354362,0.280330475061868,0.000148602583769586,"below",0.594674688218436
20080101,452.6142,451.303835350005,"1050888070",0.14286794756057,0.832643008691565,0.024489043747865,"normal",0.521339021370673
20090101,701.132933333333,715.587369783329,"1050888070",0.000822851268271342,0.454835594420965,0.544341554310764,"above",0.695229494590286
20100101,842.776466666667,797.631643333337,"1050888070",7.4284800342186e-05,0.224407739155732,0.775517976043926,"above",0.533192022081784
20110101,75.8753666666667,140.232567149999,"1050888070",0.916345274728804,0.0836497260213472,4.9992498486473e-06,"below",0.287659589586849
20120101,1007.13153333333,935.778107983331,"1050888070",5.28306194560684e-07,0.0325556534822412,0.967443818211564,"above",0.143524758720565
20130101,461.802833333333,459.861351133331,"1050888070",0.128213148181581,0.843163777499505,0.0286230743189136,"normal",0.508909682283853
20140101,264.702833333333,269.510412983335,"1050888070",0.641832979596604,0.357829681324651,0.000337339078745558,"below",0.655043913585512
20150101,191.429433333333,193.897850400001,"1050888070",0.831095809708626,0.168871817159013,3.23731323603749e-05,"below",0.454453881059287
20160101,893.441,880.301926099998,"1050888070",4.41218304787069e-06,0.0795853869342319,0.92041020088272,"above",0.277814026620327
20170101,362.510766666667,392.421459933339,"1050888070",0.27290089206779,0.719596270163934,0.00750283776827598,"normal",0.627903167188357
20180101,395.011366666667,365.459612233333,"1050888070",0.347585315892835,0.648323580882232,0.00409110322493345,"normal",0.670766801914917
20190101,272.483933333333,273.956344083334,"1050888070",0.62868363548641,0.370933193706786,0.000383170806803834,"below",0.662670338441455
20200101,497.495266666667,377.379742133334,"1050888070",0.313600404010873,0.681023245036344,0.00537635095278266,"normal",0.653378765604493
20210101,803.171466666667,813.098378533332,"1050888070",4.5167267792035e-05,0.189687733545864,0.810267099186344,"above",0.486257428662809
20220101,566.242466666667,476.982496083334,"1050888070",0.102106829200613,0.859251177435286,0.0386419933641008,"normal",0.489042503480529
20230101,593.354633333333,473.948877016667,"1050888070",0.106426182195989,0.856890615200208,0.036683202603803,"normal",0.492023431435423
20240101,503.556666666667,470.061848366669,"1050888070",0.112151421509401,0.853555725886002,0.0342928526045969,"normal",0.496196066174976
20250101,468.765516666667,401.873993216671,"1050888070",0.248738996512775,0.742070239311517,0.00919076417570763,"normal",0.610551886956053
20260101,468.765516666667,457.278454616669,"1050888070",0.132521971735309,0.840159826015578,0.0273182022491125,"normal",0.512503726985859
19930101,1186.63375757576,1181.52684512121,"1050892990",0.435888104578972,0.56239546124159,0.00171643417943801,"normal",0.696564396885057
19940101,974.172606060606,1038.17154236364,"1050892990",0.820023761896961,0.179944954904956,3.12831980820993e-05,"below",0.47165956833851
19950101,1353.40806060606,1304.8278174394,"1050892990",0.138382172283293,0.838859277296165,0.022758550420542,"normal",0.507172687294786
19960101,1547.83006060606,1507.39350007576,"1050892990",0.00453701326317705,0.679212025304052,0.316250961432771,"normal",0.651287684255684
19970101,1464.43878787879,1472.54091434849,"1050892990",0.00945129801655757,0.760903101363574,0.229645600619869,"normal",0.589833157347293
19980101,1429.22115151515,1451.59795572727,"1050892990",0.0142575239109811,0.80097214425096,0.184770331838059,"normal",0.550371101719375
19990101,1639.99606060606,1638.5354989394,"1050892990",0.000162590728264195,0.30594780670523,0.693889602566506,"above",0.617341628730378
20000101,1176.22984848485,1209.42136872727,"1050892990",0.355340657964509,0.641360727683781,0.00329861435170975,"normal",0.671381249534682
20010101,1461.65833333333,1520.33402160608,"1050892990",0.00340024618443778,0.644998705983484,0.351601047832078,"normal",0.669676966603265
20020101,1138.66357575758,1181.37162125757,"1050892990",0.436347299723755,0.561942688505347,0.00171001177089802,"normal",0.696643774417298
20030101,1874.06184848485,1819.60673771213,"1050892990",3.62507476343798e-07,0.0309448836323079,0.969054753860216,"above",0.138017217478445
20040101,1591.6136969697,1576.90900145457,"1050892990",0.000869756622715139,0.481590743796651,0.517539499580634,"above",0.698896264216264
20050101,1716.09854545455,1695.95788128786,"1050892990",2.84014608259087e-05,0.174028998652348,0.825942599886826,"above",0.462537845229488
20060101,1103.40045454545,1093.80064389392,"1050892990",0.690610010870884,0.309221476502876,0.000168512626239958,"below",0.620046610427215
20070101,1363.35478787879,1371.77067218181,"1050892990",0.0558634371504721,0.876937568453922,0.0671989943956063,"normal",0.457760153439218
20080101,1841.64533333333,1689.52710190911,"1050892990",3.48355400833552e-05,0.18671276254565,0.813252401914267,"above",0.481806391168899
20090101,1090.51575757576,1092.14602740908,"1050892990",0.694977543918279,0.304861792416928,0.000160663664793725,"below",0.616433391731893
20100101,1321.3366969697,1325.45726180304,"1050892990",0.107011086704315,0.860461382187159,0.032527531108526,"normal",0.479895123150303
20110101,1038.08936363636,1060.4106151818,"1050892990",0.772890498461985,0.227046938877102,6.25626609125352e-05,"below",0.536335443065451
20120101,1564.20121212121,1580.53278951514,"1050892990",0.000792478070479933,0.470826653083756,0.528380868845764,"above",0.697390132767294
20130101,1414.50163636364,1401.66784845454,"1050892990",0.0347572650795458,0.86362718031609,0.101615554604365,"normal",0.475732252150795
20140101,1083.90509090909,1071.99085668182,"1050892990",0.745825691754315,0.254085492414873,8.88158308125497e-05,"below",0.567670499657255
20150101,1332.53363636364,1355.01948646972,"1050892990",0.0715085970001765,0.876176775557437,0.0523146274423868,"normal",0.458807978620084
20160101,1101.48524242424,1095.67946156059,"1050892990",0.685617853370202,0.314204287069252,0.000177859560546056,"below",0.624069862636959
20170101,1823.88306060606,1813.52744525757,"1050892990",4.58004558524951e-07,0.0342715964098501,0.965727945585591,"above",0.149297744222788
20180101,1170.87636363636,1180.56942156061,"1050892990",0.438721782493408,0.559601049530386,0.00167716797620654,"normal",0.697042448314568
20190101,1167.16590909091,1178.97757331818,"1050892990",0.443440051724007,0.554946258829074,0.00161368944691831,"normal",0.697775951201471
20200101,1719.03487878788,1742.60774921213,"1050892990",6.04002207962236e-06,0.0987490962614829,0.901244863716438,"above",0.322403726993374
20210101,1016.78124242424,1184.47105256061,"1050892990",0.427195375249075,0.570962141165979,0.00184248358494632,"normal",0.694922695011973
20220101,1358.48657575758,1488.17525783334,"1050892990",0.00685279248043064,0.726364368384905,0.266782839134664,"normal",0.618874956200112
20230101,2074.65181818182,1807.09501507575,"1050892990",5.85286909594334e-07,0.0381060034807739,0.961893411232317,"above",0.161886454559761
20240101,1292.03463636364,1266.44392360606,"1050892990",0.21206286307915,0.776873522628436,0.0110636142924142,"normal",0.574857275994811
20250101,1355.94731818182,1409.15961771212,"1050892990",0.0306491361749327,0.857381830714647,0.111969033110421,"normal",0.483903732477373
20260101,1355.94731818182,1431.97872163637,"1050892990",0.0205385624861825,0.831382959839344,0.148078477674474,"normal",0.516160505578442
19930101,86.2384705882353,88.2065169411755,"1050893000",0.00946355064389558,0.791323007817241,0.199213441538863,"normal",0.550718123489639
19940101,14.4817647058824,15.383207647059,"1050893000",0.54631245185262,0.453217300844424,0.000470247302955307,"below",0.692552837657181
19950101,28.2123529411765,28.8185288235294,"1050893000",0.367639505532285,0.630197011652545,0.00216348281517065,"normal",0.672130894683869
19960101,36.325,29.0814894411766,"1050893000",0.364293186808676,0.633481993867965,0.00222481932335905,"normal",0.670650822883999
19970101,80.2735882352941,83.5886358529419,"1050893000",0.0142345939023517,0.827264492749866,0.158500913347782,"normal",0.509359349435409
19980101,148.655529411765,149.527245176472,"1050893000",4.90788932358257e-06,0.109382121036727,0.89061297107395,"above",0.345285895607681
19990101,110.328764705882,101.246379382351,"1050893000",0.00265132870249379,0.654002938220699,0.343345733076807,"normal",0.660490129971009
20000101,17.7861176470588,17.4835254117648,"1050893000",0.518067878771063,0.48132752461149,0.000604596617447495,"below",0.697137667353933
20010101,121.696294117647,113.120694647058,"1050893000",0.00071208294385901,0.499962003568069,0.499325913488072,"normal",0.698525919403902
20020101,145.456764705882,136.622694000001,"1050893000",3.37849564907475e-05,0.213771671034619,0.78619454400889,"above",0.51928465783556
20030101,213.806823529412,190.832249264706,"1050893000",2.97119367889994e-09,0.00430740138755203,0.995692595641254,"above",0.0277623990285529
20040101,68.7377647058824,76.0493358235297,"1050893000",0.0264500155289776,0.868930647188215,0.104619337282808,"normal",0.454327919955657
20050101,160.656588235294,162.465148352939,"1050893000",5.90411997787437e-07,0.0477138061094062,0.952285603478596,"above",0.19173688359095
20060101,19.2622352941176,18.2495104411766,"1050893000",0.50773692826031,0.491601224464268,0.000661847275421956,"below",0.698064815764223
20070101,154.639294117647,151.045711529412,"1050893000",3.86451212411848e-06,0.10006522058082,0.899930914907056,"above",0.325277877107699
20080101,22.6642941176471,34.8051120294117,"1050893000",0.294387092226418,0.701597654481178,0.00401525329240393,"normal",0.630791731862977
20090101,6.88129411764706,10.8470758529413,"1050893000",0.606338632368383,0.39339246762009,0.000268900011526574,"below",0.67258651317681
20100101,103.835235294118,107.332915558822,"1050893000",0.00137704006443424,0.576891713510299,0.421731246425266,"normal",0.690537513074504
20110101,19.1684705882353,18.8931340294117,"1050893000",0.499051984001562,0.50023423946665,0.000713776531787502,"normal",0.698536519331266
20120101,100.856470588235,105.690437411764,"1050893000",0.0016496993770344,0.598225775331258,0.400124525291708,"normal",0.684436394631059
20130101,26.6862352941176,32.8191043235292,"1050893000",0.317951518885983,0.678764221713656,0.00328425940036081,"normal",0.646116731863728
20140101,38.3866470588235,34.0700325588232,"1050893000",0.303015028874751,0.693255737829036,0.00372923329621244,"normal",0.636622548638303
20150101,9.22858823529412,15.213097617647,"1050893000",0.548591754208162,0.450947568446886,0.000460677344952143,"below",0.692050726693157
20160101,129.388176470588,134.8244275,"1050893000",4.35713689066055e-05,0.231900799021529,0.768055629609565,"above",0.542032496656017
20170101,12.45,13.1459465383755,"1050893000",0.576139645782895,0.423502415659965,0.000357938557140058,"below",0.684398303850854
20180101,13.0476470588235,15.0915118717087,"1050893000",0.550219903541069,0.449326148281756,0.000453948177175145,"below",0.691679882428018
20190101,16.7827058823529,15.3639504599441,"1050893000",0.546570556692571,0.452960288535998,0.000469154771431612,"below",0.692496976915934
20200101,82.3976470588235,25.7799891364145,"1050893000",0.406976160759153,0.591465894062167,0.0015579451786808,"normal",0.686552059805682
20210101,12.0524705882353,12.9510418324931,"1050893000",0.578720101899825,0.420930457929352,0.000349440170823612,"below",0.683530231330705
20220101,15.9425294117647,16.5212511070029,"1050893000",0.531028199033868,0.468432640774677,0.000539160191454835,"below",0.69540848461967
20230101,42.7163529411765,16.5477400481794,"1050893000",0.530671811205198,0.468787318635642,0.00054087015915949,"below",0.695464498798539
20240101,37.5289411764706,18.4706242787115,"1050893000",0.504753462394347,0.494567256834026,0.000679280771627377,"below",0.698258470752511
20250101,37.9577941176471,23.8313568235294,"1050893000",0.432734664767109,0.566009706137988,0.00125562909490362,"normal",0.693000572246744
20260101,37.9577941176471,29.2481661470587,"1050893000",0.362177459188652,0.635558031958785,0.00226450885256335,"normal",0.669694650656203
19930101,1591.3358,1578.32239988333,"1050908780",0.0450726113100421,0.500171420199804,0.454755968490154,"normal",0.844567768031274
19940101,984.669666666667,999.188220199998,"1050908780",0.540789975561129,0.431189123568604,0.0280209008702671,"below",0.795325927816162
19950101,1978.58876666667,1807.52346314999,"1050908780",0.00806757194567765,0.266999919023293,0.724932509031029,"above",0.624654065004679
19960101,2314.18036666667,2320.75548786666,"1050908780",3.18852813978653e-05,0.0142259033195414,0.985742211399061,"above",0.0749841479356242
19970101,1267.55776666667,1323.32565166667,"1050908780",0.183163194852192,0.63408036836115,0.182756436786658,"normal",0.910384207197596
19980101,1308.40996666667,1356.83415078335,"1050908780",0.156882582069483,0.631532295515412,0.211585122415105,"normal",0.909461872959558
19990101,1082.651,1102.94926603333,"1050908780",0.413112010175874,0.530828369860958,0.0560596199631676,"normal",0.862915280009236
20000101,1361.00183333333,1348.09335966666,"1050908780",0.163486227734646,0.632694392223561,0.203819380041793,"normal",0.909884011947314
20010101,1041.25103333333,1052.30784933334,"1050908780",0.475119612030276,0.484464482385306,0.0404159055844181,"normal",0.834351179718139
20020101,1270.5471,1289.42285485,"1050908780",0.212384349631449,0.63139457420553,0.156221076163021,"normal",0.909411678904869
20030101,1375.54533333333,1317.02409153333,"1050908780",0.188396101262933,0.633981542250589,0.177622356486479,"normal",0.910348658739621
20040101,1188.43996666667,1235.31047445,"1050908780",0.26426079486335,0.616345268390953,0.119393936745696,"normal",0.903713418310437
20050101,1112.94853333333,1065.04018066668,"1050908780",0.459412129048688,0.496618402514257,0.0439694684370544,"normal",0.84230606354215
20060101,1530.45323333333,1502.17694264999,"1050908780",0.0723717137983185,0.564434139304576,0.363194146897106,"normal",0.880710943023936
20070101,459.696466666667,503.652182566666,"1050908780",0.949505204813584,0.0502127956156387,0.000281999570777014,"below",0.201713713984274
20080101,1005.03193333333,1009.67407986667,"1050908780",0.527857974119622,0.44196325892061,0.0301787669597687,"below",0.80378315315763
20090101,1212.05113333333,1228.71567925,"1050908780",0.270996902487851,0.613639082303631,0.115364015208518,"normal",0.90264353120729
20100101,2281.28383333333,2315.99429663331,"1050908780",3.39350072388225e-05,0.0147681856574476,0.985197879335314,"above",0.0772932900974172
20110101,340.557133333333,482.12229656667,"1050908780",0.956078031026683,0.0437022315325063,0.000219737440810941,"below",0.181597371877114
20120101,2535.62246666667,2340.13941683332,"1050908780",2.46887384807556e-05,0.0121912850621735,0.987784026199346,"above",0.0661303867687419
20130101,888.757733333333,882.480723966676,"1050908780",0.678879593236659,0.309602928760532,0.0115174780028093,"below",0.677349119294083
20140101,709.571733333333,817.253505549996,"1050908780",0.747603853881674,0.245739088190398,0.00665705792792781,"below",0.595721336905489
20150101,342.775766666667,416.759945283338,"1050908780",0.971914201302502,0.0279853909155811,0.000100407781917222,"below",0.128689820019207
20160101,3166.3257,2846.2148790833,"1050908780",9.0676579857987e-09,6.65485534426802e-05,0.999933442378899,"above",0.000706759279404791
20170101,1435.83363333333,1545.63372081669,"1050908780",0.055557775153931,0.52959260270206,0.414849622144009,"normal",0.862215433632017
20180101,1725.5619,1618.77492245001,"1050908780",0.0343675847555799,0.460897001142339,0.504735414102081,"above",0.81794088279436
20190101,1685.79073333333,1788.85779063335,"1050908780",0.00943917293705732,0.285284112239413,0.705276714823529,"above",0.648094996081738
20200101,1435.1021,1450.58325325,"1050908780",0.0970995279611083,0.597885036877123,0.305015435161768,"normal",0.896137310419737
20210101,3051.28713333333,2666.32697379998,"1050908780",1.98161104585639e-07,0.00055211010998879,0.999447691728907,"above",0.00469701340252462
20220101,1711.90343333333,1645.57265970001,"1050908780",0.0285000499832742,0.433647945239084,0.537852004777642,"above",0.797282065969213
20230101,1985.56606666667,1837.74248580001,"1050908780",0.00621643474185325,0.23846339509287,0.755320170165277,"above",0.585382725192238
20240101,973.451866666667,1216.34626368334,"1050908780",0.283858032759986,0.608073911386937,0.108068055853077,"normal",0.900399571090145
20250101,1334.7059,1295.14408706667,"1050908780",0.20727053468808,0.632217982433702,0.160511482878217,"normal",0.909711255735251
20260101,1334.7059,1385.8213125,"1050908780",0.136255065964998,0.625198484330924,0.238546449704078,"normal",0.907116951127774
19930101,793.497966666667,890.005834434418,"1050909040",0.0107197166286107,0.868552060455654,0.120728222915736,"normal",0.426269413357271
19940101,473.8816,407.538042743242,"1050909040",0.418521619964063,0.580932665733669,0.000545714302267575,"normal",0.684160090901175
19950101,511.1747,336.179153954485,"1050909040",0.541456827342393,0.458368469144578,0.000174703513029173,"below",0.691255956158935
19960101,875.483833333333,941.036998148571,"1050909040",0.00583962179897665,0.82305822495953,0.171102153241494,"normal",0.492386365452046
19970101,1216.85553333333,1277.29384749577,"1050909040",3.42493645177755e-05,0.305015409185315,0.694950341450167,"above",0.615428077823536
19980101,376.4615,422.172550808586,"1050909040",0.39388482235129,0.605433506101925,0.000681671546784557,"normal",0.675764161010497
19990101,1488.10343333333,1324.75224995202,"1050909040",1.41042933941522e-05,0.236994838450571,0.762991057256035,"above",0.547758933097142
20000101,1384.13583333333,1317.14624970571,"1050909040",1.6303736158955e-05,0.247306697040519,0.752676999223322,"above",0.559548264598609
20010101,291.067766666667,402.876245630755,"1050909040",0.426442244991528,0.573049776209658,0.00050797879881348,"normal",0.686364742407099
20020101,1410.81463333333,1325.8490079886,"1050909040",1.38114367709959e-05,0.235527630742093,0.764458557821135,"above",0.546034306001587
20030101,996.8425,797.438232698557,"1050909040",0.0288281047895502,0.913336392756992,0.057835502453458,"normal",0.349870994766451
20040101,436.045766666667,431.112123395134,"1050909040",0.379034986892974,0.620185572741792,0.000779440365234696,"normal",0.669575695483199
20050101,490.386466666667,418.544026328784,"1050909040",0.399957965376126,0.599396715659761,0.000645318964113129,"normal",0.678050353339909
20060101,601.53,450.464079794353,"1050909040",0.3475193123825,0.651443885834183,0.00103680178331733,"normal",0.653615249090738
20070101,438.3042,432.430633682396,"1050909040",0.376859210249721,0.622345882789309,0.00079490696096951,"normal",0.668597501358295
20080101,1148.71793333333,1305.44637203678,"1050909040",2.03335934856374e-05,0.263625148282487,0.736354518124027,"above",0.577048437846374
20090101,1485.20766666667,1325.5250996618,"1050909040",1.38973197366746e-05,0.235960423136605,0.764025679543658,"above",0.546544267339013
20100101,1484.1357,1333.37469871935,"1050909040",1.19524568764405e-05,0.225596262572964,0.774391784970159,"above",0.534044629783505
20110101,311.255033333333,428.714779904856,"1050909040",0.383000821860606,0.616247151530619,0.000752026608774936,"normal",0.671311637077475
20120101,1193.1659,1289.41816217303,"1050909040",2.74089294849134e-05,0.286837989193906,0.713134601876609,"above",0.599602200347525
20130101,665.299933333333,800.559713451229,"1050909040",0.0279474828724563,0.912631875102769,0.0594206420247751,"normal",0.351166589477343
20140101,180.6621,250.548758650542,"1050909040",0.682906280480285,0.317054209120963,3.95103987519407e-05,"below",0.625054067530614
20150101,217.5232,240.285209139299,"1050909040",0.698606617138133,0.301360610751583,3.27721102834078e-05,"below",0.61237216185833
20160101,1037.3726,1151.8461974051,"1050909040",0.000294260154158982,0.513529823117054,0.486175916728787,"normal",0.695255799830178
20170101,293.293433333333,287.608041315132,"1050909040",0.623604138377988,0.37631946025958,7.64013624322546e-05,"below",0.662998113706148
20180101,137.828366666667,310.557164131707,"1050909040",0.585246612466932,0.414639861078886,0.000113526454181945,"below",0.679586781140387
20190101,143.447966666667,249.091730036931,"1050909040",0.685156173144505,0.314805347023076,3.84798324193358e-05,"below",0.623306783646192
20200101,829.0381,788.194717594985,"1050909040",0.0315720812563658,0.915091965329432,0.0533359534142022,"normal",0.346628913435704
20210101,1054.8468,1032.29869125229,"1050909040",0.00176213579490883,0.708323761225392,0.289914102979699,"normal",0.61440550618682
20220101,833.513,964.922013829972,"1050909040",0.00432762159232574,0.796932199724346,0.198740178683328,"normal",0.525562122117244
20230101,1072.89763333333,926.682129359377,"1050909040",0.00695898848006263,0.837304466391942,0.155736545127995,"normal",0.472854434123782
20240101,1073.3464,1031.85256554895,"1050909040",0.00177311102343009,0.708975282208984,0.289251606767585,"normal",0.613878407727144
20250101,811.268033333334,464.600154818758,"1050909040",0.325132629738377,0.673595610861846,0.00127175939977731,"normal",0.63992765065586
20260101,811.268033333334,997.00006988492,"1050909040",0.0028493168845277,0.757328056335421,0.239822626780051,"normal",0.569636988076224
19930101,3561.07686666667,3588.16279416673,"1050909890",0.107723993823699,0.744114380483432,0.148161625692869,"normal",0.742867040814647
19940101,2275.89933333333,2204.63143800001,"1050909890",0.928936140826114,0.0709757893687569,8.80698051295425e-05,"below",0.257059652192743
19950101,4148.93343333333,4130.70238166669,"1050909890",0.0107210797370377,0.482483993387977,0.506794926874986,"above",0.744706476006929
19960101,4749.3818,4907.76656333333,"1050909890",6.66455426489535e-05,0.062052688969469,0.937880665487882,"above",0.233281852210496
19970101,4006.45156666667,4107.08829081669,"1050909890",0.0121009103554714,0.499532055196637,0.488367034447891,"normal",0.750142933535052
19980101,3168.08156666667,3231.20130995003,"1050909890",0.294463821361094,0.66484168962306,0.0406944890158463,"normal",0.761693820089025
19990101,4317.8685,4204.37783016665,"1050909890",0.00725788127936627,0.428723333291018,0.564018785429616,"above",0.721849692236564
20000101,3757.021,3879.58008298338,"1050909890",0.0352386943555353,0.647098210083004,0.317663095561461,"normal",0.763833676001385
20010101,2744.0873,2848.87421026665,"1050909890",0.582215818351054,0.411408504119256,0.00637567752968948,"below",0.712559599353932
20020101,3836.23226666667,3909.67340013338,"1050909890",0.0309017754371928,0.630163173480204,0.338935051082603,"normal",0.765147893654109
20030101,4307.88576666667,4105.13066420006,"1050909890",0.0122219209798364,0.500938156613977,0.486839922406187,"normal",0.750553650449769
20040101,3009.16716666667,2991.31238815,"1050909890",0.471663062492778,0.514853045574525,0.0134838919326967,"normal",0.754312831729357
20050101,3442.55826666667,3316.01621838337,"1050909890",0.239995766118621,0.70257858134853,0.0574256525328491,"normal",0.754595227462883
20060101,3120.79566666667,3074.84520265002,"1050909890",0.407295573519665,0.572452164062592,0.0202522624177423,"normal",0.764141684526168
20070101,2327.85323333333,2209.57194730002,"1050909890",0.927613938022683,0.0722945346021413,9.15273751754819e-05,"below",0.260469916098684
20080101,4113.0164,4056.9865793167,"1050909890",0.0155459352142863,0.535054653650374,0.449399411135339,"normal",0.7587975612092
20090101,3683.33126666667,3618.06239971672,"1050909890",0.0972783284505689,0.740620067859033,0.162101603690398,"normal",0.744009117254174
20100101,5257.03143333333,5206.20917291666,"1050909890",5.31002918675495e-06,0.0169524833165526,0.983042206654261,"above",0.0859987397991497
20110101,1623.84623333333,1845.93772418332,"1050909890",0.98498274397299,0.0150130163402191,4.23968679064135e-06,"below",0.0779935965446396
20120101,5304.6186,5197.01496401666,"1050909890",5.76844193453937e-06,0.0177233137777767,0.982270917780289,"above",0.0891164677088439
20130101,3008.5347,3003.50791620003,"1050909890",0.462177899396385,0.523491865697107,0.0143302349065083,"normal",0.756370365416491
20140101,2009.1779,2088.19544918335,"1050909890",0.955028658015746,0.0449367062012389,3.46357830147692e-05,"below",0.183716498265461
20150101,1914.7609,1939.32316150002,"1050909890",0.976535625890329,0.0234546011842323,9.77292543868913e-06,"below",0.1113174606085
20160101,5609.9699,5401.81587061663,"1050909890",8.4723213553768e-07,0.00614349645070345,0.993855656317161,"above",0.0374221770525151
20170101,3437.80133333333,3538.3594055167,"1050909890",0.126874279591709,0.746353422055132,0.126772298353159,"normal",0.742120363709077
20180101,2971.17906666667,2929.64925218335,"1050909890",0.519756764437679,0.470409105857217,0.00983412970510456,"below",0.740338426361457
20190101,2906.35816666667,2950.71841943335,"1050909890",0.503321151480473,0.485708668974484,0.010970179545043,"below",0.745799942998505
20200101,3955.506,4084.74907415005,"1050909890",0.0135453861813679,0.515498405546978,0.470956208271654,"normal",0.754473811074652
20210101,4895.08983333333,4960.78299763333,"1050909890",4.35427732617536e-05,0.0503613369276851,0.949595120299053,"above",0.200056344776858
20220101,3727.90156666667,3641.97805338338,"1050909890",0.0894736391829576,0.73667905562984,0.173847305187202,"normal",0.745263178817549
20230101,5019.93766666667,5167.87403369999,"1050909890",7.48424045404203e-06,0.0203668701657113,0.979625645593835,"above",0.0995591574382428
20240101,3333.1618,3322.1383076167,"1050909890",0.23628832957064,0.704894516484459,0.0588171539449008,"normal",0.754048304368401
20250101,3622.20406666667,3988.63786698338,"1050909890",0.0215787432946762,0.581333037330721,0.397088219374603,"normal",0.764859811141712
20260101,3622.20406666667,3635.68779253338,"1050909890",0.0914797834763637,0.737813491227852,0.170706725295785,"normal",0.744905892849401
19930101,2364.9818,2338.15265959999,"1050909900",0.0417701267468998,0.674399293679906,0.283830579573194,"normal",0.755762127888088
19940101,1311.5825,1344.87656726667,"1050909900",0.641139227150009,0.354994256297993,0.00386651655199821,"below",0.67412308267082
19950101,2729.08226666667,2650.53136943332,"1050909900",0.00846033098105174,0.457104482565253,0.534435186453696,"above",0.733064575514746
19960101,3200.60903333333,3156.11137506662,"1050909900",0.000276922024938392,0.124535352767075,0.875187725207987,"above",0.378373541742341
19970101,2496.29906666667,2525.52191863333,"1050909900",0.0167876398576304,0.553406184398879,0.429806175743491,"normal",0.758980283148892
19980101,1705.29873333333,1733.00641643334,"1050909900",0.324208507920166,0.643348372173197,0.0324431199066378,"normal",0.760162865604562
19990101,2607.28973333333,2593.51772891667,"1050909900",0.0116540428096799,0.501770551315075,0.486575405875245,"normal",0.748423259538844
20000101,2616.1221,2583.17186231666,"1050909900",0.0123341924268654,0.509774626459298,0.477891181113836,"normal",0.750554330232342
20010101,1286.4015,1585.54098293332,"1050909900",0.442207428376967,0.542275262828596,0.0155173087944371,"normal",0.757335185855323
20020101,2638.11006666667,2556.86249150001,"1050909900",0.0142206702274433,0.529915262891041,0.455864066881515,"normal",0.755106618290613
20030101,2330.80813333333,2138.5350818333,"1050909900",0.0950851893113044,0.744298543021384,0.160616267667312,"normal",0.737259764670142
20040101,1407.26996666667,1403.03278308333,"1050909900",0.594454423768964,0.400019129555313,0.00552644667572277,"below",0.704424743467515
20050101,1600.69723333333,1508.65454154999,"1050909900",0.506606616527047,0.483184054634331,0.0102093288386224,"below",0.742754677122396
20060101,2054.76573333333,2178.51747508332,"1050909900",0.0816157754758713,0.736370731031776,0.182013493492353,"normal",0.739944389364381
20070101,914.1453,951.525471316661,"1050909900",0.882970981170888,0.116789286244757,0.000239732584354724,"below",0.36268701199264
20080101,2248.24753333333,2244.83983206665,"1050909900",0.0625183600293603,0.716247616854518,0.221234023116122,"normal",0.746091272593055
20090101,2602.98596666667,2468.20177929999,"1050909900",0.0225130898833316,0.594480261631501,0.383006648485167,"normal",0.762149595947437
20100101,3842.0248,3789.88330868325,"1050909900",8.41848956321155e-07,0.00645684900130994,0.993542309149734,"above",0.0390079666447935
20110101,585.390466666667,732.747592849999,"1050909900",0.950605598832953,0.0493557733158737,3.86278511734783e-05,"below",0.197043160820383
20120101,3701.25246666667,3645.00297601661,"1050909900",3.68082697468089e-06,0.0145898294715278,0.985406489701498,"above",0.0762100507196064
20130101,1552.93356666667,1667.52814286667,"1050909900",0.375222011621901,0.60114725625538,0.0236307321227195,"normal",0.762241706026216
20140101,901.335433333333,865.185991866664,"1050909900",0.914939654333435,0.0849408699314371,0.000119475735127494,"below",0.291861885580872
20150101,555.671533333333,671.396112699999,"1050909900",0.962459630098647,0.0375180425322095,2.23273691430936e-05,"below",0.160235094985325
20160101,4417.06903333333,4119.41580246656,"1050909900",2.10094498632436e-08,0.000735983394280493,0.99926399559627,"above",0.00604571210772859
20170101,1656.32513333333,1667.95560571665,"1050909900",0.374880603649585,0.601438431548574,0.0236809648018406,"normal",0.762243081306829
20180101,1804.485,1882.89351336668,"1050909900",0.2201607843812,0.716874549771016,0.0629646658477838,"normal",0.745914301542086
20190101,1747.48473333333,1741.32686996666,"1050909900",0.317932993162697,0.648330992496512,0.0337360143407913,"normal",0.759618587316095
20200101,2170.98026666667,1928.06352708331,"1050909900",0.193029610391636,0.731357809870203,0.0756125797381609,"normal",0.741565457914472
20210101,3932.56356666667,3776.67524626659,"1050909900",9.66627013168909e-07,0.006979332281279,0.993019701091708,"above",0.0416202700609731
20220101,2386.31643333333,2839.31509549999,"1050909900",0.00266783051163031,0.311512844406251,0.685819325082119,"above",0.637783509563205
20230101,2959.90473333333,2775.51279409998,"1050909900",0.0040048640770578,0.359293586277057,0.636701549645885,"above",0.677327920005728
20240101,2011.20616666667,2233.74996173333,"1050909900",0.0654433989116679,0.720198198989774,0.214358402098558,"normal",0.744960433664305
20250101,2209.6139,1693.55334133333,"1050909900",0.354623543996881,0.618519467043848,0.0268569889592717,"normal",0.761938790369231
20260101,2209.6139,1923.86903066665,"1050909900",0.195459548053474,0.730178238057842,0.0743622138886836,"normal",0.741938270082898
19930101,680.801516129032,690.123670306459,"1050915980",0.611103540266183,0.387048333849223,0.0018481258845936,"below",0.679981513034617
19940101,732.909903225806,706.648303919359,"1050915980",0.558999708537052,0.438190770408005,0.0028095210549427,"below",0.703174582059235
19950101,877.09564516129,874.234227725814,"1050915980",0.113498103606508,0.807623323990973,0.0788785724025182,"normal",0.619864177997156
19960101,1019.11035483871,1017.12572769353,"1050915980",0.00901981072765817,0.591998601177447,0.398981588094895,"normal",0.719424371346257
19970101,1049.30367741935,1035.04876690321,"1050915980",0.00603850007848825,0.5381142634075,0.455847236514011,"normal",0.722427772998133
19980101,634.144225806452,649.410515161297,"1050915980",0.729651475152757,0.269735065412053,0.000613459435189201,"below",0.587952903297668
19990101,893.236838709677,937.904284693544,"1050915980",0.0423967231125925,0.772813681983793,0.184789594903614,"normal",0.645194249201434
20000101,870.563870967742,893.731653806445,"1050915980",0.0859758293191887,0.809253629245086,0.104770541435725,"normal",0.618591262026361
20010101,789.438903225806,776.345368709682,"1050915980",0.338797649051201,0.647476745700899,0.0137256052479001,"normal",0.707000821517237
20020101,748.07035483871,778.189534709683,"1050915980",0.333352401992957,0.652389578004566,0.0142580200024768,"normal",0.705453093482481
20030101,1063.96625806452,997.807704838701,"1050915980",0.0136071811295359,0.646354520155235,0.340038298715229,"normal",0.707344225833862
20040101,799.575967741936,835.418820064509,"1050915980",0.185679223825633,0.772224031335601,0.0420967448387657,"normal",0.645592894370721
20050101,1331.32961290323,1307.92963490322,"1050915980",1.18626297096945e-06,0.0179513319369473,0.982047481800082,"above",0.0899725721866092
20060101,701.211580645161,691.634569870976,"1050915980",0.606406811108737,0.391671594374701,0.00192159451656215,"below",0.682472192972237
20070101,649.051903225806,653.978946580653,"1050915980",0.71727959481099,0.282022622904719,0.000697782284290738,"below",0.600390936380575
20080101,1458.29458064516,1385.23663490322,"1050915980",4.53159606964983e-08,0.00322690770042156,0.996773046983618,"above",0.0217327949530073
20090101,1048.56435483871,1026.10688148386,"1050915980",0.00739452373348142,0.565317810016566,0.427287666249953,"normal",0.722045548566858
20100101,1144.58970967742,1135.0218294516,"1050915980",0.000451470120745944,0.242025953655918,0.757522576223336,"above",0.557207879030147
20110101,898.503935483871,954.111808774186,"1050915980",0.0318179762301062,0.746363511009551,0.221818512760342,"normal",0.662078209865721
20120101,1195.41529032258,1217.10789870968,"1050915980",3.3938147806965e-05,0.0864353882625567,0.913530673589636,"above",0.294592224060453
20130101,665.439967741935,678.028969661297,"1050915980",0.64806440356345,0.350589628130223,0.00134596830632716,"below",0.657472122996592
20140101,459.192225806452,488.664570532266,"1050915980",0.972123264310728,0.0278738383479766,2.89734129510499e-06,"below",0.127311664957785
20150101,437.865451612903,481.42821412904,"1050915980",0.975668596108401,0.0243292121856278,2.19170597159923e-06,"below",0.114470762694467
20160101,1295.56596774194,1276.6435788387,"1050915980",3.9934216335992e-06,0.0325330801985694,0.967462926379797,"above",0.143493544935489
20170101,891.047580645161,887.549560145171,"1050915980",0.0941009436698193,0.809930641654559,0.0959684146756218,"normal",0.61806038489569
20180101,909.814096774194,924.097107225809,"1050915980",0.0535070505565323,0.790012238621593,0.156480710821875,"normal",0.633120770114594
20190101,845.057322580645,816.724350435479,"1050915980",0.228860551785801,0.740961400826868,0.0301780473873311,"normal",0.665275196478609
20200101,925.508516129032,940.917382161287,"1050915980",0.0402392625625025,0.768394206603461,0.191366530834036,"normal",0.648157437530502
20210101,898.559322580645,831.012252225805,"1050915980",0.195374011997505,0.765635778288636,0.0389902097138596,"normal",0.649978037512246
20220101,1181.43603225806,1234.66225733871,"1050915980",1.8479803281845e-05,0.0661538370158532,0.933827683180865,"above",0.243793144618496
20230101,982.254161290323,999.254216048375,"1050915980",0.0132046860083826,0.642456201004341,0.344339112987276,"normal",0.708507785718764
20240101,1157.29651612903,1134.69346353225,"1050915980",0.000455786696657318,0.242853346178232,0.75669086712511,"above",0.558182102719468
20250101,895.870387096774,836.495583887092,"1050915980",0.183356421056686,0.773758045021792,0.0428855339215222,"normal",0.644553680895411
20260101,895.870387096774,1001.26109903225,"1050915980",0.0126633255621726,0.636997245616006,0.350339428821821,"normal",0.7100604863492
19930101,280.2829,281.079600766666,"1050915990",0.00681069356017362,0.445898033669653,0.547291272770174,"above",0.724009574239542
19940101,186.9519,195.524191806981,"1050915990",0.151380528428164,0.754824923730822,0.0937945478410135,"normal",0.720088082476033
19950101,136.074566666667,137.40144835,"1050915990",0.47823319572756,0.510862558586471,0.0109042456859684,"normal",0.745167164320262
19960101,206.157366666667,207.955318066669,"1050915990",0.107624211314614,0.758663520189907,0.13371226849548,"normal",0.718484475392947
19970101,328.7977,342.833148449998,"1050915990",0.000229160088491534,0.123667106330993,0.876103733580516,"above",0.376287813569176
19980101,181.128266666667,182.984343633333,"1050915990",0.206115689780495,0.730665529380845,0.0632187808386602,"normal",0.729361391157359
19990101,90.4767333333333,91.4734823500002,"1050915990",0.763186607887315,0.235724553662442,0.00108883845024255,"below",0.554325505055501
20000101,106.770733333333,122.389590033334,"1050915990",0.578272675683494,0.416275189629056,0.00545213468745054,"below",0.709967951026056
20010101,180.453533333333,166.885867299998,"1050915990",0.291275325821384,0.672684668677492,0.0360400055011245,"normal",0.74575467769499
20020101,49.6329666666667,74.5928066500001,"1050915990",0.84135318193249,0.158240288198743,0.000406529868767325,"below",0.440250849554069
20030101,222.227333333333,210.822476950001,"1050915990",0.0989766178096596,0.756648996202548,0.144374385987793,"normal",0.719330492597383
20040101,206.875766666667,205.608881683333,"1050915990",0.115096269268424,0.759504515840927,0.125399214890649,"normal",0.718128397437663
20050101,564.308233333333,495.816751150005,"1050915990",6.28656037573863e-10,9.78570970364689e-05,0.999902142274308,"above",0.00100128320561167
20060101,103.270166666667,115.831121950318,"1050915990",0.620806683242787,0.375238174641173,0.00395514211603976,"below",0.685649708552198
20070101,170.155266666667,182.458273133334,"1050915990",0.208642658058983,0.729227255006035,0.0621300869349823,"normal",0.72986862333352
20080101,443.8833,356.709698562535,"1050915990",9.31126469800178e-05,0.0823643754368665,0.917542511916154,"above",0.285455704464238
20090101,251.9791,254.981255133331,"1050915990",0.0212354004092579,0.604052262578805,0.374712337011937,"normal",0.754116413534368
20100101,212.467633333333,218.871465766664,"1050915990",0.0774324838212197,0.745271622168435,0.177295894010345,"normal",0.723924448118711
20110101,128.377933333333,121.614519767778,"1050915990",0.583357673766467,0.411390105592351,0.00525222064118236,"below",0.707375042839819
20120101,455.328566666667,431.469031850004,"1050915990",2.98333464317403e-07,0.00409612154112438,0.995903580125411,"above",0.0266118082284502
20130101,211.2381,208.931943749998,"1050915990",0.104619498406838,0.758098957349515,0.137281544243647,"normal",0.718722555398866
20140101,114.414766666667,108.818336383334,"1050915990",0.664710016156589,0.332518227590966,0.00277175625244552,"below",0.653914074913729
20150101,84.2011333333333,111.965163083334,"1050915990",0.645244769076009,0.351498914045515,0.00325631687847638,"below",0.668856878082085
20160101,305.270866666667,285.582917799999,"1050915990",0.00549980299339751,0.417417418211418,0.577082778795184,"above",0.710562728683469
20170101,271.909933333333,294.854954983334,"1050915990",0.00348369793796097,0.359639366394587,0.636876935667452,"above",0.674848403649991
20180101,222.849833333333,237.047250716667,"1050915990",0.0420168536310676,0.690528327794525,0.267454818574408,"normal",0.741602274497533
20190101,293.687,287.086896266667,"1050915990",0.00511487835663013,0.407941628163402,0.586943493479968,"above",0.705496426007634
20200101,168.102333333333,209.271179540316,"1050915990",0.103590149595865,0.757873410286917,0.138536440117218,"normal",0.718817455345872
20210101,178.121333333333,114.481118850318,"1050915990",0.629401298253636,0.366901543702615,0.00369715804374959,"below",0.679987066230989
20220101,92.1858,96.3875696333339,"1050915990",0.736984987090884,0.261584803467682,0.00143020944143424,"below",0.585070945139495
20230101,52.8356333333333,88.7805463833338,"1050915990",0.7769126287987,0.222152197392328,0.000935173808972123,"below",0.536840763154755
20240101,236.514466666667,246.281032866667,"1050915990",0.0298643288079565,0.649343212861389,0.320792458330655,"normal",0.749967266019717
20250101,196.554633333333,167.451896649999,"1050915990",0.28802385404983,0.675177449473665,0.036798696476505,"normal",0.745222832299622
20260101,196.554633333333,238.172270883332,"1050915990",0.0403501938762682,0.685942448462242,0.27370735766149,"normal",0.742745937798781
