"HYBAS_ID","YYYY","Q","RF","SVMLINEAR","MLP","pred_final"
"1050021910",19930101,1909.40086666667,2267.10604238889,2460.81133709847,2948.59336461221,2024.33759248333
"1050021910",19940101,2153.02986666667,2361.67785368944,2247.0475227167,2952.64832738357,2257.72449535
"1050021910",19950101,2683.02743333333,2483.17508152555,2403.7579215215,2030.23651930136,2600.27485559998
"1050021910",19960101,3570.9438,3052.01196009944,2703.8899806709,3572.1682640928,3584.98237291666
"1050021910",19970101,4302.9823,3485.18467487832,2949.66138556575,3467.45755270409,3983.88313948328
"1050021910",19980101,1703.7466,2036.55519602166,2646.18133581434,2080.05115891058,1768.47869741666
"1050021910",19990101,3466.62156666667,2874.11582406001,3136.71452187921,2948.59336461221,3359.29421231671
"1050021910",20000101,3098.9989,2933.78133021388,3130.72841141522,3595.34679007121,3249.13101341668
"1050021910",20010101,1598.6216,2021.24507330666,2320.97909276894,1437.46757753961,1639.08497614999
"1050021910",20020101,2764.77216666667,2687.44306631444,2344.18178527539,3572.1682640928,2881.9277958333
"1050021910",20030101,2306.59413333333,2145.67530559277,2022.06589755282,1240.52513176724,2088.41065406665
"1050021910",20040101,1561.12716666667,1999.04779077444,1901.46439754388,1437.46809415811,1561.52771279999
"1050021910",20050101,2963.53696666667,2695.29395024111,2682.17344018896,2820.61240393691,2941.46408666664
"1050021910",20060101,3127.11293333333,2745.18126920167,2955.66781082957,2684.85008498611,3083.34173233335
"1050021910",20070101,2118.3404,2201.00023870778,2487.29160295078,2096.10171478115,2074.61812326668
"1050021910",20080101,2865.54753333333,2711.99237288666,2617.13320216158,1948.82007055731,2884.96048951664
"1050021910",20090101,2514.41843333333,2422.32594114999,2109.30214644625,2080.05115891058,2429.07591013331
"1050021910",20100101,2974.14026666667,2747.39302746278,1970.72833043396,2718.14047775582,2944.61806256666
"1050021910",20110101,3044.32363333333,2864.11727487278,2950.05308597703,2080.05115891058,3102.27777613333
"1050021910",20120101,3696.32363333333,3119.46210827166,2382.5490572552,2824.9423586965,3569.65732798331
"1050021910",20130101,1666.87636666667,1955.80714537945,2126.72773527843,2306.00978324124,1667.71569238334
"1050021910",20140101,689.8611,1311.81513110889,1825.8726702668,1826.41974607577,848.028570399992
"1050021910",20150101,1046.13423333333,1391.01008825833,1844.03349979746,1240.53962970224,929.495121349985
"1050021910",20160101,1906.2651,2037.34197127611,2363.56464733328,1728.34361296777,1799.84289824998
"1050021910",20170101,739.7871,1287.20804620667,2043.79237997921,1240.52513176724,839.990327849992
"1050021910",20180101,1496.71433333333,1757.93990592888,1590.9436178472,1494.15654460205,1476.26309028332
"1050021910",20190101,614.114533333333,1238.26882130222,1303.67546480122,974.73850170613,695.153928016667
"1050021910",20200101,3616.7906,3113.58718904778,2045.15762043818,2306.00978324124,3501.59349539998
"1050021910",20210101,1681.8859,2004.57408323556,2374.04290051858,2080.05115891058,1677.44329249999
"1050021910",20220101,1932.93343333333,2212.25914642834,2071.01068859133,1833.92916858172,2120.44277664999
"1050021910",20230101,2177.9998,1902.179381915,2083.44132464847,1826.41974607577,1644.8210214
"1050021910",20240101,3558.88786666667,3079.68928492889,3059.79662562602,2971.77189059062,3627.61203875
"1050021910",20250101,2242.29696666666,NA,NA,2052.37837040643,2169.04044634999
"1050021910",20260101,2242.29696666666,2113.90994396611,2337.12895654169,2694.9619517774,2019.53601541666
"1050021920",19930101,26.1199655172414,39.6744073138342,52.3680793969125,26.09708050756,26.1671549310348
"1050021920",19940101,94.3780344827586,73.4390555632184,52.5251412595672,94.3159055351702,90.914774827586
"1050021920",19950101,78.8454137931034,72.7695692001642,47.0020671412061,78.6408181860164,81.1374403965511
"1050021920",19960101,61.7601034482759,63.8385146400245,50.4286581888478,61.7699474380435,63.4486754482751
"1050021920",19970101,90.5406206896552,70.6152508150249,46.460260169875,90.4326300399287,89.6121573448285
"1050021920",19980101,40.1078965517241,48.2227351191707,48.5104186253275,40.3156783886141,39.5656230517237
"1050021920",19990101,36.678724137931,42.4859088869458,52.6477433360683,36.7280420972447,36.2533402413792
"1050021920",20000101,51.6383103448276,55.4375327642857,54.5580472364306,51.7760356115723,50.6442214999996
"1050021920",20010101,48.8317586206897,54.4532485150657,45.9063049152678,48.8003204293085,48.1973630689657
"1050021920",20020101,30.3418620689655,36.4663262760262,40.3960756300601,30.4343381154582,29.4781949655173
"1050021920",20030101,30.7999310344828,33.3577204197865,34.452022151373,30.8924556748638,29.4896701379308
"1050021920",20040101,35.6835862068965,44.7993191367406,43.3131411880765,35.7848562137943,36.0327451379306
"1050021920",20050101,149.131206896552,101.707224005254,53.1838916519769,149.023581061964,129.007819499999
"1050021920",20060101,62.4085517241379,56.4728762846059,50.5853385096621,62.3049950112059,62.6856421724139
"1050021920",20070101,65.7780689655172,59.4555190260673,47.6716223038875,65.8897910146787,66.0430747413798
"1050021920",20080101,82.8861034482759,70.9859347357553,53.7124570228396,82.9171040452985,83.3774122931026
"1050021920",20090101,44.1446206896552,52.6622931647374,47.80536929598,44.2317722566101,45.4198730172415
"1050021920",20100101,67.1942413793103,58.4920129638341,44.4003175387518,67.2350449067485,66.4911524482758
"1050021920",20110101,82.349,82.0190678002051,54.1373251132509,82.3116933249488,83.5553795689653
"1050021920",20120101,71.0393103448276,59.8110193167488,56.1250313875337,71.1483772090779,69.5823336034488
"1050021920",20130101,51.5651034482759,53.7720104835386,54.4943498237237,51.5378317090214,50.6244625172409
"1050021920",20140101,18.1479655172414,36.0070587184318,39.2805733062299,18.1520703986418,19.6734475344826
"1050021920",20150101,17.185724137931,27.7158328004515,42.481910597268,17.3135930004542,18.839521913793
"1050021920",20160101,28.8150344827586,40.4445294839902,35.5426167942023,28.8715012314433,29.2480584310346
"1050021920",20170101,22.8982068965517,35.2104314069375,37.7355644443065,22.83585963244,23.6620169310347
"1050021920",20180101,46.903,58.7938856385057,38.4813426661847,46.933116832362,48.3760217241376
"1050021920",20190101,24.9907931034483,61.9547530454843,45.3178390437674,25.0460427040817,30.3635248620688
"1050021920",20200101,115.906,98.4078326798439,58.1542847869924,116.208113371935,111.761109982758
"1050021920",20210101,29.3824482758621,38.1149520107143,39.3306914151379,29.3999407959934,29.044819948276
"1050021920",20220101,36.7219310344828,46.3454701452381,39.6511774315413,36.6835537137125,35.9834658620686
"1050021920",20230101,45.431275862069,43.6304199077176,47.2278728521484,45.3098539221879,42.7058614999999
"1050021920",20240101,76.0936551724138,68.1092185022988,55.2635930394772,76.1429984573998,80.5220735862066
"1050021920",20250101,47.8673793103448,47.9151507233579,50.8052559256401,NA,45.3640564482756
"1050021920",20260101,47.8673793103448,51.0716314139574,44.4920567250957,47.9749465867088,47.1173070172415
"1050021940",19930101,511.49,481.28859481151,508.454286851275,432.08704728129,500.0086567931
"1050021940",19940101,725.450068965517,560.266191781176,495.231530932857,649.441155997436,728.238960086211
"1050021940",19950101,727.014206896552,565.074708669606,474.038904177704,519.058431236327,751.625787862067
"1050021940",19960101,485.840965517241,496.107648340106,460.950640303627,432.08704728129,480.819589120683
"1050021940",19970101,393.202586206897,437.697368227553,412.707020785527,392.663222240392,398.374980224138
"1050021940",19980101,410.442137931034,441.519964889161,429.934973687597,413.055308093392,420.908497499997
"1050021940",19990101,260.307344827586,402.513858439018,507.201317754188,301.704023897314,263.992539758622
"1050021940",20000101,513.785206896552,489.897609605791,494.256654920227,588.794259793937,520.126003327583
"1050021940",20010101,484.262344827586,499.29458549665,464.717421672639,471.493834182545,489.709959568963
"1050021940",20020101,362.729551724138,406.872810670056,397.461464798741,362.367305593335,345.046702155174
"1050021940",20030101,538.797275862069,433.521926211644,409.891637133834,471.493834182545,476.486952810347
"1050021940",20040101,246.053310344828,431.854470868719,398.150701192477,301.704023897314,282.223171413795
"1050021940",20050101,793.475827586207,565.842020976336,487.213678693983,806.14584795328,767.782159310351
"1050021940",20060101,869.884103448276,561.557579425062,471.550449091054,471.493834182545,796.728045465517
"1050021940",20070101,602.470931034483,519.228538046032,485.835860418039,688.848241521559,590.209772241382
"1050021940",20080101,669.024310344828,528.772117053674,476.75268840729,588.794792495356,642.757961017245
"1050021940",20090101,437.987068965517,475.182747281352,463.777925052397,519.058431236327,462.172334620685
"1050021940",20100101,354.167275862069,397.898242415895,381.883430032007,349.302327174273,339.569333068966
"1050021940",20110101,482.05824137931,513.286279523865,501.664137933716,492.467002897571,518.910475431038
"1050021940",20120101,579.008689655172,492.76234932569,517.570883641118,588.794343174723,552.945947706894
"1050021940",20130101,360.326655172414,441.214103191823,488.286078077128,360.622418577568,385.207514499998
"1050021940",20140101,160.695172413793,369.035124395513,440.587510294968,471.49408615133,251.48277734483
"1050021940",20150101,180.972586206897,362.862804262982,467.841581483913,301.704023897314,189.472794
"1050021940",20160101,263.772137931034,405.76774407944,397.728456384713,301.704615314527,273.034221103446
"1050021940",20170101,128.493965517241,347.894918841758,432.415876390066,219.291105303862,129.446635224137
"1050021940",20180101,483.330620689655,455.506540289586,463.782481774213,719.177527786013,479.578095655173
"1050021940",20190101,46.8535862068966,324.521623591522,428.950068217142,171.727216339135,93.0622202068963
"1050021940",20200101,796.29275862069,573.332819502942,511.709412007447,758.583692226513,755.617190034489
"1050021940",20210101,422.970551724138,405.179969875792,403.486493989256,410.378981458851,342.319492051724
"1050021940",20220101,321.354413793103,388.308171915949,366.221828363544,292.189511214338,283.454385793103
"1050021940",20230101,471.354379310345,428.624769560867,452.620768407299,289.026425074067,274.555593000002
"1050021940",20240101,471.272068965517,453.744346534359,451.741587241985,432.08704728129,458.352505189651
"1050021940",20250101,471.313224137931,432.599966720463,481.014532344074,471.494051326065,416.935308931034
"1050021940",20260101,471.313224137931,446.994183278782,444.635270567241,476.356690578407,440.273192120687
"1050022420",19930101,3699.25313333333,3877.11262699889,3801.22921870458,4138.78689179948,3742.66723094998
"1050022420",19940101,2549.9019,2876.10200533222,3700.06924027587,3957.88857282696,2424.57843759999
"1050022420",19950101,4988.55023333333,4814.63870246388,3669.7729150127,3639.59340124274,5063.74130048337
"1050022420",19960101,4937.98873333333,4641.30716060777,3779.6240937739,3820.49172021525,5023.82690375005
"1050022420",19970101,4366.1077,4241.20955515388,4374.40526427866,3820.49172021525,4336.90497150002
"1050022420",19980101,3279.27906666667,3735.60377562333,3381.05939055772,3820.49172021525,3413.74786091665
"1050022420",19990101,4706.45836666667,4317.93966871276,3909.6205359007,3820.49172021525,4561.11931411664
"1050022420",20000101,4044.23006666667,4178.13300815445,3985.75436280147,3820.49172021525,4195.5233609667
"1050022420",20010101,2757.81766666667,3195.81331880999,4284.31595381149,3957.88857282696,2765.02277096665
"1050022420",20020101,3976.93643333333,4094.02967560389,3701.33997830223,3957.88857282696,4197.22573555003
"1050022420",20030101,4556.26653333333,4011.13620920223,3698.09465073607,3639.59340124274,4330.94205091665
"1050022420",20040101,3048.4826,3433.15608913,3212.64307756243,3957.88857282696,3077.35299478336
"1050022420",20050101,3874.14536666667,3828.62962369223,3591.01038895716,3820.49172021525,3756.82029978337
"1050022420",20060101,3707.87653333333,3691.99875808722,3809.04667737181,3957.88857282696,3646.56014553331
"1050022420",20070101,2656.8366,3146.36127434334,3629.44997630923,3957.88857282696,2640.55709623334
"1050022420",20080101,4413.23533333333,4209.79592762888,4311.2452814613,3639.59340124274,4421.46736121666
"1050022420",20090101,4002.9134,3930.88085257667,3374.13175461348,3820.49172021525,3886.57601694997
"1050022420",20100101,5347.7863,4591.06110406887,3409.49192239583,3957.88857282696,5273.23903211662
"1050022420",20110101,1838.77793333333,2872.63965618056,3610.47857499489,3820.49172021525,2101.56260518332
"1050022420",20120101,5290.0559,4600.20811006167,3839.19925850254,4138.78689179948,5288.47404628333
"1050022420",20130101,3283.81076666667,3453.10943936277,3489.18326788583,4138.78689179948,3185.88537701666
"1050022420",20140101,2228.19346666667,2940.353820135,3470.4733290792,3639.59340124274,2284.04100429999
"1050022420",20150101,2112.18326666667,2644.26961667167,3368.13790075456,3820.49172021525,2132.42306593334
"1050022420",20160101,5903.58426666667,4907.69189993278,3953.52308732191,3957.88857282696,5584.02890464997
"1050022420",20170101,3478.0535,3830.11789308777,3585.45137139347,3639.59340124274,3617.89566989998
"1050022420",20180101,3581.95746666667,3644.87959671055,3683.32739449423,3639.59340124274,3579.97600908331
"1050022420",20190101,2901.2428,3395.91859146167,3521.4696816983,3820.49172021525,2935.37672073333
"1050022420",20200101,4237.1146,4025.50063528833,4135.7044109937,4138.78689179948,4150.5781378667
"1050022420",20210101,4955.4285,4542.04000060722,4481.56871173204,4138.78689179948,5385.73708198332
"1050022420",20220101,3980.73653333333,3955.62139903834,3879.39918895778,3820.49172021525,4059.40768435
"1050022420",20230101,5348.27333333333,4837.461827545,3905.10549321327,4138.78689179948,5453.53630273332
"1050022420",20240101,3690.31243333333,3754.90842958666,3866.70713179165,3957.88857282696,3646.83275508331
"1050022420",20250101,3925.5409,4028.56334256888,NA,3639.59340124274,4343.87880704999
"1050022420",20260101,3925.5409,3824.03950441443,3854.92521016086,3639.59340124274,3719.19806338332
"1050022430",19930101,106.3453,150.394485261666,207.824409145995,144.185375988108,103.885584333334
"1050022430",19940101,344.707166666667,299.081567676111,231.626786465488,355.369540622213,343.16853475
"1050022430",19950101,268.6762,259.049251072777,235.579996059494,251.813755892297,266.736016933329
"1050022430",19960101,174.9791,210.253737895555,239.549393308689,144.188423546313,179.310704166665
"1050022430",19970101,198.9999,215.948547384444,208.832071885558,251.813834944399,190.148411699999
"1050022430",19980101,257.222733333333,256.983030695,247.425232261529,251.799579360951,262.967236583331
"1050022430",19990101,230.880833333333,232.396821905,240.732648273018,251.813834944399,240.437506499998
"1050022430",20000101,202.6933,225.645322102223,293.385162262143,251.813910806649,221.582484633335
"1050022430",20010101,288.234833333333,239.310277573333,263.384148711131,251.813834944399,274.626150216665
"1050022430",20020101,357.129033333333,291.26284071111,294.775846894215,251.813834944399,352.773728666666
"1050022430",20030101,50.4114666666667,134.756295407778,262.625964969751,251.816178890606,77.5735089
"1050022430",20040101,342.695733333333,314.313595516111,272.173769253147,251.813834944399,343.611053550001
"1050022430",20050101,463.600366666667,370.034787747225,287.482622923119,393.1283149421,427.679565716672
"1050022430",20060101,307.372066666667,288.888147558889,282.125900351235,251.813834944399,321.116873016665
"1050022430",20070101,259.407133333333,243.534806770555,249.613461534602,144.244501554826,255.015351749999
"1050022430",20080101,261.5004,264.008214729444,276.1380660738,251.813834944399,267.105099133332
"1050022430",20090101,171.682466666667,203.011537292778,229.502113117675,144.185375988108,167.174114316667
"1050022430",20100101,92.2390333333333,144.564125123889,276.974521828389,144.185375988108,95.751867083333
"1050022430",20110101,415.421966666667,340.140803529444,295.206986720978,251.813834944399,399.6221422
"1050022430",20120101,158.942433333333,185.548120817222,231.441878506737,251.813834944399,159.08607525
"1050022430",20130101,217.228033333333,244.327881653334,276.692338829891,215.943988176573,237.903334800003
"1050022430",20140101,254.301133333333,234.328984732222,233.177996861002,251.692969680975,248.05349403333
"1050022430",20150101,144.817266666667,157.037893507222,215.335886903771,251.813834944399,131.111511916666
"1050022430",20160101,67.7801666666667,129.973979342222,201.890718472128,144.185375988108,75.0047646833327
"1050022430",20170101,142.1723,177.763655196667,228.382249744021,144.210523230078,146.083708966667
"1050022430",20180101,295.5439,256.617437747777,250.188269986634,299.329101585185,284.258656499997
"1050022430",20190101,111.713766666667,162.596907246111,276.306194111224,144.185375988108,120.570677116667
"1050022430",20200101,170.5225,184.102037208889,169.284128907441,144.185375988108,145.791349433333
"1050022430",20210101,267.669566666667,262.398722102222,257.801058630401,255.658280630911,273.382222349998
"1050022430",20220101,329.148133333333,303.296595011111,319.279627992924,334.780009982121,365.360972916668
"1050022430",20230101,321.5413,305.507786575556,291.877360051967,327.386512133901,361.036729866668
"1050022430",20240101,272.3723,238.025191664999,267.125304207058,251.842696662205,274.596327783331
"1050022430",20250101,255.761933333333,NA,NA,251.813834944399,258.663270816664
"1050022430",20260101,255.761933333333,244.700996786111,246.623334505077,251.813834944399,264.342033266664
"1050022910",19930101,18.8626333333333,64.8706446388885,28.637729077879,173.095870474526,33.5168378500003
"1050022910",19940101,233.434133333333,205.878656752777,154.155359717396,231.460933180057,229.385690033333
"1050022910",19950101,321.964333333333,271.131290669445,206.499566993454,250.060610539202,296.231446183334
"1050022910",19960101,140.135833333333,157.474907291667,149.881188273234,125.265110194983,140.753750583334
"1050022910",19970101,174.295233333333,180.193090719445,184.10416758017,177.757836821761,176.704772133335
"1050022910",19980101,204.862433333333,226.633149005554,214.629712681605,185.162500204328,224.219050433332
"1050022910",19990101,132.717566666667,143.794176330556,142.489497374441,124.60741021771,136.821289866668
"1050022910",20000101,193.1557,216.485131241667,202.96115557539,194.572905435882,199.14989595
"1050022910",20010101,145.6732,140.744351458333,142.837531074709,146.068414540765,143.500547166667
"1050022910",20020101,279.362,225.81614886111,84.2808883525537,143.609793282,242.242748333331
"1050022910",20030101,26.8303,73.0580359888893,103.988679041723,143.609890172842,39.7986975500003
"1050022910",20040101,196.158266666667,196.992534377777,174.396383233338,175.151247272432,196.138776799999
"1050022910",20050101,406.476133333333,327.794837872224,278.564040510233,410.667382791099,377.838978933335
"1050022910",20060101,202.3919,217.287676255554,212.174891585513,124.606007997677,203.970198949998
"1050022910",20070101,149.343566666667,141.964566044445,138.531998600172,143.62255358143,145.864968000001
"1050022910",20080101,241.118766666667,220.339846080557,188.18110097786,231.556978232477,230.931786800003
"1050022910",20090101,134.474733333333,136.908953102779,199.899450376081,147.400617961167,139.383875566668
"1050022910",20100101,72.8143333333333,99.8929974166664,120.699958434495,95.2356213532382,80.6754287666667
"1050022910",20110101,371.559066666667,315.651354213888,288.017040539518,356.399024095268,368.690707466666
"1050022910",20120101,95.1127666666667,114.223913200001,85.2815011899153,125.384632437983,94.9818563166672
"1050022910",20130101,123.8153,164.468750891666,223.221285115695,95.2355635733044,141.365374866668
"1050022910",20140101,188.326533333333,170.652415750001,155.934867199162,95.2377591289166,168.599220183335
"1050022910",20150101,98.5874666666667,98.359793169444,88.8368891442935,143.61082364899,81.1835450666664
"1050022910",20160101,58.5318,83.4291372999997,118.16483599657,95.2364445756502,56.156143483333
"1050022910",20170101,141.268833333333,149.430561422223,131.939993913913,146.48274220766,141.843188733334
"1050022910",20180101,111.9039,118.357417044445,121.718720302006,95.2383130902125,103.076456383334
"1050022910",20190101,67.1318666666667,94.3463811694445,87.9154177002765,95.25176321182,72.5849140333338
"1050022910",20200101,64.4021,104.530769361112,77.268631198006,124.607217002586,85.9266223000002
"1050022910",20210101,127.978766666667,137.652510319445,137.801899640725,124.60718560257,139.413807716668
"1050022910",20220101,191.7756,211.963787063888,201.60335905732,186.999335052836,199.310916316667
"1050022910",20230101,326.777866666667,293.115497730557,262.104962604377,296.301889540928,343.908949016666
"1050022910",20240101,334.156366666667,254.626303777777,191.021393166045,172.979616920077,252.382307583333
"1050022910",20250101,147.508383333333,NA,NA,172.981821979348,144.068529733334
"1050022910",20260101,147.508383333333,145.698435883333,137.725763461538,143.61031713596,143.172671483334
"1050022920",19930101,20.3619,74.6008507166673,64.1757426038319,20.3885433435514,29.0062850333334
"1050022920",19940101,205.118766666667,188.949727841669,182.840236308802,205.116225623151,203.53563871667
"1050022920",19950101,273.961333333333,243.564480216669,209.186744218579,273.948292799669,277.307542200003
"1050022920",19960101,197.5659,184.449581658332,170.243073462723,197.589598224305,197.586186133333
"1050022920",19970101,127.571033333333,157.358721474999,190.080211894224,127.576993738883,129.686738399998
"1050022920",19980101,174.295,217.841638141668,184.217133774988,174.295396055181,178.142848883334
"1050022920",19990101,162.2886,184.333665466667,172.183853057074,162.26195860131,164.181176983333
"1050022920",20000101,195.133833333333,217.229341099997,205.085745887924,195.147090519672,199.477825866665
"1050022920",20010101,176.911033333333,171.914496525001,167.022983072633,176.960876310565,174.614427700001
"1050022920",20020101,219.0684,192.528832716666,126.340244181336,219.027669234254,216.384004599999
"1050022920",20030101,28.9229,87.1292323333335,127.444672985428,28.8978548993788,31.6989865333337
"1050022920",20040101,149.669333333333,160.166057533333,159.576074899332,149.741125846357,149.907919266666
"1050022920",20050101,403.499966666667,331.275975983332,260.993322148155,403.45016031434,399.819078233332
"1050022920",20060101,150.408,169.758085116665,237.934836055921,150.429829948548,157.925517083332
"1050022920",20070101,173.622133333333,172.7494961,163.670810065305,173.633330314548,172.799813649999
"1050022920",20080101,310.599566666667,263.228041191668,246.949907181159,310.669099955469,296.599884350001
"1050022920",20090101,199.513,197.612619600003,249.287063026705,199.530220921388,208.737540266669
"1050022920",20100101,58.9327666666667,114.634363216666,162.383582810079,58.9380064690567,62.2680779833325
"1050022920",20110101,454.9565,369.088818433328,261.831075121057,454.913585757808,413.300689966662
"1050022920",20120101,153.290133333333,162.368703983332,130.85287082434,153.294130430476,150.560933349999
"1050022920",20130101,151.4837,169.019400775,207.421081571184,151.511372021688,152.8572866
"1050022920",20140101,223.8364,190.387243233334,191.395597046728,223.848901988599,217.869517616667
"1050022920",20150101,120.6204,126.697590341667,127.397373740645,120.637555040021,116.815873666666
"1050022920",20160101,25.3659,71.8224559916658,138.573777082594,25.3912111101264,30.3205254000004
"1050022920",20170101,173.385833333333,183.814998216667,171.621973173774,173.434226818568,173.997337966666
"1050022920",20180101,147.880533333333,156.960634441667,157.850603815662,147.889867389825,146.460326799999
"1050022920",20190101,109.2158,135.664018300001,124.610562163027,109.157835698247,111.986735866667
"1050022920",20200101,80.7470666666667,100.939767691666,90.6925576989988,80.7230442595716,59.3031948333329
"1050022920",20210101,151.034533333333,160.380030666666,160.999421406651,151.043123517725,150.780660583333
"1050022920",20220101,162.632533333333,188.904421574999,241.612732055579,162.66323968143,174.8311073
"1050022920",20230101,335.171933333333,295.062654766666,247.277870849642,335.192174394127,316.348996816666
"1050022920",20240101,326.673233333333,256.979632733334,216.671276632273,326.698326328331,289.914918100002
"1050022920",20250101,168.009183333333,NA,NA,NA,172.88074135
"1050022920",20260101,168.009183333333,169.219135333334,158.038983478817,167.976726634143,166.609214566666
"1050023020",19930101,204.069833333333,404.233933299996,556.286859948904,418.379092545253,260.668280466669
"1050023020",19940101,443.5993,550.920223,488.062796632957,418.002498583355,425.873486049999
"1050023020",19950101,1117.0665,1010.57276216666,868.032130764773,1143.45791922845,1137.28228451666
"1050023020",19960101,1413.92973333333,1123.33618071666,798.415423316897,895.547636207948,1249.01089873333
"1050023020",19970101,593.0178,621.042792716662,637.322655417818,418.540074549044,559.221458149995
"1050023020",19980101,327.616933333333,492.176953800001,625.384266030161,417.997129607907,340.075880366668
"1050023020",19990101,1561.59343333333,1292.1723437,1054.95923969534,1576.66542050633,1591.18604596666
"1050023020",20000101,521.918166666667,669.352355449992,781.321149546481,895.957405542381,598.702105116659
"1050023020",20010101,378.745233333333,561.870828633327,862.316502308257,418.087025535669,376.939269733329
"1050023020",20020101,651.392466666667,702.43655366666,606.963444282963,717.66104317203,653.362124099992
"1050023020",20030101,856.045066666667,801.377096516669,779.588898147958,666.593596634355,809.965243850002
"1050023020",20040101,669.016033333333,732.525337200003,713.085948122471,666.593596634355,663.00988948333
"1050023020",20050101,1219.61993333333,1075.43473915,968.685669140406,1144.14471490972,1251.3918141
"1050023020",20060101,342.378933333333,540.981152133329,897.491652036351,895.549836937015,374.050643733329
"1050023020",20070101,1005.3847,915.946555416677,782.783330886372,923.473206001611,967.397167650011
"1050023020",20080101,1741.93836666667,1400.23676965,1027.75324277816,1392.78766698999,1664.71239598333
"1050023020",20090101,1296.6434,1176.41729123332,1252.22741372766,1381.08622479073,1379.72979929998
"1050023020",20100101,334.7502,594.231591183336,867.37988763528,417.998183657109,424.480757550001
"1050023020",20110101,1653.7955,1378.00669008333,1010.94213883788,1392.7882835991,1641.09756301666
"1050023020",20120101,545.117166666667,571.756366316665,519.230636408732,417.997774468984,496.095954066664
"1050023020",20130101,439.3219,562.663540283328,483.526759173068,417.999727730572,439.610784099996
"1050023020",20140101,996.443333333333,894.765027600008,896.365174381367,1058.32203937188,986.456752850009
"1050023020",20150101,574.1346,603.345046399997,618.428596684379,417.997129607907,527.528684549998
"1050023020",20160101,135.026933333333,314.478726499999,656.225826314052,418.006159642941,197.563230933334
"1050023020",20170101,857.7228,910.695424849994,813.493040591701,895.551878025224,908.829154983332
"1050023020",20180101,299.731933333333,524.346476716664,950.958817303078,418.000670483651,319.629057099998
"1050023020",20190101,670.397833333333,675.079693216669,714.712088115858,826.133429515688,637.063560083331
"1050023020",20200101,360.279466666667,464.081326450002,404.424581578056,348.668518996981,366.068643183332
"1050023020",20210101,546.619466666667,608.599885883332,591.062311314937,895.548357120944,575.754181449995
"1050023020",20220101,639.288,720.652010016658,891.710594068436,646.633993389825,676.062270283332
"1050023020",20230101,1320.8868,1038.33165546666,911.129299515245,895.546620564142,1073.65506203333
"1050023020",20240101,1118.01386666667,1023.92985915,1073.78411119056,964.647309737696,1158.3165838
"1050023020",20250101,645.340233333334,NA,NA,NA,651.099761799996
"1050023020",20260101,645.340233333334,685.759639266665,630.976096899564,895.548478080219,641.665347799994
"1050023050",19930101,286.849066666667,462.093080000003,315.394398824713,416.347271931412,331.249370366669
"1050023050",19940101,447.365466666667,529.173551833328,475.96898986911,441.700082085875,443.834685499996
"1050023050",19950101,560.2754,540.311474433332,531.772348411244,487.996308526055,522.724013516664
"1050023050",19960101,598.142566666667,580.793595216665,569.694572935679,588.240178790819,582.576006949997
"1050023050",19970101,392.191933333333,535.708726050002,363.608228397925,274.677386863533,422.863290850001
"1050023050",19980101,373.4886,417.973553416665,401.983156156776,416.346998259897,361.342122699999
"1050023050",19990101,1357.14766666667,1030.09079916666,1117.27185412176,1211.34895819032,1260.29617235
"1050023050",20000101,338.487733333333,439.271503199997,366.980467745199,497.364146813116,359.857001216666
"1050023050",20010101,212.099733333333,316.286139616668,565.87871425492,361.833926273798,226.150804866668
"1050023050",20020101,384.1715,471.627069033332,553.455315353048,416.346824743169,401.074690166665
"1050023050",20030101,765.167433333333,657.958834450005,367.860867726621,416.346824743169,722.446200366673
"1050023050",20040101,589.3965,595.14502353333,560.739426980296,588.240178790819,582.286548816661
"1050023050",20050101,486.257133333333,465.04593608334,457.797619103021,507.222856720872,450.707245400005
"1050023050",20060101,195.977933333333,298.169306783333,684.753379868335,274.67681697236,215.919440766668
"1050023050",20070101,436.385433333333,418.731407550003,263.798937709527,416.346824743169,391.700946916671
"1050023050",20080101,1272.62173333333,950.745287233333,1017.51610086029,1120.47295817328,1217.16739921666
"1050023050",20090101,709.515633333333,617.417479850006,738.043461168962,644.861094331282,674.591922416673
"1050023050",20100101,569.631333333333,594.36775858333,562.478306554099,507.222856720872,565.570375633329
"1050023050",20110101,440.303233333333,592.711845699999,468.792199034014,434.052546239687,480.395002666669
"1050023050",20120101,783.968133333333,683.347441316669,146.317012333292,416.346824743169,733.347483166672
"1050023050",20130101,305.300366666667,406.844238800004,294.342427781782,313.682149206297,323.730793566668
"1050023050",20140101,341.705433333333,408.930709033334,370.094996567535,416.346824743169,336.6495247
"1050023050",20150101,223.304533333333,321.835133666669,171.94368135709,416.346824743169,251.195724583336
"1050023050",20160101,271.2379,388.736233783335,303.442971977433,416.347046808371,292.802983783335
"1050023050",20170101,890.794333333333,797.480190550006,875.539916776017,1211.3488646979,911.951509266679
"1050023050",20180101,292.875666666667,436.041929616664,590.195974455692,416.346824743169,322.943275566665
"1050023050",20190101,452.1272,506.44942528333,455.876351496631,416.346824743169,437.260556199997
"1050023050",20200101,646.425066666667,602.538874133339,384.518687750771,588.241695401277,540.805989416665
"1050023050",20210101,614.526933333333,663.776353816668,586.109342083008,416.346824743169,719.217498566673
"1050023050",20220101,860.701133333333,809.672199850005,885.810197091602,836.644995777271,878.105700333346
"1050023050",20230101,843.457466666667,743.506181166669,814.930208183545,855.11497919211,839.711382683344
"1050023050",20240101,927.931733333333,830.162444783344,956.498670142297,898.664995653029,1056.73686176668
"1050023050",20250101,469.192166666666,545.243834850001,NA,NA,465.670672216665
"1050023050",20260101,469.192166666666,551.236731016668,497.740907222871,467.093318966041,497.18042608333
"1050023060",19930101,12.5849,24.6015936750002,14.5375805693183,12.8410766540466,14.0602656833333
"1050023060",19940101,8.4777,20.0832801333332,10.4367583733806,12.5197435019327,10.7134373833333
"1050023060",19950101,20.4066666666667,21.2464640416664,23.6051692849766,12.512864433618,18.0753941666664
"1050023060",19960101,46.7091,41.2414787666667,38.517276812927,47.0590944063824,46.1775859666664
"1050023060",19970101,35.5319333333333,37.1688866499997,37.0127777653454,36.8219893637871,36.0677799499995
"1050023060",19980101,10.074,16.5930600750001,25.9236212213037,12.5802460322855,11.0464095166667
"1050023060",19990101,94.6697333333333,71.4740790916671,62.4427385442963,91.7828574203446,84.9123137000004
"1050023060",20000101,15.0290333333333,22.8904797583333,33.1163769057404,12.5102407036636,16.0696019000001
"1050023060",20010101,11.4233333333333,18.3131220833334,24.5637101000222,12.5309016399401,11.7564489833334
"1050023060",20020101,34.4594,34.0293495333332,13.1419139070804,29.6133562516714,33.5616611166664
"1050023060",20030101,17.5149333333333,22.2313520333332,17.1482335732262,17.8357107780376,16.7520652666667
"1050023060",20040101,25.7385666666667,29.9855243916668,27.7096461813951,23.8557982147825,25.0834744333335
"1050023060",20050101,16.6601666666667,22.5308652500002,18.6224546844159,12.6001131413002,16.49897905
"1050023060",20060101,28.322,29.2166968416667,17.7572572035625,28.7688494724917,27.9782381000002
"1050023060",20070101,29.5218666666667,26.9633731499998,27.5595658048405,27.7192346990977,28.1977024833332
"1050023060",20080101,80.5621666666667,61.7874925666675,55.3635292690659,79.2174420664728,80.3463921333344
"1050023060",20090101,62.8045,49.0162068333328,45.6482954652665,59.614327144612,57.6387791499993
"1050023060",20100101,27.0217333333333,31.5866630583335,48.7385108515945,37.3145766901036,30.384768416667
"1050023060",20110101,39.3411,42.7207159333334,41.296171325969,37.6449584614367,40.0612863
"1050023060",20120101,25.9471333333333,28.3287486750003,23.9957477240372,26.8443971717808,26.8228126833336
"1050023060",20130101,12.5806666666667,18.9772152666666,20.3049532947861,12.5883684414555,12.4279277166667
"1050023060",20140101,17.5462333333333,22.2865786749999,19.5077180195319,23.6211681248391,19.2508373999999
"1050023060",20150101,14.3094,20.3080020666665,16.2781906942353,15.5876691065049,14.1103076833334
"1050023060",20160101,26.0822666666667,30.5815338833335,24.5595773523278,29.6133933388649,27.0325571333335
"1050023060",20170101,48.6887666666667,43.2875867333332,35.9101393597736,48.5932539610016,47.1808548999997
"1050023060",20180101,37.2724333333333,35.8713310666662,39.2339176577401,37.0770309913568,36.5710889499995
"1050023060",20190101,46.2510333333333,42.5271285166669,43.0791190467231,43.8001718112013,46.4132919166666
"1050023060",20200101,28.3471666666667,30.2922498499999,30.3073618588329,27.5443578855658,26.8112808333335
"1050023060",20210101,39.7404666666667,37.9130162666668,41.6920641116612,39.9649393865293,37.9502409499998
"1050023060",20220101,55.825,50.7425161249997,39.6744820127033,56.8627430038106,54.7966675166661
"1050023060",20230101,46.7042333333333,41.1788546083331,36.0975935735962,47.2860486185418,46.1988627999998
"1050023060",20240101,29.8141666666667,33.7014247083334,31.7667132983565,29.9921538337756,31.9845210666666
"1050023060",20250101,28.3345833333333,32.1794631999999,30.2875723932573,28.0800350727198,27.3339678500002
"1050023060",20260101,28.3345833333333,30.7329101999999,29.8866141410021,28.2293372409679,27.0769266666668
"1050023130",19930101,18.7552666666667,39.866758726017,30.9060246391583,18.6851318228572,19.6178275000001
"1050023130",19940101,28.8449666666667,49.9634250081248,21.9584852712255,28.7432197537393,28.9318852333337
"1050023130",19950101,117.002166666667,97.8861790863264,26.3530321865745,116.985777446252,111.187336421112
"1050023130",19960101,87.5494,89.116074028365,60.2197629097583,87.6553106907464,91.6734161666682
"1050023130",19970101,28.9166333333333,49.1788558461524,22.052752598063,28.76271020689,28.6405120833337
"1050023130",19980101,26.5987333333333,45.4904660412782,33.5122813154697,26.6652551402077,26.1894901666667
"1050023130",19990101,126.576966666667,102.259756614779,119.675022902299,126.507218576635,124.621637261111
"1050023130",20000101,28.4928333333333,52.5348632586837,35.3581642811389,28.4674145580136,29.4311764333336
"1050023130",20010101,20.9201333333333,48.9439226621051,27.8156285762612,21.1157646214423,22.1311726166666
"1050023130",20020101,47.2884333333333,61.7040932407249,61.4500827766304,47.0813811585331,49.8523664166672
"1050023130",20030101,53.5374666666667,62.9105463196134,0,53.4595190336469,52.4885074166673
"1050023130",20040101,57.5331333333333,62.3102446447445,64.4308361459267,57.4644023954539,56.3835302166665
"1050023130",20050101,45.7063,53.71753927949,52.5759444376413,45.7108315902208,45.0529493333335
"1050023130",20060101,61.7590333333333,69.7163137502488,128.68601695302,61.9329501998672,67.4791645833338
"1050023130",20070101,100.803866666667,88.8935925523256,22.0098024888424,100.695596807556,99.319298327779
"1050023130",20080101,223.605466666667,157.909144662548,209.591747116954,223.617886277191,197.260835754443
"1050023130",20090101,156.877933333333,123.672690544451,171.388070407181,157.069962567688,161.215841783335
"1050023130",20100101,24.6552666666667,42.4121361689893,31.5388547635464,24.5199458072472,23.8354817333337
"1050023130",20110101,171.2574,133.490709054448,164.395153750517,171.117392790352,161.648259875557
"1050023130",20120101,57.6761333333333,62.4290652284659,40.7731282663979,57.6633502537664,54.6702567333337
"1050023130",20130101,17.5995,36.819922686574,33.3160604931166,17.8017180861538,19.2219369333335
"1050023130",20140101,28.0009,48.1430008910736,110.578455484668,28.1314807016238,35.3624963666664
"1050023130",20150101,21.6521666666667,40.0093148879077,15.5197296860135,21.5823797781065,23.9647718333334
"1050023130",20160101,50.9322333333333,58.5765457788548,11.0016304924916,51.0326778667361,49.7639587166667
"1050023130",20170101,91.6212666666667,150.69304381669,100.18637586798,91.6910102431624,99.3981094826201
"1050023130",20180101,132.871833333333,150.69304381669,125.995935138883,132.918296114706,128.27347586262
"1050023130",20190101,109.003666666667,150.69304381669,19.0425774540647,108.860447332667,109.304489715953
"1050023130",20200101,62.2429,150.69304381669,55.3470158093372,62.1538236848517,80.3092500522227
"1050023130",20210101,130.378866666667,150.69304381669,137.244754139338,130.564591745321,128.38968142262
"1050023130",20220101,239.153033333333,150.69304381669,232.29033561994,238.955747138954,185.472433479444
"1050023130",20230101,279.0561,150.69304381669,202.014569002161,279.079860549334,185.472433479444
"1050023130",20240101,157.468333333333,150.69304381669,164.33011030536,157.459715101702,160.857383912779
"1050023130",20250101,59.7175833333333,NA,NA,NA,49.8521768333336
"1050023130",20260101,59.7175833333333,64.9607011444114,66.5764829996549,59.8161030191089,56.7886995500002
"1050023140",19930101,21.7625,41.8582510480954,33.3489310106478,25.6184677179228,22.4458194666669
"1050023140",19940101,29.0091666666667,51.0009303438218,22.0766955577742,27.1375716840681,27.5088455333334
"1050023140",19950101,117.265566666667,98.2333772997251,25.3401386852631,118.539058427866,115.194566050001
"1050023140",19960101,91.5685333333333,92.4121054602483,62.5839906664058,89.2669042238478,93.4131736000002
"1050023140",19970101,30.8134666666667,51.6487406067315,23.9190458351713,34.2204562507228,29.6522473333333
"1050023140",19980101,26.6606,45.5054642621129,33.5403209469657,28.9737006266844,26.4737118333333
"1050023140",19990101,128.351833333333,103.886710410315,121.43963827829,132.214426737414,129.128341966667
"1050023140",20000101,28.4652,53.2804444550763,35.3680021380479,32.2830540844334,31.1492497666665
"1050023140",20010101,21.7813333333333,50.2457548529464,28.6551741708973,16.3026698429959,22.9700659499998
"1050023140",20020101,48.8962333333333,63.9872648915489,63.4036164068704,40.516069613574,47.0616534833332
"1050023140",20030101,54.1214666666667,63.765771969854,0,50.8206890864891,52.8301783333331
"1050023140",20040101,58.4170666666667,63.5615158389113,65.3304030350067,69.545215934393,57.7753834666668
"1050023140",20050101,46.8515333333333,54.4677209055282,53.7774083586754,47.4671031518298,45.4841649500003
"1050023140",20060101,63.0933333333333,71.2135060285026,130.639722654165,60.4515330364603,62.375386416666
"1050023140",20070101,100.0886,88.9190892977639,21.8444857980041,93.17725662105,97.5381119833343
"1050023140",20080101,225.112933333333,159.223526880994,212.756133572378,213.825748802879,200.479553899998
"1050023140",20090101,164.3258,129.053295425145,171.263362041894,160.281354124811,166.580116916667
"1050023140",20100101,27.324,44.2610764820059,34.2562154011384,29.8919335269151,26.7268828666668
"1050023140",20110101,174.0872,135.975900745505,167.175556880413,172.329087315699,168.21805135
"1050023140",20120101,59.8111,64.8278489854626,40.8443798621878,63.0194889569618,57.8767151833331
"1050023140",20130101,18.5655333333333,38.1344009009176,32.9374901502549,19.2998358872083,20.1548919666665
"1050023140",20140101,30.2409333333333,50.6452417103069,111.943111965894,39.1249517116355,33.2094447833335
"1050023140",20150101,22.8540333333333,41.4390196746262,16.9234723956593,24.3732736158183,22.8641833333333
"1050023140",20160101,51.7622666666667,60.4057286884026,13.0926834385517,52.5947721623979,51.9655264499999
"1050023140",20170101,94.2837666666667,152.711697089694,102.65724624412,88.8269394649097,101.135204366666
"1050023140",20180101,133.508333333333,152.711697089694,126.576594505721,130.975890372203,131.733852766666
"1050023140",20190101,111.996566666667,152.711697089694,19.6152347029339,114.4209578504,116.750749000001
"1050023140",20200101,63.5689666666667,152.711697089694,56.6740958887195,66.9044037720129,81.2926052166668
"1050023140",20210101,133.188466666667,152.711697089694,139.096650168667,137.203781477479,132.547974333333
"1050023140",20220101,242.3387,152.711697089694,235.434788643454,245.435307936948,194.618383433332
"1050023140",20230101,279.4041,152.711697089694,205.101065886441,276.977605494912,194.618383433332
"1050023140",20240101,158.924533333333,152.711697089694,165.833117952574,160.184368504958,171.251232816667
"1050023140",20250101,61.4522166666667,NA,NA,NA,52.0408902666666
"1050023140",20260101,61.4522166666667,66.1704466283873,68.39236149603,45.5601479644121,52.0022519333332
"1050023300",19930101,1108.94577777778,1124.87383152654,1089.80565051058,1098.103389688,1098.25187607408
"1050023300",19940101,1042.3422962963,1106.01430290926,1023.12541706976,1179.60052321907,1042.15020429629
"1050023300",19950101,1129.59577777778,1155.50111134814,1148.71957907123,1179.55914145421,1133.66701024073
"1050023300",19960101,1200.70296296296,1237.15859239197,1282.57045165125,1179.57360772977,1218.51990905554
"1050023300",19970101,1236.16207407407,1218.67298866605,1255.39425087863,1265.61878001642,1228.26546292592
"1050023300",19980101,1039.64374074074,1112.04013390123,1058.81008770358,1049.44193804816,1047.99423675925
"1050023300",19990101,1064.60148148148,1110.6401678179,1083.814426571,1099.38767045876,1057.81663035184
"1050023300",20000101,1341.5167037037,1323.03699313518,1291.78180787285,1310.73246221484,1340.98857277776
"1050023300",20010101,1233.1282962963,1208.65786454136,1019.72934036683,1179.55914145421,1210.26050709259
"1050023300",20020101,1042.78785185185,1097.55603907531,1116.35316832344,1179.85524614671,1046.04009203704
"1050023300",20030101,1024.63366666667,1035.74506003519,1007.77523031943,1179.83981776501,1021.76531372223
"1050023300",20040101,1259.409,1238.85904139568,1240.31536434581,1220.09363606833,1245.16188435184
"1050023300",20050101,1217.40011111111,1181.60012426729,1198.28366741715,1250.49553412931,1203.38216794444
"1050023300",20060101,1141.23114814815,1149.38628525618,1122.02070111618,1163.01401335849,1131.19749337038
"1050023300",20070101,1050.12211111111,1081.91965855123,1091.73814363372,1036.53601261687,1038.29802094443
"1050023300",20080101,1174.38037037037,1200.94145940123,1328.12239157171,1179.57233534399,1198.03333192591
"1050023300",20090101,1479.13640740741,1326.48629644754,1369.41253872589,1463.70158596951,1459.95191283335
"1050023300",20100101,1523.91140740741,1367.85302963765,1182.02163851979,1502.31914491486,1469.01489327777
"1050023300",20110101,1469.95011111111,1371.26279287902,1450.69687160305,1502.32035044692,1473.30187375928
"1050023300",20120101,1174.12874074074,1188.67737498395,1052.71052120827,1349.54489155697,1193.25489333332
"1050023300",20130101,1097.67659259259,1123.04423668951,1135.1699644013,1349.54454788935,1107.08802614816
"1050023300",20140101,918.220962962963,986.260163880864,1111.38323406931,939.484340557523,923.585401351844
"1050023300",20150101,901.027481481481,990.064534690123,881.955932037002,956.691171633869,917.249418222213
"1050023300",20160101,950.057407407407,1082.74395940741,1031.71988446823,979.282984924411,969.45979240741
"1050023300",20170101,1120.543,1159.58196648704,1139.69791815366,1108.49416882745,1127.1832606111
"1050023300",20180101,921.591333333333,1024.13906082963,1176.47066908482,889.787467724188,930.403943351843
"1050023300",20190101,990.03062962963,1098.63747390741,1035.90230628953,836.436159312624,977.484891981476
"1050023300",20200101,1135.66685185185,1169.28445846914,1108.28790138383,1178.24964381793,1146.4078437037
"1050023300",20210101,1118.37925925926,1158.83179438889,1099.13541568774,1160.37533466071,1127.45953105556
"1050023300",20220101,1396.34892592593,1325.28206798395,1415.53548569193,1349.54454788935,1383.01101462963
"1050023300",20230101,1495.00492592593,1364.66036402038,1317.06893472299,1349.54428631129,1380.04985757407
"1050023300",20240101,1585.71592592593,1417.29869231111,1560.76488294421,1349.54412422391,1395.57322657408
"1050023300",20250101,1538.71766666667,1390.33971248211,1160.24871212552,1349.50791840396,1374.53646909258
"1050023300",20260101,1135.66685185185,1167.25888223889,1154.77297129438,1179.55480137542,1137.73007001851
"1050023310",19930101,406.627294117647,462.277959705881,449.078441842906,408.803350929486,394.364160601961
"1050023310",19940101,375.557647058824,462.654676436272,560.319546238521,952.77495650054,394.850939937256
"1050023310",19950101,663.340882352941,546.573498656864,374.378653065823,263.498057672001,645.821394248529
"1050023310",19960101,1315.62488235294,975.908548161759,670.949364575123,1094.10162087123,1015.31443064118
"1050023310",19970101,1120.29891176471,864.528543149518,880.256651599858,1005.67170348544,1021.03693812108
"1050023310",19980101,197.112617647059,385.849315004902,238.133817310349,249.879260664,234.759589545588
"1050023310",19990101,856.791617647059,698.733784909311,843.959029210429,863.220029772085,848.349476830881
"1050023310",20000101,681.452647058824,670.389761075983,722.330219885755,849.934032731374,835.153836784803
"1050023310",20010101,417.974794117647,438.519939075984,377.287559062456,505.595657702909,393.288014484805
"1050023310",20020101,273.4065,323.762118955883,314.15454790311,519.21445471091,271.212000781372
"1050023310",20030101,189.239205882353,269.198916821079,165.681089723224,289.57176568192,165.170894599509
"1050023310",20040101,143.990470588235,274.73783110049,184.909749811481,545.815804868989,184.302193628921
"1050023310",20050101,417.171264705882,434.670771504904,397.965202542236,404.477687385194,394.379383581373
"1050023310",20060101,175.288470588235,264.000566441178,473.366935660633,292.100317738991,186.062417398529
"1050023310",20070101,228.372029411765,324.322963066176,187.379559464752,122.171393301315,217.400249364215
"1050023310",20080101,356.852176470588,438.55891947794,397.596005949249,560.641366293389,386.367371817648
"1050023310",20090101,800.892588235294,635.578936671575,52.7647505727243,263.497655962105,793.589670574019
"1050023310",20100101,134.525235294118,251.408626024512,116.922720166336,140.29644346838,130.692518004902
"1050023310",20110101,87.1851470588235,206.86056762255,127.929140370626,93.6695022128076,103.038511612255
"1050023310",20120101,92.6185588235294,268.906170536766,133.675193513369,95.0509331616064,107.016152353431
"1050023310",20130101,124.109,217.38725172794,116.262523834192,263.498057672001,137.929841681372
"1050023310",20140101,203.451,317.454293379902,0,285.125266401698,216.341925410784
"1050023310",20150101,131.563,270.21726772794,172.27908725958,102.371915298939,126.154227822059
"1050023310",20160101,140.665088235294,268.724172468136,181.58926021233,0,117.293804929902
"1050023310",20170101,287.776794117647,320.500189985292,328.732641751908,279.018181266997,252.039360905392
"1050023310",20180101,216.486411764706,349.469337897056,175.499572619953,212.103453152891,224.849171179412
"1050023310",20190101,56.7666764705882,281.324792174018,466.983506831481,62.3803322598644,121.839160696079
"1050023310",20200101,552.272794117647,545.211946965684,593.156177700157,554.198362275088,655.483848617157
"1050023310",20210101,413.101323529412,482.957672250003,606.195892559366,331.792690660616,384.506020903922
"1050023310",20220101,1155.93855882353,903.693407502454,857.602950200177,1158.32716785997,1020.65689460245
"1050023310",20230101,1790.14488235294,1203.53548621814,635.149854489069,1274.78520871545,1011.15442107745
"1050023310",20240101,726.667823529412,699.573233259806,685.751206950854,695.324152897072,833.891390716176
"1050023310",20250101,322.314485294118,378.300418938722,NA,NA,251.518371189215
"1050023310",20260101,322.314485294118,381.642225127447,319.880810517661,323.975001317946,264.146985869607
"1050023890",19930101,252.055125,315.799439562504,391.174261530859,237.360731886865,254.087490875002
"1050023890",19940101,272.4999375,362.54831128906,524.469772179653,375.552603387985,306.201981109372
"1050023890",19950101,571.09621875,523.820768210937,288.920934354942,525.205431828054,562.290522203127
"1050023890",19960101,1003.07409375,803.889883921869,481.491682090482,851.579959619103,840.959881999995
"1050023890",19970101,451.1176875,435.372798609378,426.485059630422,564.713196204571,467.804223281254
"1050023890",19980101,219.04909375,287.651887125004,231.392954693815,312.487536057059,240.893768500004
"1050023890",19990101,470.89465625,476.506469140628,446.15200756925,469.83687302185,481.043621671879
"1050023890",20000101,424.3394375,433.33077250781,449.134173400702,434.085380778247,421.628582578122
"1050023890",20010101,526.96475,469.95504063281,502.142776724949,562.188028798365,521.238017703123
"1050023890",20020101,341.30703125,365.226883968748,316.485405972511,332.485929796238,335.005348359374
"1050023890",20030101,354.1675,360.206649804687,329.938730956365,338.593061562851,340.778427109375
"1050023890",20040101,119.0855,217.756258718747,143.800702160592,112.293175964903,134.16022715625
"1050023890",20050101,265.347625,295.218914749998,289.997979105169,254.206572429161,253.076580296874
"1050023890",20060101,536.254375,496.075144851564,420.018814376538,571.302581341229,528.697971234378
"1050023890",20070101,166.806375,243.134008304685,191.548743834371,202.464265569449,166.161216734373
"1050023890",20080101,411.16209375,411.091687101566,491.637723385422,416.946890937789,418.373789015625
"1050023890",20090101,420.42825,456.675777203122,187.165942540988,430.443355660024,442.314319390623
"1050023890",20100101,401.838625,401.935987031247,426.604136641214,402.218769615999,401.374839031246
"1050023890",20110101,253.7115,320.3913755625,278.516157308095,170.822925915293,240.127308187502
"1050023890",20120101,353.00009375,331.9204599375,328.271424527213,353.521094474334,338.38511578125
"1050023890",20130101,128.553625,203.27326996875,269.856450630836,57.9336828047944,145.536719687499
"1050023890",20140101,601.08003125,519.054297718754,288.628921387279,597.765634014957,576.170186937506
"1050023890",20150101,186.99590625,260.96897671875,254.479878083849,156.585562121429,180.804852343749
"1050023890",20160101,162.4240625,262.975175000002,187.139341041208,184.166447322812,166.659076203125
"1050023890",20170101,160.67603125,253.783690343753,200.226477220729,191.693133980652,164.7532855625
"1050023890",20180101,354.49528125,371.828693859374,329.878684974015,353.800014869711,350.392124703125
"1050023890",20190101,234.4023125,361.225142367185,471.238347270815,244.384739210593,256.621256406249
"1050023890",20200101,418.09025,456.881446109376,393.268607831921,419.45039025085,435.500443374999
"1050023890",20210101,562.24884375,523.900985656247,711.096857502917,567.172652377597,558.587929296876
"1050023890",20220101,835.99459375,700.686845062494,756.187529377431,836.956963866374,841.015952093745
"1050023890",20230101,1264.077375,925.105754304686,537.689599707425,1267.05675550236,841.015952093745
"1050023890",20240101,469.40278125,429.011484382817,494.078286274581,409.010579201006,422.001550781248
"1050023890",20250101,378.166953125,484.04332192187,NA,378.371274156136,437.88909403125
"1050023890",20260101,378.166953125,445.011771453121,353.489077359619,518.466388643341,477.343768468754
"1050023900",19930101,529.5107,430.257349568901,553.137990562009,543.366120226663,553.898251683334
"1050023900",19940101,307.993533333333,334.415856412014,433.470380784646,286.668714930791,273.191662249998
"1050023900",19950101,587.995533333333,413.777555898119,431.980743383751,576.277310711262,573.205175816665
"1050023900",19960101,510.170233333333,401.168802719185,508.609131397096,484.639833042154,487.971378899995
"1050023900",19970101,596.532733333333,417.266502246576,572.984929097956,566.01758129968,590.906189783336
"1050023900",19980101,77.4099666666667,286.697804609681,14.6219713181823,92.8099045184297,87.0257620833343
"1050023900",19990101,396.182966666667,360.601921280338,792.941973000138,397.919286276378,409.07386858333
"1050023900",20000101,606.8704,425.158278136676,630.375971741394,610.758678344276,615.13196098334
"1050023900",20010101,411.056266666667,405.075740156075,387.475358443073,414.776608843529,415.846465666668
"1050023900",20020101,225.458466666667,302.88803495551,452.821973387595,250.064113580488,233.333045166664
"1050023900",20030101,228.3251,323.252548561405,251.956762918462,286.324510809752,231.925317699997
"1050023900",20040101,44.6482666666667,236.998793701476,159.818513629447,0,67.9105734333329
"1050023900",20050101,194.150833333333,306.293800905837,171.855526561568,136.400505497085,164.790530783332
"1050023900",20060101,357.0673,355.16200666157,110.114415079227,361.502665368468,320.175387849998
"1050023900",20070101,65.8151,270.994340350724,89.3509461464245,136.400722877443,84.2624619166676
"1050023900",20080101,420.887,402.611501613391,444.380277127303,418.283695380988,423.17238133333
"1050023900",20090101,385.757233333333,399.92257114661,320.504762668512,379.784513720815,391.099760383331
"1050023900",20100101,378.212633333333,363.733859739862,408.249079739588,351.437014986326,377.955118833335
"1050023900",20110101,227.815,349.821294162327,251.446360377316,415.048342682274,295.782897383335
"1050023900",20120101,166.0247,270.928619747832,189.701079712593,171.622219793974,153.10009425
"1050023900",20130101,66.2969333333333,258.9273191721,56.282954128255,136.399794212807,71.4410756333333
"1050023900",20140101,727.104266666667,460.722197777008,650.44128613117,644.658606295887,674.558435916676
"1050023900",20150101,435.917933333333,379.187471422836,412.297919548393,450.737163916498,428.811412749997
"1050023900",20160101,111.308933333333,323.915521164476,364.302014236257,142.428823213124,150.095841783332
"1050023900",20170101,166.711633333333,304.40977513838,201.321791154872,178.886559475798,169.688919366666
"1050023900",20180101,130.0856,275.193542311483,153.563206807399,136.346184212251,115.188764750002
"1050023900",20190101,25.6441333333333,239.3463170225,49.2158974320701,25.8294776353072,39.8825209000005
"1050023900",20200101,315.227366666667,353.76446885421,291.692924764837,324.65200201266,339.780276349999
"1050023900",20210101,443.496233333333,337.76118102729,382.731601466678,440.694887344037,294.17743875
"1050023900",20220101,892.3687,539.649785247742,868.776572184508,1011.70579633454,674.558435916676
"1050023900",20230101,1017.78196666667,544.377450769587,698.911529566389,875.990395357431,674.558435916676
"1050023900",20240101,395.090533333333,390.104063016688,371.416785324881,278.142992302238,357.355362533334
"1050023900",20250101,367.639966666667,NA,344.165715945086,NA,298.060969683333
"1050023900",20260101,367.639966666667,345.223455187456,798.009352471811,371.740401986997,306.280479933334
"1050023950",19930101,229.594387096774,372.055371442657,255.292586643424,307.407004259904,239.115304822579
"1050023950",19940101,198.654129032258,355.225144075569,795.17347053889,167.004565387023,188.398422403226
"1050023950",19950101,506.542741935484,408.454034233036,226.708752824304,307.407004259904,463.629389983869
"1050023950",19960101,483.842709677419,471.415465259026,509.49912134832,307.407004259904,483.087284822577
"1050023950",19970101,435.166516129032,477.349673197439,460.843931911759,423.197421641449,480.7005623871
"1050023950",19980101,253.637741935484,359.176918964434,227.981551057923,307.407004259904,243.631318516132
"1050023950",19990101,592.765709677419,478.442393072447,523.184066442595,680.753633512419,568.751079532256
"1050023950",20000101,726.108612903226,558.493122372884,333.0084991222,716.424807890939,700.953620532263
"1050023950",20010101,220.031258064516,335.507988995137,318.287792544136,241.553914281418,218.760752338711
"1050023950",20020101,402.571451612903,392.853766799939,230.237400872946,307.407004259904,406.729472467744
"1050023950",20030101,431.41964516129,358.21819983035,268.640526169827,432.805072781096,362.85745404839
"1050023950",20040101,191.870548387097,365.216197022068,217.627038418096,141.790549822844,203.874914677419
"1050023950",20050101,160.436967741935,337.513270358957,134.727470818916,196.456785023566,174.973139322579
"1050023950",20060101,286.962193548387,353.820762536719,413.656171733454,307.407004259904,251.356956096776
"1050023950",20070101,37.7131612903226,306.761803579437,63.3056478053641,307.407004259904,73.3305370483873
"1050023950",20080101,481.381322580645,438.266044759682,507.103109569466,468.086167740546,485.652658919349
"1050023950",20090101,642.976612903226,480.931158225756,342.72105275329,680.753633512419,605.19579148387
"1050023950",20100101,748.590161290323,500.091443434128,416.722499770123,307.407004259904,675.557538903228
"1050023950",20110101,231.659161290323,360.575060604663,257.339969817663,307.407126503398,239.504013693551
"1050023950",20120101,747.081516129032,524.242102053875,700.01900724882,797.448038380898,718.304243645167
"1050023950",20130101,233.466096774194,372.350030605858,433.789335373419,196.456785023566,233.111312774192
"1050023950",20140101,646.284806451613,526.55834862981,620.519006169125,680.753798894681,671.185524387096
"1050023950",20150101,88.036935483871,299.051709782883,457.721522139577,150.843092454289,118.116004741937
"1050023950",20160101,96.9518064516129,316.746819186643,122.531586684013,307.407004259904,121.331960032259
"1050023950",20170101,194.857935483871,321.1093363495,199.800244236294,188.38576128496,165.792935854838
"1050023950",20180101,519.431193548387,474.167978896676,513.857406791968,680.753633512419,517.32828009677
"1050023950",20190101,137.848709677419,354.115623517157,506.034742052523,307.407004259904,188.793693500002
"1050023950",20200101,326.015677419355,372.128768067701,300.303077109241,287.145275212913,240.911595806452
"1050023950",20210101,873.381064516129,576.317397722531,847.843615555834,680.753633512419,674.915695096775
"1050023950",20220101,780.332838709677,540.75095112362,754.56538869281,780.472585424387,704.064080548391
"1050023950",20230101,1076.71296774194,597.568021837227,593.6699089155,963.389440937804,700.877871612907
"1050023950",20240101,289.296709677419,382.219770045508,354.576427374995,307.407004259904,260.963697306451
"1050023950",20250101,364.293564516129,392.684558298245,NA,374.054969770303,426.877656693551
"1050023950",20260101,364.293564516129,368.442766207178,390.128540421106,350.252116212669,252.91130051613
"1050023960",19930101,349.41376,344.134124717344,370.712225224747,406.205786524889,349.417763040003
"1050023960",19940101,252.028,307.620456980913,330.259595963187,213.202871550457,254.766129839999
"1050023960",19950101,426.53928,378.661027533672,367.649530967789,473.639767543824,422.242454580005
"1050023960",19960101,364.0356,363.494265484713,385.406435558647,327.991925639542,346.884371460002
"1050023960",19970101,492.79208,391.128804068628,471.473680835651,477.360545374511,473.970111199997
"1050023960",19980101,201.82688,283.255794586633,223.253139792444,287.027698614028,205.7866375
"1050023960",19990101,535.44488,498.582892188054,513.999597989435,629.815363632605,545.386597840004
"1050023960",20000101,458.41608,413.167680653989,404.112783473157,488.90422225516,447.722179339997
"1050023960",20010101,538.91772,463.329076209182,482.184901081152,559.025272306266,517.553442620003
"1050023960",20020101,241.92368,337.131374896855,381.80440957513,261.04635454745,244.194885160002
"1050023960",20030101,439.4752,395.607432366724,418.015041007352,449.949920189153,425.249764639997
"1050023960",20040101,170.2768,278.623966419835,282.834835214022,242.417817579963,201.28156456
"1050023960",20050101,441.633,418.072370130982,420.148812987309,499.979980353792,441.158029679995
"1050023960",20060101,424.67772,417.363698570674,504.835613206133,526.474980627111,454.259234779997
"1050023960",20070101,229.88872,328.348374292097,339.062896547978,114.475446583373,236.513298599997
"1050023960",20080101,242.35032,362.160963155383,421.979531621858,170.087086910509,255.179874379999
"1050023960",20090101,267.49288,316.428546496505,290.258559122962,279.744795722969,249.141769020002
"1050023960",20100101,355.88752,386.342411261161,338.857682795071,344.6051646405,358.5491607
"1050023960",20110101,343.06936,370.99311894591,364.528297001636,431.42078489297,367.358404040002
"1050023960",20120101,209.64516,432.874940950453,308.020985766074,276.824767365875,251.390159999997
"1050023960",20130101,334.95708,302.949907408332,262.061174289866,382.268573567578,336.655117280001
"1050023960",20140101,1345.26452,863.367241141697,332.88853282517,1216.88524289996,1045.56904141999
"1050023960",20150101,400.79296,495.146221075204,394.89333142127,427.298414049855,398.497119099998
"1050023960",20160101,311.79748,354.163084310652,333.229877645538,237.544880307197,282.936817140001
"1050023960",20170101,617.6394,551.127040101536,482.703906585063,636.732649956384,578.256597679997
"1050023960",20180101,356.58772,384.637775565093,345.915990833276,387.870618833372,357.997529300004
"1050023960",20190101,196.5356,336.685622466104,467.685122268316,183.128419169717,220.167261680001
"1050023960",20200101,323.88512,354.29554617407,345.376546368659,287.806654503556,262.287158580001
"1050023960",20210101,583.10568,518.630083913021,561.577014585324,604.232276447458,548.243641140003
"1050023960",20220101,646.01628,548.335546014053,530.307966156777,583.063092474854,561.772517540001
"1050023960",20230101,644.79952,533.164195300796,503.921502663179,593.077759014867,559.849105040001
"1050023960",20240101,324.53832,330.770452643761,346.106434465615,370.426834056416,343.372194520002
"1050023960",20250101,356.23762,NA,NA,NA,358.093561860004
"1050023960",20260101,356.23762,407.407109159957,377.618897272605,416.871787230744,375.387748700002
"1050024070",19930101,376.24792,356.494815269163,298.244901650357,367.345436398512,370.322439719997
"1050024070",19940101,281.60048,328.140186526667,321.075893643537,287.458538836745,286.05843562
"1050024070",19950101,300.7142,341.270500559164,295.986880471379,315.375470187021,307.585966939997
"1050024070",19960101,295.63272,301.005690702498,297.307911688654,307.108146454542,296.680785099998
"1050024070",19970101,299.24636,302.458413798331,303.974758432943,299.415995839221,298.281284399998
"1050024070",19980101,286.62688,296.572047980832,311.879393811067,290.365268555139,288.332171499999
"1050024070",19990101,332.75488,329.591079613334,328.020238115692,342.221777890096,331.97863862
"1050024070",20000101,326.08108,331.502750834165,330.803643053345,334.56045664781,327.865240259998
"1050024070",20010101,301.98564,311.482270988335,300.550204119425,296.993658904484,299.905323880002
"1050024070",20020101,311.28936,309.211599483332,314.542213517008,316.266369890298,309.203929439999
"1050024070",20030101,370.5932,347.025208971668,313.791358730217,379.420064837521,367.819111519999
"1050024070",20040101,298.3826,307.902904200836,296.614853483047,289.103296499653,293.789293640003
"1050024070",20050101,350.48724,337.07865782083,323.787030310781,352.106686181631,346.636209459995
"1050024070",20060101,319.96424,323.000241278334,324.704558168891,323.435001401558,321.79985812
"1050024070",20070101,280.20404,301.189011084167,299.673579432464,276.169898449676,282.798376300001
"1050024070",20080101,313.405,316.125282733335,315.9820020804,318.858684302052,315.072907880001
"1050024070",20090101,366.61188,342.777210634999,335.936093820934,372.650849738504,363.875643939997
"1050024070",20100101,292.63344,297.977693281668,297.381807055183,307.426736056509,294.396154000001
"1050024070",20110101,323.04632,345.57215963,327.807208804617,320.483472504667,322.88516088
"1050024070",20120101,330.97176,325.791645821662,326.211063390436,357.29061181773,335.007322919996
"1050024070",20130101,537.95404,447.56369955333,329.997137169659,520.20225352566,476.136361219996
"1050024070",20140101,337.12964,330.163588060833,332.392074415673,355.910211617756,337.750888519999
"1050024070",20150101,295.66996,306.844003595001,335.263543653046,298.845105700538,296.890052480002
"1050024070",20160101,363.70716,341.642754822498,350.249740859475,368.402994831852,363.374486419995
"1050024070",20170101,280.83216,292.306308711665,296.694259982704,286.412769641227,283.772087919998
"1050024070",20180101,286.3324,315.994012103337,326.977528018158,291.204188500383,289.189936000004
"1050024070",20190101,304.01112,300.720103599167,299.276477587065,308.530857295129,300.6432544
"1050024070",20200101,356.09896,346.424563644164,351.357982005371,360.637870208306,352.511545499997
"1050024070",20210101,287.05976,294.577998528333,283.480652721086,298.505921108312,294.6468079
"1050024070",20220101,299.37116,305.648268748334,304.133106576633,309.428050580934,300.49485162
"1050024070",20230101,328.73184,333.291742778335,323.970456000166,337.35207386112,331.471244739997
"1050024070",20240101,288.769,302.778380538331,288.115198869828,283.501585097967,286.98004112
"1050024070",20250101,297.431708333333,300.593589400833,299.681698958509,304.198391300782,297.974047719999
"1050024070",20260101,304.01112,311.805209994167,299.263779116359,296.259763349875,299.955600340002
"1050024080",19930101,50.9696129032258,57.3980722069892,60.5318620282683,64.746303214932,39.5365733064517
"1050024080",19940101,91.517935483871,84.1828809462365,101.126870423303,44.4712280577724,80.5055787096775
"1050024080",19950101,119.293806451613,90.377114607527,82.1586980684513,121.732517632995,116.388520306452
"1050024080",19960101,84.2456774193548,79.5000500903226,90.6267324495445,86.507462057155,85.5220645000001
"1050024080",19970101,101.418129032258,76.2706003548388,99.467234679147,97.4612105669357,95.5588060322583
"1050024080",19980101,18.3436129032258,38.6552826994625,8.72930660301431,68.1047229314854,22.5324275000001
"1050024080",19990101,171.250193548387,163.740124406989,161.676300885982,178.43117342241,178.180190758066
"1050024080",20000101,68.5934516129032,68.5704460166668,58.9822083985296,73.5469662793755,62.1169945000001
"1050024080",20010101,226.686225806452,172.288683082258,142.230250462376,240.330899199347,218.3779965
"1050024080",20020101,24.1326774193548,49.6146976344086,33.0046614619025,0,19.1867773548387
"1050024080",20030101,98.7803225806452,95.3839520526879,100.376376561999,113.529018011955,105.114233370967
"1050024080",20040101,0.459806451612903,36.675599610215,10.0284258264015,0,6.78282275806458
"1050024080",20050101,86.0372258064516,80.0987548876344,86.7124885859014,83.5641050783513,85.8334163548383
"1050024080",20060101,143.095225806452,132.894835548925,152.67933726876,136.639130188411,141.133913887097
"1050024080",20070101,14.9086129032258,48.6332279435485,24.4840009959922,18.0954712221966,15.9308093225806
"1050024080",20080101,1.55212903225806,58.8310243231182,115.936496445376,131.548350074493,37.6176226774192
"1050024080",20090101,6.34303225806452,44.4266806198925,70.0850758881011,13.8929543186741,13.4128447258063
"1050024080",20100101,42.925935483871,72.3783412897851,52.4597249265822,55.7965955554195,50.3910586290326
"1050024080",20110101,34.1624838709677,49.8811744327958,43.7473742315937,73.1134705281812,34.5249085161293
"1050024080",20120101,7.15,88.0236542602148,16.7253912591053,0,32.3849489677421
"1050024080",20130101,120.694774193548,83.8642969580644,15.6759971468509,127.896888268093,110.181487354838
"1050024080",20140101,464.70964516129,305.207463837634,81.9063016352634,425.29092938414,361.452176854839
"1050024080",20150101,89.1671612903226,135.681462484408,79.6117306814686,92.7355013125442,101.969561580644
"1050024080",20160101,59.3561612903226,67.0487690016128,92.7449927841839,69.9801495732799,56.3461021612899
"1050024080",20170101,246.975,194.206560117743,195.69884601265,224.086846466711,232.30402285484
"1050024080",20180101,75.0033225806452,93.330377410215,69.6494768983045,79.6561768823636,79.1268333064514
"1050024080",20190101,7.24838709677419,59.3555396075269,162.089481728576,9.90815898911694,19.5891495645159
"1050024080",20200101,89.538935483871,81.2680752155914,80.0097985343696,94.5885967236468,88.8563195967737
"1050024080",20210101,180.420096774194,159.657717436022,176.644771086909,112.286278053239,140.091551725807
"1050024080",20220101,110.761935483871,105.713208590322,114.809309260251,114.015162828346,103.644371629032
"1050024080",20230101,262.903322580645,193.003795029033,198.337050599387,202.07608188771,229.611862629034
"1050024080",20240101,51.6290967741935,54.6644511376345,52.7253928642025,39.3792359620521,36.7120991451615
"1050024080",20250101,85.1414516129032,NA,NA,NA,83.1804981935482
"1050024080",20260101,85.1414516129032,107.39647855215,94.721668684667,100.384316438166,95.8932423225804
"1050024310",19930101,422.961322580645,590.591402759044,844.812859259549,374.529287779353,411.211320354836
"1050024310",19940101,668.265096774194,650.869118050979,672.347908693406,541.604634432119,574.811702096781
"1050024310",19950101,661.161709677419,904.842741325423,971.962716211826,1025.17954641029,823.843548048393
"1050024310",19960101,910.547387096774,798.300783713615,869.509293276985,872.652661690421,886.738718338718
"1050024310",19970101,746.109774193548,969.42885815065,806.250766441412,709.682507292662,770.270463241928
"1050024310",19980101,792.717580645161,901.59812796442,833.955021513662,844.723702064461,822.020453483868
"1050024310",19990101,1395.49864516129,1281.08058197951,1082.11759399888,1398.51290470967,1408.53477146774
"1050024310",20000101,1039.53077419355,1113.13725215311,742.162278943013,1122.26842010476,1135.81762206452
"1050024310",20010101,1141.42277419355,862.592784942206,994.104386700441,1039.48819567493,1026.71703135485
"1050024310",20020101,1141.39009677419,1006.86524180148,1010.23288279483,971.57942087477,1042.38036025807
"1050024310",20030101,1444.6785483871,1185.68307313124,965.553045475143,1723.87670156985,1349.11724114516
"1050024310",20040101,345.935967741935,500.793536905414,699.85533561375,492.514286804459,355.071626580649
"1050024310",20050101,462.358290322581,787.631308177766,503.293123234012,461.270568550259,520.25416459678
"1050024310",20060101,1428.09187096774,1308.74539779581,904.709368972682,1025.17954641029,1330.44982340323
"1050024310",20070101,814.197290322581,955.901003161235,855.413605785514,723.433973213898,795.923799209682
"1050024310",20080101,221.725193548387,497.678480920814,903.05173618597,672.847097222475,386.1378541129
"1050024310",20090101,345.289548387097,531.066461870698,611.564311609986,357.855187266019,355.508834854844
"1050024310",20100101,1007.40087096774,935.888560604954,897.337549249234,882.29395150366,955.906934758068
"1050024310",20110101,738.716709677419,910.31468141035,1003.26440023489,775.507799134202,786.060085483863
"1050024310",20120101,357.185870967742,479.013129306509,398.221998706607,452.160544238084,349.769779258068
"1050024310",20130101,1609.98141935484,1345.93879103374,664.848943495137,1320.61788035624,1555.7970503871
"1050024310",20140101,1369.64058064516,1288.05065131764,851.172232074415,1359.05632438321,1395.7673816129
"1050024310",20150101,374.571870967742,603.22465463944,787.27941701149,373.823610567542,404.654739870969
"1050024310",20160101,870.617096774194,923.865384536885,911.799490349361,775.959065340961,846.606806629033
"1050024310",20170101,1663.69977419355,1352.88526135311,1205.40727978689,1697.26473432258,1585.5861616613
"1050024310",20180101,986.297064516129,834.100238440323,945.147370253583,1018.98736457321,923.023366338706
"1050024310",20190101,728.171322580645,706.384268770719,862.719060297962,726.733770567959,729.545700274197
"1050024310",20200101,1213.33987096774,1147.58942418293,1172.16852787481,1063.52714483263,1198.05716040323
"1050024310",20210101,1322.98029032258,1263.69883922254,1281.76135595225,1254.34132230794,1428.25979541935
"1050024310",20220101,1315.87909677419,1269.05594440975,1357.06904125177,1390.88490420946,1429.90176669355
"1050024310",20230101,1598.60238709677,1318.22543931382,889.692189124429,1612.36529120884,1463.97335496775
"1050024310",20240101,570.468548387097,543.086687629801,529.173726683941,577.049498371442,401.947508225812
"1050024310",20250101,890.582241935484,949.844643668548,931.913189448798,NA,878.689933774195
"1050024310",20260101,890.582241935484,941.441719473176,1005.16158896171,926.036992703214,961.371999000001
"1050024320",19930101,250.604133333333,282.961181766278,248.826292225375,344.877591536436,251.351354083334
"1050024320",19940101,305.746633333333,417.651829999067,325.694762657552,345.048531633056,321.271094999999
"1050024320",19950101,153.216966666667,265.980697635785,303.460965332947,146.161443067245,178.256912066667
"1050024320",19960101,1165.68606666667,636.282615758862,168.622425550481,557.778520115743,933.455631466655
"1050024320",19970101,237.594533333333,319.261840037813,298.532001508639,257.553307120432,258.130381899997
"1050024320",19980101,596.1884,614.933108358101,576.289660115135,613.440380682341,653.856597049997
"1050024320",19990101,488.595133333333,581.920117183133,468.577744490978,496.849234749379,544.751944450003
"1050024320",20000101,273.002066666667,283.101613096221,293.001323667996,234.785946930218,251.520590116667
"1050024320",20010101,239.4069,309.356984348777,275.823016755806,216.534818667382,235.319883383334
"1050024320",20020101,247.0107,294.632454125932,535.69769674312,249.569123132846,260.309566383335
"1050024320",20030101,534.088266666667,410.851934012956,191.627926487721,470.594319221978,507.94121938334
"1050024320",20040101,231.0808,296.482711895303,251.058665573982,323.594057954369,244.729209549999
"1050024320",20050101,194.106133333333,288.458039356933,213.926022742827,197.197107096109,207.452830349998
"1050024320",20060101,359.643566666667,501.450343365518,339.720910837088,388.137968910266,380.988333833338
"1050024320",20070101,306.944933333333,313.310256698192,256.066937065965,309.955594895499,283.402921783335
"1050024320",20080101,309.1046,321.707556440395,320.25516611186,557.799612690023,365.108070966669
"1050024320",20090101,314.550833333333,381.664428399756,334.500916852709,303.512048768143,327.081311383336
"1050024320",20100101,372.1491,443.491226979014,352.338864866541,314.914952377111,359.654130899999
"1050024320",20110101,596.747166666667,519.34607931532,576.723260695254,598.330597541835,597.200337733334
"1050024320",20120101,626.6609,510.335567813672,606.722236445285,461.468744813282,581.560261550005
"1050024320",20130101,625.179433333333,494.201526253116,430.207382087934,652.833183407576,568.46990221667
"1050024320",20140101,492.200633333333,507.567210927885,402.857275250546,494.606476400316,509.435155950005
"1050024320",20150101,375.2027,483.507926754535,533.561101443072,293.853384428529,386.028989150002
"1050024320",20160101,383.129233333333,364.54372887357,403.104615602092,449.655037812668,394.673006583337
"1050024320",20170101,427.543833333333,370.953898746724,278.38842952104,431.831668695419,396.757879283338
"1050024320",20180101,201.6961,271.747228516921,322.159930805707,229.266809092299,214.306468016667
"1050024320",20190101,213.713666666667,311.91334011331,230.455757999955,206.985372985892,225.744645216668
"1050024320",20200101,245.046366666667,333.960001538015,264.996499558725,273.17961590686,278.320263049999
"1050024320",20210101,623.2776,502.340942211793,618.907302464883,624.512417837877,586.098627033335
"1050024320",20220101,523.366266666667,468.970161852321,543.371781217116,554.679915973172,534.051020550003
"1050024320",20230101,327.440166666667,339.461530405445,461.729159547801,431.48596410518,365.700985716668
"1050024320",20240101,269.1884,348.711722950658,249.198273471334,339.560147685633,324.198572566667
"1050024320",20250101,320.9955,NA,NA,315.391793612337,324.340201366667
"1050024320",20260101,320.9955,314.220905490568,301.086294001098,394.28155206855,295.862878849999
"1050024870",19930101,622.070733333333,681.468864823613,747.73027607877,673.286444325182,617.61346688334
"1050024870",19940101,1046.60616666667,901.40182413334,962.868143402334,927.997094679099,1020.31200816668
"1050024870",19950101,233.745066666667,565.841124744445,838.592919972327,673.286444325182,326.369983166666
"1050024870",19960101,887.759033333333,822.255375520832,799.399523482677,673.286444325182,872.179089349991
"1050024870",19970101,646.430866666667,727.552528851392,861.046643515925,673.286444325182,602.081612066668
"1050024870",19980101,1086.47843333333,946.544619369445,885.128094999404,927.997094679099,1079.62970555
"1050024870",19990101,1131.31866666667,1049.75447855416,830.671789543069,673.286444325182,1124.24332266666
"1050024870",20000101,862.961,900.947423809724,834.906851256742,862.961934587738,938.511772616674
"1050024870",20010101,661.099,730.439759190279,830.903003199277,927.997094679099,661.425952533337
"1050024870",20020101,795.249566666667,795.921160838887,823.238778257084,673.286444325182,817.380666099994
"1050024870",20030101,770.568033333333,773.808618552775,764.043301347903,927.997094679099,788.728653633323
"1050024870",20040101,559.0801,591.015001412502,724.146882071544,927.997094679099,522.079627816671
"1050024870",20050101,524.0535,553.445328715277,697.008935986028,673.286444325182,489.901586649996
"1050024870",20060101,826.528833333333,792.401156437499,798.440561893641,927.997094679099,817.303271916656
"1050024870",20070101,379.8203,499.358668708335,735.568828962096,927.997094679099,424.669071350004
"1050024870",20080101,920.291166666667,876.633937155557,881.661830892747,927.997094679099,908.560137016665
"1050024870",20090101,857.829333333333,808.138560548611,829.787792381914,927.997094679099,854.237396616664
"1050024870",20100101,886.886833333333,861.626688066665,858.845289739636,673.286444325182,895.903862099995
"1050024870",20110101,1277.9687,1149.8215175625,890.083805497597,927.997094679099,1229.3152269
"1050024870",20120101,1562.52746666667,1257.57213880277,815.834330052643,927.997094679099,1397.64586783333
"1050024870",20130101,1136.35306666667,1071.9490418125,833.645886834154,927.997094679099,1137.60289128333
"1050024870",20140101,1107.28326666667,912.313262962505,840.43472422637,927.997094679099,1074.55607063334
"1050024870",20150101,348.280066666667,605.330924579166,883.15096931524,673.286444325182,386.866753816665
"1050024870",20160101,972.110066666667,966.871316631939,807.742498164857,927.997094679099,1055.83794871665
"1050024870",20170101,853.702466666667,813.093874416668,825.725678474863,927.997094679099,855.864874083333
"1050024870",20180101,458.723433333333,577.303161961112,688.502235169352,673.286444325182,476.341897816665
"1050024870",20190101,523.732066666667,570.111328568054,729.929628975617,523.730204620441,481.897129266664
"1050024870",20200101,829.710066666667,850.30509751806,801.859664354749,927.997094679099,871.631781299995
"1050024870",20210101,800.748933333333,800.220550263886,776.057313152616,800.75086771487,805.86872329999
"1050024870",20220101,710.012833333333,756.986807206947,862.186212269689,710.011169003733,739.7363589
"1050024870",20230101,668.103933333333,714.522818313889,810.986996362916,673.286444325182,641.413667466671
"1050024870",20240101,596.101666666667,671.201510459725,672.934578865728,673.286444325182,601.950242100005
"1050024870",20250101,813.638883333333,NA,NA,673.286444325182,863.519748699995
"1050024870",20260101,813.638883333333,778.372592387497,785.592192514697,673.286444325182,799.746256066658
"1050870170",19930101,947.960777777778,997.702726752317,969.055839263693,1012.72932989464,952.441488277785
"1050870170",19940101,906.131611111111,982.358857944443,1083.07612281188,1012.73018996753,916.782749541666
"1050870170",19950101,1151.58455555556,1107.81125671528,1074.93847786052,1012.72932989464,1123.49948233335
"1050870170",19960101,1112.05405555556,1103.08389776852,1086.24747530567,1012.72932989464,1104.87200170835
"1050870170",19970101,1133.12841666667,1088.80885057407,1119.03893144588,1110.87097099373,1101.77240423611
"1050870170",19980101,1306.64619444444,1263.58818166898,1123.45434689817,1298.51201642865,1304.16383984722
"1050870170",19990101,1408.09480555556,1284.20733989584,1141.81980860256,1246.32966103379,1420.43586083334
"1050870170",20000101,1002.22802777778,1068.06541853241,1068.78809644794,1012.72932989464,1024.79081163888
"1050870170",20010101,945.265444444444,1087.71812075695,966.236565904145,1148.20806206763,996.822273597233
"1050870170",20020101,868.033388888889,973.393690203708,1046.37444576519,1012.72932989464,894.835942458338
"1050870170",20030101,1500.19458333333,1311.02239276389,1047.33866203843,1199.45096694294,1475.46104234722
"1050870170",20040101,1233.44288888889,1246.59382832871,1132.39211252101,1110.88300047322,1280.70732661111
"1050870170",20050101,1231.28369444444,1164.13634793982,1061.97627378188,1448.8101076465,1184.73517411111
"1050870170",20060101,973.813277777778,1041.31662771064,1083.14209940024,1012.72932989464,997.897557916655
"1050870170",20070101,1038.1925,1117.93707470139,1061.70935559951,1058.37536021874,1070.40173312501
"1050870170",20080101,1454.68011111111,1301.33683999769,995.125667428531,1012.72932989464,1449.01471127778
"1050870170",20090101,1051.92861111111,1030.63648017361,1043.80575768069,1050.07477294928,1028.61893373611
"1050870170",20100101,896.677,956.888850041669,997.503925034612,1110.87097099373,899.546547541672
"1050870170",20110101,893.317888888889,959.4856503125,986.567982415771,1012.72932989464,891.102264805555
"1050870170",20120101,1098.87372222222,1086.92304619444,1045.26570840004,1148.18884502222,1073.35217591666
"1050870170",20130101,1100.59227777778,1121.20429519213,1079.53484898913,1148.1880199347,1093.78246019444
"1050870170",20140101,964.625083333333,984.87470064352,1009.03010681025,1012.90284676166,944.51666743056
"1050870170",20150101,1089.42472222222,1097.66476743519,1068.37806840974,1148.210987909,1084.40814918056
"1050870170",20160101,921.896972222222,984.865898497688,1034.77963682617,1246.32966103379,948.374418625005
"1050870170",20170101,1561.91716666667,1412.39245333796,1093.74756405156,1246.32966103379,1504.26039069444
"1050870170",20180101,984.438277777778,1007.17155707175,1011.05541958722,1012.91484714788,973.300986180547
"1050870170",20190101,1031.56288888889,1100.57796277778,1094.11824979212,1110.87097099373,1062.21982613889
"1050870170",20200101,1054.68416666667,1054.51816336574,1035.29186370862,1012.72932989464,1002.49005118055
"1050870170",20210101,936.838916666667,999.041599064817,1013.17160576759,1110.87097099373,976.287058999999
"1050870170",20220101,1221.20244444444,1160.1048735,1051.69482805322,1148.1880199347,1193.36824293055
"1050870170",20230101,1717.80380555556,1521.40904401389,1090.44076270048,1246.32966103379,1503.80821569444
"1050870170",20240101,1117.44547222222,1074.31614952546,1096.4744845938,1246.32966103379,1046.64625581944
"1050870170",20250101,1072.05444444444,NA,NA,NA,1076.70802341666
"1050870170",20260101,1072.05444444444,1113.80699494908,1064.2245154058,1148.1880199347,1079.75681243055
"1050873640",19930101,228.1371,396.75045374,477.570769528659,293.585421361124,240.885428849999
"1050873640",19940101,375.071233333333,437.947037759444,622.415164511406,380.799681768285,352.83138483333
"1050873640",19950101,525.371533333333,524.126850398889,503.302588773129,560.856808052851,516.843712433333
"1050873640",19960101,616.7725,568.913138426667,527.62760453381,623.510816193188,631.110723733334
"1050873640",19970101,522.7055,512.828934733332,486.68818122213,461.83961649501,501.732974233331
"1050873640",19980101,228.816,397.166436050555,519.640843933352,208.584561811063,226.320729683332
"1050873640",19990101,704.223433333333,610.872203946112,665.693640182989,698.563280536484,724.617857016664
"1050873640",20000101,538.1913,535.036070518334,516.280359541574,527.390833837154,524.534294483337
"1050873640",20010101,285.7097,428.045654926668,381.738846066528,382.140971674408,309.982149266669
"1050873640",20020101,449.9884,475.920417820555,544.863789076829,490.238673381357,455.68265833333
"1050873640",20030101,824.465033333333,645.28085547222,496.324344489272,643.823783266279,781.326161049994
"1050873640",20040101,300.3472,424.971508614444,521.24077570538,330.735891866301,296.609406583333
"1050873640",20050101,623.241833333333,574.328179418333,594.281592686772,630.626114964545,623.722553399997
"1050873640",20060101,438.6178,465.106747015,416.703442780881,488.121797829272,449.379583866668
"1050873640",20070101,319.224666666667,420.167539278333,425.126727246092,305.164077317923,302.82655245
"1050873640",20080101,861.758866666667,685.612847690001,479.821474534624,861.725669362455,825.301487800001
"1050873640",20090101,505.5799,491.113296872778,483.493697436873,589.77761169257,497.994462816671
"1050873640",20100101,610.7294,575.522652547222,588.750074835672,630.713557959474,619.562808666665
"1050873640",20110101,482.538933333333,515.630226387223,541.597927522307,486.402757273448,488.811059766671
"1050873640",20120101,715.196533333333,602.001942126665,693.224171419331,604.744598544066,684.611164033327
"1050873640",20130101,283.064433333333,417.887742357778,596.941729520828,298.568882131079,285.837607900002
"1050873640",20140101,192.362566666667,358.835958431668,301.253098379655,220.669881461316,200.461526533334
"1050873640",20150101,181.9203,369.780526116666,579.896910555678,259.308702962149,200.836767783333
"1050873640",20160101,1141.9985,829.208029853331,745.735702632374,1142.88562050398,1004.47717936666
"1050873640",20170101,486.7317,516.318498761111,508.795371562312,575.926906276124,499.985073200003
"1050873640",20180101,430.932333333333,501.624109075556,489.301736346033,432.736936647099,449.393501883335
"1050873640",20190101,460.925566666667,509.724450597776,460.654195429197,411.14220214771,460.509642216662
"1050873640",20200101,574.624066666667,531.478274536666,552.651706672965,460.519994176518,505.902777000003
"1050873640",20210101,538.628633333333,529.705007002777,560.520251677986,547.49039743244,521.98790181667
"1050873640",20220101,967.562466666667,752.962197075001,716.311729657769,1006.48287252261,923.710758483328
"1050873640",20230101,701.347633333333,609.779522900555,619.570422280167,700.5636070625,692.985743516663
"1050873640",20240101,676.733966666667,613.88243034,622.025558303589,740.569574896956,707.346221083329
"1050873640",20250101,514.1427,521.021285425001,536.100316885114,NA,497.536470733337
"1050873640",20260101,514.1427,511.340396581113,536.169619666091,508.039927360315,491.768218483335
"1050874640",19930101,796.236233333333,976.904304685826,786.844567053908,989.147336557196,908.753822633344
"1050874640",19940101,577.238566666667,778.88521667377,628.20683136734,413.855072088777,530.082023666666
"1050874640",19950101,1283.2898,1088.7285025187,832.492639519412,899.800568131327,1158.99908515001
"1050874640",19960101,1285.63726666667,1154.61660260662,1022.99755483689,1423.21146307727,1305.58413334999
"1050874640",19970101,960.687266666667,941.746815469993,1011.73264701415,1175.45874442561,973.398885266666
"1050874640",19980101,957.462966666667,1146.54321633522,1008.3206895711,1130.08770077186,1053.77811765
"1050874640",19990101,712.156033333333,824.038325498607,796.922570549787,717.146677773691,703.863747233344
"1050874640",20000101,734.343333333333,836.731656350802,785.088728961125,618.977815162834,719.957945250008
"1050874640",20010101,725.9031,793.635113113623,802.67135318567,916.377028666263,669.87695741667
"1050874640",20020101,457.323533333333,756.483322597101,950.806698301282,643.17831566807,496.788241166662
"1050874640",20030101,1061.0199,942.415731805237,1010.08670334328,909.650131453637,1002.78744128333
"1050874640",20040101,1074.53623333333,1075.51296870096,1023.49479121883,1064.24868752254,1085.16775491666
"1050874640",20050101,876.4455,883.220280504663,863.173466761392,862.128397630254,855.041309116672
"1050874640",20060101,1341.4707,1035.23153521396,879.128796901295,1327.92447082419,1308.38936103332
"1050874640",20070101,271.8493,616.48212540703,733.70011857857,392.953625989753,300.352152133335
"1050874640",20080101,530.9512,697.003022863939,699.279513857735,749.607243127475,458.746400633336
"1050874640",20090101,515.838333333333,767.186689567042,1050.11387771811,576.735765621899,525.067908333325
"1050874640",20100101,1502.64,1194.13488671898,1281.73339855474,1345.16664169698,1452.56467813332
"1050874640",20110101,295.6222,707.22480058441,774.442385358427,685.249759460016,365.6616102
"1050874640",20120101,1526.72266666667,1113.42063243282,650.818255999299,1439.37356256851,1473.0872588
"1050874640",20130101,431.906266666667,668.2244505451,826.828743193898,941.625656558391,458.466335749998
"1050874640",20140101,451.7579,717.535520727603,838.438808497064,780.130767149491,459.98018306667
"1050874640",20150101,173.613766666667,582.501372165894,696.818882796293,120.134078129284,250.03981716667
"1050874640",20160101,2157.81493333333,1457.18353009736,878.859658729364,1508.65901780593,1880.26542201665
"1050874640",20170101,1168.75926666667,1311.44240742058,1219.54234296475,1407.18856590223,1281.8674061
"1050874640",20180101,1448.206,1167.1736683224,1339.33659142066,1296.90236298143,1423.95382841666
"1050874640",20190101,1514.17986666667,1372.12927918581,1463.40858536435,1556.63009490319,1573.59919616666
"1050874640",20200101,1018.45003333333,1002.1115881119,967.396423728614,1002.24873159601,1006.4537161
"1050874640",20210101,2333.14476666667,1652.76992015275,1332.57655702785,1698.86716286834,1853.74317773332
"1050874640",20220101,1332.2014,1272.06442251514,1281.62284409331,1223.11256712971,1258.10425456666
"1050874640",20230101,1462.96526666667,1221.18851279336,898.927785103953,1423.21136819492,1348.69805936665
"1050874640",20240101,497.7976,722.232780073968,812.826802645262,1040.17193918501,488.480477783334
"1050874640",20250101,959.075116666667,1001.52545576687,908.066731724243,1124.7476369701,985.292580633335
"1050874640",20260101,959.075116666667,1115.08154436054,1010.06171244334,1012.8744461879,1097.24349126666
"1050887720",19930101,9.48826923076923,10.9046400488914,10.6334774993651,9.53943311725484,9.43009707692308
"1050887720",19940101,16.3846538461538,16.0478282795184,13.7142470521333,16.4261252712287,16.3157233846152
"1050887720",19950101,1.51234615384615,4.64509795575535,12.7401778807151,4.77952969373255,1.88254903846155
"1050887720",19960101,14.1908461538462,13.8067027501436,13.0429514814967,14.150406344534,14.4887108461537
"1050887720",19970101,14.6785769230769,13.2317926774122,15.8201515361503,24.9993133772286,15.2971642500001
"1050887720",19980101,5.53284615384615,7.65180943533064,6.67547042448809,5.4502253575422,5.66612340384617
"1050887720",19990101,22.219,14.5871200793498,20.2991079596901,22.1419587018634,20.7900316153846
"1050887720",20000101,10.0382307692308,11.948146117896,11.1807433206159,9.99933475816952,10.2793361153846
"1050887720",20010101,43.4416923076923,31.8704850726658,22.4744319135634,24.9993076416159,40.9089852884618
"1050887720",20020101,4.2805,6.82300365771867,4.07856732045315,24.9993133772286,7.30822280769224
"1050887720",20030101,0.816846153846154,4.37557236019606,17.4835320329047,4.7791808879872,1.57345842307694
"1050887720",20040101,9.94969230769231,6.85223593060342,4.71024898623079,4.77905358425522,7.5683609615384
"1050887720",20050101,9.29165384615385,10.8002386458077,1.16425067871092,4.77905358425522,8.10443540384622
"1050887720",20060101,10.397,11.2282936237832,13.9000865105311,24.9993133772286,11.3570535000001
"1050887720",20070101,13.3229615384615,11.9510857506542,12.1781407094525,13.1962677465597,12.7860650769229
"1050887720",20080101,15.9748846153846,20.4425123535153,17.9569279258615,24.9993133772286,16.7488220192309
"1050887720",20090101,5.41930769230769,6.80184035268204,7.19851287753127,4.77924703710965,5.17933982692302
"1050887720",20100101,38.5638461538462,30.6991389791218,10.2535879118384,24.9986987882965,38.2844058461541
"1050887720",20110101,8.31607692307692,9.07380456131854,9.46060129183548,8.32310714875984,7.3878573269231
"1050887720",20120101,44.673,29.9673022050205,11.8704572843494,24.9993133772286,40.2234288653848
"1050887720",20130101,2.53023076923077,6.1429219981914,8.23050829589498,4.78505088848138,3.5007485
"1050887720",20140101,9.53576923076923,10.8211638166306,10.681233283477,9.62093638214243,9.43803315384615
"1050887720",20150101,0.219153846153846,7.93634780317183,10.8219484205706,4.77920409320191,2.458727
"1050887720",20160101,16.2512307692308,12.7222508899975,10.1724000513166,16.2519084355116,15.6228727692307
"1050887720",20170101,2.33623076923077,5.17823533947857,2.02450440029357,4.77910367774689,3.00944038461541
"1050887720",20180101,2.13411538461538,9.90021349987928,3.27860924317465,4.77905358425522,4.43426313461542
"1050887720",20190101,3.44484615384615,4.68076387509504,4.58615257613736,4.77905358425522,3.99032761538466
"1050887720",20200101,15.1726923076923,14.4200972619485,16.3187613427583,4.77911074476844,10.6376851730769
"1050887720",20210101,28.0345,32.0290391062669,24.5968243319013,24.9990935593119,40.9089852884618
"1050887720",20220101,8.41834615384615,10.9331547011731,9.5675880429512,8.42837030867683,9.12021286538462
"1050887720",20230101,6.99207692307692,6.94098693000402,5.85261079794199,6.95711488104719,6.62047021153846
"1050887720",20240101,5.86615384615385,10.8102513377928,7.41267107204945,5.91709966738438,7.74483471153851
"1050887720",20250101,9.51201923076923,NA,NA,NA,9.43803315384615
"1050887720",20260101,9.51201923076923,7.62211472878024,10.6585589193545,9.53576519984507,6.03724063461538
"1050888070",19930101,773.2204,678.295398332202,526.168305594214,809.494206187102,832.525744633332
"1050888070",19940101,463.524466666667,464.104826608942,487.186160924597,599.870567938296,462.694100033337
"1050888070",19950101,691.274933333333,650.166537835475,445.014604464022,731.70986404658,706.482896349992
"1050888070",19960101,960.6304,719.671194062548,532.589682809571,800.525686333948,915.565459000005
"1050888070",19970101,295.096566666667,468.524334873615,528.86112019966,291.02810144044,285.023632450002
"1050888070",19980101,474.006566666667,566.136454689415,488.405276855933,555.355936434697,505.766139566665
"1050888070",19990101,480.720666666667,495.704704000519,457.097958070507,494.29318239096,462.349801266671
"1050888070",20000101,702.348733333333,659.741081889771,523.941462217603,728.467172275145,720.550860816663
"1050888070",20010101,356.928366666667,400.570454768353,431.88569296192,415.550994786752,360.896586916666
"1050888070",20020101,862.433233333333,606.649724876743,486.298199145521,818.434906489703,817.887734383328
"1050888070",20030101,418.214366666667,380.226912605249,394.49333293538,443.476718738044,395.432954850002
"1050888070",20040101,322.907266666667,510.971631400537,442.191562987172,338.229607538266,313.609840016667
"1050888070",20050101,271.975566666667,371.000150989737,364.924575779964,305.728033240242,260.666792466665
"1050888070",20060101,322.535133333333,342.948809047987,491.883249421068,409.671240098263,345.461958033334
"1050888070",20070101,225.286966666667,355.077316445325,439.416367362032,307.482528398224,241.806441233333
"1050888070",20080101,452.6142,455.634785264496,476.204871954029,487.648896174535,451.303835350005
"1050888070",20090101,701.132933333333,650.881598681106,492.789921652671,714.910598367582,715.587369783329
"1050888070",20100101,842.776466666667,638.116416496019,525.06074226966,743.823794872782,797.631643333337
"1050888070",20110101,75.8753666666667,305.570581877232,452.305295065344,179.653422512953,140.232567149999
"1050888070",20120101,1007.13153333333,688.527641193302,514.990681495455,929.708506500826,935.778107983331
"1050888070",20130101,461.802833333333,436.377874909832,456.155578037884,557.593837404429,459.861351133331
"1050888070",20140101,264.702833333333,471.062388355381,380.085268767784,252.17103851068,269.510412983335
"1050888070",20150101,191.429433333333,332.441942691883,337.086301743582,188.610966286648,193.897850400001
"1050888070",20160101,893.441,651.17514434637,655.310959471822,899.604738104986,880.301926099998
"1050888070",20170101,362.510766666667,475.041645766503,426.135458786363,460.225229380677,392.421459933339
"1050888070",20180101,395.011366666667,429.059235033135,490.438914479687,359.084168575213,365.459612233333
"1050888070",20190101,272.483933333333,514.655430440548,428.084921650459,320.668041795121,273.956344083334
"1050888070",20200101,497.495266666667,450.279376172181,473.944437813069,408.647248677115,377.379742133334
"1050888070",20210101,803.171466666667,670.483212076281,558.310283873856,743.708305903416,813.098378533332
"1050888070",20220101,566.242466666667,517.988368734975,524.322737292024,631.124525876303,476.982496083334
"1050888070",20230101,593.354633333333,554.3746667607,469.996327227971,595.305310766769,473.948877016667
"1050888070",20240101,503.556666666667,487.771776413617,481.472793357611,524.709605581697,470.061848366669
"1050888070",20250101,468.765516666667,474.901188321055,449.398191293996,471.317463234794,401.873993216671
"1050888070",20260101,468.765516666667,583.587128550993,453.304495546563,452.818128599477,457.278454616669
"1050892990",19930101,1186.63375757576,1238.34804070225,1363.47094232604,1324.48057105364,1181.52684512121
"1050892990",19940101,974.172606060606,1242.70198027351,1434.91014042204,1052.75237834468,1038.17154236364
"1050892990",19950101,1353.40806060606,1331.52116217918,1362.37928215637,1325.56543313407,1304.8278174394
"1050892990",19960101,1547.83006060606,1384.14300802301,1410.87262686203,1538.15374722756,1507.39350007576
"1050892990",19970101,1464.43878787879,1461.29204431922,1436.24917284824,1466.85160066094,1472.54091434849
"1050892990",19980101,1429.22115151515,1392.32517427053,1453.36436963507,1468.21794428364,1451.59795572727
"1050892990",19990101,1639.99606060606,1545.67908379879,1459.87327410424,1466.85160066094,1638.5354989394
"1050892990",20000101,1176.22984848485,1331.79601091981,1347.34724185852,1202.53261755473,1209.42136872727
"1050892990",20010101,1461.65833333333,1503.62301208269,1414.97166794174,1546.16829629016,1520.33402160608
"1050892990",20020101,1138.66357575758,1377.55576606082,1344.34747998554,1126.08165449637,1181.37162125757
"1050892990",20030101,1874.06184848485,1619.04667980203,1387.81496636971,1689.90566952016,1819.60673771213
"1050892990",20040101,1591.6136969697,1491.8809516444,1425.92350204046,1681.95909535069,1576.90900145457
"1050892990",20050101,1716.09854545455,1534.51611573848,1452.65008103349,1739.94677845376,1695.95788128786
"1050892990",20060101,1103.40045454545,1230.0413407121,1424.11745388975,1052.75213723818,1093.80064389392
"1050892990",20070101,1363.35478787879,1347.69449846135,1335.22718437213,1468.2180736564,1371.77067218181
"1050892990",20080101,1841.64533333333,1570.62153891737,1411.2254400924,1324.48057105364,1689.52710190911
"1050892990",20090101,1090.51575757576,1288.14451679853,1291.62581985165,1052.75213723818,1092.14602740908
"1050892990",20100101,1321.3366969697,1399.57410736522,1335.76236990925,1266.42893443981,1325.45726180304
"1050892990",20110101,1038.08936363636,1204.09102139774,1301.65638877751,1052.75316662942,1060.4106151818
"1050892990",20120101,1564.20121212121,1532.5319253733,1258.0876589847,1597.08367926572,1580.53278951514
"1050892990",20130101,1414.50163636364,1334.71766406564,1386.29716549245,1418.78787287268,1401.66784845454
"1050892990",20140101,1083.90509090909,1193.07231336804,1306.40265910371,1083.28746520496,1071.99085668182
"1050892990",20150101,1332.53363636364,1466.89350898787,1310.13148968174,1274.4398624747,1355.01948646972
"1050892990",20160101,1101.48524242424,1212.50121483758,1344.32313701417,1052.75213723818,1095.67946156059
"1050892990",20170101,1823.88306060606,1649.97539751169,1415.7447413529,1815.81067908677,1813.52744525757
"1050892990",20180101,1170.87636363636,1247.82981928727,1321.70940470794,1324.48057105364,1180.56942156061
"1050892990",20190101,1167.16590909091,1248.21848887658,1343.35757576765,1324.48057105364,1178.97757331818
"1050892990",20200101,1719.03487878788,1618.47621624414,1386.53605132358,1524.90310472121,1742.60774921213
"1050892990",20210101,1016.78124242424,1245.9253702161,1350.21137213406,1253.17467090576,1184.47105256061
"1050892990",20220101,1358.48657575758,1483.39396308978,1330.35897204543,1524.90310472121,1488.17525783334
"1050892990",20230101,2074.65181818182,1697.41890641898,1421.69100177089,2068.80312177027,1807.09501507575
"1050892990",20240101,1292.03463636364,1364.2873597918,1326.51744882074,1253.17467090576,1266.44392360606
"1050892990",20250101,1355.94731818182,1403.81159852764,NA,1488.11679222988,1409.15961771212
"1050892990",20260101,1355.94731818182,1433.04011024914,1405.61491663292,1334.50182364855,1431.97872163637
"1050893000",19930101,86.2384705882353,89.9912957452454,72.2238288221822,25.1482280074526,88.2065169411755
"1050893000",19940101,14.4817647058824,46.3456245754219,22.9251001961144,25.1482280074526,15.383207647059
"1050893000",19950101,28.2123529411765,51.8890876658476,52.9224447431801,25.1482280074526,28.8185288235294
"1050893000",19960101,36.325,53.49655321393,35.3454415906515,26.5214934493255,29.0814894411766
"1050893000",19970101,80.2735882352941,79.0237212668704,74.6856255393224,87.6080365286196,83.5886358529419
"1050893000",19980101,148.655529411765,106.314306272873,80.4974905935593,135.493384649576,149.527245176472
"1050893000",19990101,110.328764705882,86.5966967219982,51.1491998854561,76.891861787393,101.246379382351
"1050893000",20000101,17.7861176470588,46.1273706849827,29.6774849504291,25.1482280074526,17.4835254117648
"1050893000",20010101,121.696294117647,94.8924658074314,74.0794609964695,76.891861787393,113.120694647058
"1050893000",20020101,145.456764705882,100.453656115479,76.8235358997122,125.280977567524,136.622694000001
"1050893000",20030101,213.806823529412,123.558394737885,64.7072796112077,177.026592322292,190.832249264706
"1050893000",20040101,68.7377647058824,74.9861397095482,57.8021392498046,71.8818968182593,76.0493358235297
"1050893000",20050101,160.656588235294,109.21920388816,51.4570424972202,177.026592322292,162.465148352939
"1050893000",20060101,19.2622352941176,50.3321204486022,24.851469855644,25.1482280074526,18.2495104411766
"1050893000",20070101,154.639294117647,106.178515820741,64.9078861579262,139.447568229241,151.045711529412
"1050893000",20080101,22.6642941176471,51.0116636032563,28.234587182994,76.891861787393,34.8051120294117
"1050893000",20090101,6.88129411764706,52.9615019092202,21.155882618234,25.1482280074526,10.8470758529413
"1050893000",20100101,103.835235294118,93.520285395654,60.7886698593625,93.2018911753331,107.332915558822
"1050893000",20110101,19.1684705882353,50.9768865712692,31.6673470807021,25.1482280074526,18.8931340294117
"1050893000",20120101,100.856470588235,90.4811851017496,45.7898014141792,125.28277650851,105.690437411764
"1050893000",20130101,26.6862352941176,57.096188868332,59.043657460068,25.1811309648725,32.8191043235292
"1050893000",20140101,38.3866470588235,61.1013075690242,35.9107610077909,47.381167543115,34.0700325588232
"1050893000",20150101,9.22858823529412,53.4534847181247,44.5699548390571,25.1482280074526,15.213097617647
"1050893000",20160101,129.388176470588,102.684113404805,58.4336990014442,125.282958542352,134.8244275
"1050893000",20170101,12.45,29.8101651228422,18.0392353474593,25.1482280074526,13.1459465383755
"1050893000",20180101,13.0476470588235,29.8101651228422,38.6929362263153,25.1482280074526,15.0915118717087
"1050893000",20190101,16.7827058823529,29.8101651228422,22.3747864114014,25.1482280074526,15.3639504599441
"1050893000",20200101,82.3976470588235,29.8101651228422,53.1783497983856,25.1482280074526,25.7799891364145
"1050893000",20210101,12.0524705882353,29.8101651228422,19.9642939125504,25.1482280074526,12.9510418324931
"1050893000",20220101,15.9425294117647,29.8101651228422,27.2413031575616,25.1482280074526,16.5212511070029
"1050893000",20230101,42.7163529411765,29.8101651228422,32.9206030976597,25.1482280074526,16.5477400481794
"1050893000",20240101,37.5289411764706,29.8101651228422,43.1539987932377,25.3444570034765,18.4706242787115
"1050893000",20250101,37.9577941176471,NA,42.09657899941,25.1482280074526,23.8313568235294
"1050893000",20260101,37.9577941176471,64.8286345367233,43.9564166491019,25.225327625625,29.2481661470587
"1050908780",19930101,1591.3358,1640.26923035,1524.82727871399,1591.29869941005,1578.32239988333
"1050908780",19940101,984.669666666667,1103.5382743,1219.573949133,1024.55720553967,999.188220199998
"1050908780",19950101,1978.58876666667,1802.51764861666,1202.32192956749,1910.45205895799,1807.52346314999
"1050908780",19960101,2314.18036666667,2055.61301098334,1833.12488804543,2060.63043469576,2320.75548786666
"1050908780",19970101,1267.55776666667,1329.50237248333,1333.99186073381,1863.49110225852,1323.32565166667
"1050908780",19980101,1308.40996666667,1579.71043828335,1241.90177851581,1174.73558127744,1356.83415078335
"1050908780",19990101,1082.651,1207.63296903333,1016.66247090472,1082.64021040348,1102.94926603333
"1050908780",20000101,1361.00183333333,1404.8848786,1324.99290883207,1399.81267086571,1348.09335966666
"1050908780",20010101,1041.25103333333,1077.93847156667,1107.37372208501,1249.63429512794,1052.30784933334
"1050908780",20020101,1270.5471,1305.27758861667,1336.98530209736,1507.78840326848,1289.42285485
"1050908780",20030101,1375.54533333333,1281.19106744999,1123.03147665902,1454.75068114923,1317.02409153333
"1050908780",20040101,1188.43996666667,1380.13105515,1057.31857078404,1188.51946420082,1235.31047445
"1050908780",20050101,1112.94853333333,1173.60371566668,1046.77179427217,305.557671567058,1065.04018066668
"1050908780",20060101,1530.45323333333,1381.39626481665,1514.35170401995,1544.51660884387,1502.17694264999
"1050908780",20070101,459.696466666667,836.14921381666,813.161086990108,1041.2741492476,503.652182566666
"1050908780",20080101,1005.03193333333,1090.39774345001,1221.58139376861,1138.41531293303,1009.67407986667
"1050908780",20090101,1212.05113333333,1339.69422785,1145.50079986529,1211.97572730309,1228.71567925
"1050908780",20100101,2281.28383333333,1956.97325949998,2174.51062433105,2151.83764495631,2315.99429663331
"1050908780",20110101,340.557133333333,798.367053683325,1467.80126336186,305.557671567058,482.12229656667
"1050908780",20120101,2535.62246666667,2032.35665999998,1674.13208184477,1963.48927101033,2340.13941683332
"1050908780",20130101,888.757733333333,1019.35904373335,1443.79878704373,1077.59441759201,882.480723966676
"1050908780",20140101,709.571733333333,1019.16922654999,789.701598154464,1433.29762664896,817.253505549996
"1050908780",20150101,342.775766666667,691.131993433331,276.811472272766,342.818832744606,416.759945283338
"1050908780",20160101,3166.3257,2406.32330208331,3099.98572159322,2860.60493787174,2846.2148790833
"1050908780",20170101,1435.83363333333,1594.37183390001,1807.60335929627,1391.45904764925,1545.63372081669
"1050908780",20180101,1725.5619,1526.25918375,1659.11706773061,1183.12108215938,1618.77492245001
"1050908780",20190101,1685.79073333333,1723.76300140002,1660.66059417834,1900.21981790081,1788.85779063335
"1050908780",20200101,1435.1021,1341.89187328334,1501.66401696381,1283.11925091119,1450.58325325
"1050908780",20210101,3051.28713333333,2511.92310326664,2243.55171710401,3051.48237650206,2666.32697379998
"1050908780",20220101,1711.90343333333,1663.83344220001,1645.42921461488,1721.64416934675,1645.57265970001
"1050908780",20230101,1985.56606666667,1789.66436606668,1702.79217285767,1750.04144216304,1837.74248580001
"1050908780",20240101,973.451866666667,1169.35229164999,1639.95208357547,1077.59441759201,1216.34626368334
"1050908780",20250101,1334.7059,1365.42229541665,1400.9236665073,1334.67271443533,1295.14408706667
"1050908780",20260101,1334.7059,1487.39126856665,1268.15691124933,1444.51844009206,1385.8213125
"1050909040",19930101,793.497966666667,901.044681722961,750.001211543948,508.050891411241,890.005834434418
"1050909040",19940101,473.8816,460.076576308448,855.193400632495,414.00091047418,407.538042743242
"1050909040",19950101,511.1747,396.484464872741,612.314820151292,663.353172657616,336.179153954485
"1050909040",19960101,875.483833333333,928.586147488863,778.023119366971,663.353172657616,941.036998148571
"1050909040",19970101,1216.85553333333,1081.71677127538,1173.61414689196,1303.69537290681,1277.29384749577
"1050909040",19980101,376.4615,647.813531798128,565.914460351554,663.353172657616,422.172550808586
"1050909040",19990101,1488.10343333333,1192.87795733314,907.453619322724,663.353172657616,1324.75224995202
"1050909040",20000101,1384.13583333333,1122.69673603226,987.194007580175,887.864915301107,1317.14624970571
"1050909040",20010101,291.067766666667,460.473600283986,934.642749726015,788.507729054552,402.876245630755
"1050909040",20020101,1410.81463333333,1121.93230873732,918.860423122625,1049.30612936417,1325.8490079886
"1050909040",20030101,996.8425,760.77443289045,640.577776027789,943.062220841437,797.438232698557
"1050909040",20040101,436.045766666667,638.689706414757,520.940263159871,762.710358904171,431.112123395134
"1050909040",20050101,490.386466666667,414.557100410691,533.658756308866,762.710358904171,418.544026328784
"1050909040",20060101,601.53,452.517554668364,667.564958752752,762.710358904171,450.464079794353
"1050909040",20070101,438.3042,672.611029350102,570.785614396405,843.705034594882,432.430633682396
"1050909040",20080101,1148.71793333333,1141.81175656713,1100.51829575752,788.507729054552,1305.44637203678
"1050909040",20090101,1485.20766666667,1138.66095097818,484.792971750794,762.710358904171,1325.5250996618
"1050909040",20100101,1484.1357,1119.07896409513,514.13350274493,864.402206001323,1333.37469871935
"1050909040",20110101,311.255033333333,709.119385103454,742.737053409769,508.050891411241,428.714779904856
"1050909040",20120101,1193.1659,1107.23765640527,924.090789549803,924.151535878469,1289.41816217303
"1050909040",20130101,665.299933333333,787.983856650535,621.803171083792,762.710358904171,800.559713451229
"1050909040",20140101,180.6621,371.511661951314,585.420447363476,464.161490268554,250.548758650542
"1050909040",20150101,217.5232,379.088821387277,457.091706809227,283.809372718044,240.285209139299
"1050909040",20160101,1037.3726,1024.41805876185,909.197283897969,843.705034594882,1151.8461974051
"1050909040",20170101,293.293433333333,393.60647621615,503.346278144373,663.353172657616,287.608041315132
"1050909040",20180101,137.828366666667,400.326987659917,727.532688271325,663.353172657616,310.557164131707
"1050909040",20190101,143.447966666667,353.164611379485,367.405211606706,864.402206001323,249.091730036931
"1050909040",20200101,829.0381,784.919898035556,785.66422406165,765.045019754768,788.194717594985
"1050909040",20210101,1054.8468,987.702887758008,1011.73277941309,1003.00153947622,1032.29869125229
"1050909040",20220101,833.513,941.756909435141,876.922112234918,968.311453673458,964.922013829972
"1050909040",20230101,1072.89763333333,911.515549164681,800.458823479297,1401.67226499813,926.682129359377
"1050909040",20240101,1073.3464,983.344931461562,1084.62375805223,1049.30612936417,1031.85256554895
"1050909040",20250101,811.268033333334,NA,NA,NA,464.600154818758
"1050909040",20260101,811.268033333334,971.886806668819,789.229315575992,464.16123465531,997.00006988492
"1050909890",19930101,3561.07686666667,3681.63030698338,3650.4424582067,3600.47582755679,3588.16279416673
"1050909890",19940101,2275.89933333333,2668.83354649999,3337.43095013962,2769.62068758645,2204.63143800001
"1050909890",19950101,4148.93343333333,4112.74828390003,3572.30642212021,2769.62018016923,4130.70238166669
"1050909890",19960101,4749.3818,4401.2531542167,3878.69992574009,4098.27833121982,4907.76656333333
"1050909890",19970101,4006.45156666667,3969.7589314167,3907.83869948053,4098.27833121982,4107.08829081669
"1050909890",19980101,3168.08156666667,3489.40484856668,3320.48000280301,2769.62018016923,3231.20130995003
"1050909890",19990101,4317.8685,4016.37361438332,3820.5373441583,4098.27833121982,4204.37783016665
"1050909890",20000101,3757.021,3889.0376435167,3730.46898726246,4098.27833121982,3879.58008298338
"1050909890",20010101,2744.0873,3074.63608919997,3695.43909670932,4098.27833121982,2848.87421026665
"1050909890",20020101,3836.23226666667,3853.41924403337,3641.33510505416,4098.27833121982,3909.67340013338
"1050909890",20030101,4307.88576666667,3783.05418815003,3567.06867072003,4098.27833121982,4105.13066420006
"1050909890",20040101,3009.16716666667,3347.47065515,3541.09476378527,2769.62018016923,2991.31238815
"1050909890",20050101,3442.55826666667,3465.96679825002,3343.45284178194,2769.62018016923,3316.01621838337
"1050909890",20060101,3120.79566666667,3191.14377823335,3418.81052717237,4098.27833121982,3074.84520265002
"1050909890",20070101,2327.85323333333,2784.57766991667,3524.14046216595,2769.62018016923,2209.57194730002
"1050909890",20080101,4113.0164,3899.29731045003,4014.71587666873,4098.27833121982,4056.9865793167
"1050909890",20090101,3683.33126666667,3671.1624372167,3584.89875374984,3730.71551527016,3618.06239971672
"1050909890",20100101,5257.03143333333,4512.30079086666,3906.61313379846,4098.27833121982,5206.20917291666
"1050909890",20110101,1623.84623333333,2471.83495779999,3642.8500758733,2769.62018016923,1845.93772418332
"1050909890",20120101,5304.6186,4601.88569183335,3690.46496502319,5267.79793810166,5197.01496401666
"1050909890",20130101,3008.5347,3226.97522403337,3491.12343174243,2999.44810831634,3003.50791620003
"1050909890",20140101,2009.1779,2637.37718381667,3356.45223023739,2769.62018016923,2088.19544918335
"1050909890",20150101,1914.7609,2333.77535461669,3100.51485586177,2769.62018016923,1939.32316150002
"1050909890",20160101,5609.9699,4785.6239157333,4310.76787676836,4098.27833121982,5401.81587061663
"1050909890",20170101,3437.80133333333,3682.02183526668,3536.39312814476,2769.62018016923,3538.3594055167
"1050909890",20180101,2971.17906666667,3130.67252285004,3855.64406661183,2936.2030186273,2929.64925218335
"1050909890",20190101,2906.35816666667,3298.84408841669,3613.3252900563,2769.76597467387,2950.71841943335
"1050909890",20200101,3955.506,3772.77831945002,3444.0435176857,4098.27833121982,4084.74907415005
"1050909890",20210101,4895.08983333333,4425.56216551664,3988.73675170479,4876.61034327524,4960.78299763333
"1050909890",20220101,3727.90156666667,3693.30914936666,3739.66774946475,4098.27833121982,3641.97805338338
"1050909890",20230101,5019.93766666667,4592.86268966668,3665.90847126122,4098.27833121982,5167.87403369999
"1050909890",20240101,3333.1618,3442.06077956663,3468.10307837907,4098.27833121982,3322.1383076167
"1050909890",20250101,3622.20406666667,3736.30166943338,3550.8738168546,NA,3988.63786698338
"1050909890",20260101,3622.20406666667,3612.44262141671,3523.09864032494,4098.27833121982,3635.68779253338
"1050909900",19930101,2364.9818,2205.48268647414,2272.26413925118,2371.75358169535,2338.15265959999
"1050909900",19940101,1311.5825,1924.92780580913,2060.41228159037,1244.87376939701,1344.87656726667
"1050909900",19950101,2729.08226666667,2322.71144754723,2049.25462195793,2733.6090545106,2650.53136943332
"1050909900",19960101,3200.60903333333,2577.39563687196,2356.83055173301,2746.80782185731,3156.11137506662
"1050909900",19970101,2496.29906666667,2445.99900920392,2428.1010433029,2402.59860539626,2525.52191863333
"1050909900",19980101,1705.29873333333,2102.52589106842,2035.69674734492,1908.4234562181,1733.00641643334
"1050909900",19990101,2607.28973333333,2281.92776561707,2253.56521626637,2619.87399044278,2593.51772891667
"1050909900",20000101,2616.1221,2398.76644785851,2334.02882741925,2511.506742705,2583.17186231666
"1050909900",20010101,1286.4015,1955.67645008333,2091.04077813667,2404.42800484461,1585.54098293332
"1050909900",20020101,2638.11006666667,2272.0410793409,2239.72725327846,2432.77857720503,2556.86249150001
"1050909900",20030101,2330.80813333333,2113.09080183199,1970.00067990356,2320.02662425857,2138.5350818333
"1050909900",20040101,1407.26996666667,1863.29525759521,2071.72320749459,1370.72479192924,1403.03278308333
"1050909900",20050101,1600.69723333333,1859.83517247154,1693.44648197786,1430.75172085167,1508.65454154999
"1050909900",20060101,2054.76573333333,2172.8846039519,2147.41003885687,2618.85615081566,2178.51747508332
"1050909900",20070101,914.1453,1798.7110640149,2050.85742162823,962.478624708714,951.525471316661
"1050909900",20080101,2248.24753333333,2221.80570810843,2340.5065615538,2131.10224565493,2244.83983206665
"1050909900",20090101,2602.98596666667,2178.62176447023,2246.35584864104,2648.75447025529,2468.20177929999
"1050909900",20100101,3842.0248,2739.69394049079,2411.49533874891,3478.83470322258,3789.88330868325
"1050909900",20110101,585.390466666667,1668.42007088948,2118.88414753031,941.095495700513,732.747592849999
"1050909900",20120101,3701.25246666667,2658.53549054498,2205.95712131483,3792.08197184555,3645.00297601661
"1050909900",20130101,1552.93356666667,2179.89094371813,2008.71888913821,1592.56479181008,1667.52814286667
"1050909900",20140101,901.335433333333,1751.14018668086,1817.24491551288,511.629426248637,865.185991866664
"1050909900",20150101,555.671533333333,1623.9628357966,1584.56618166524,463.190548478633,671.396112699999
"1050909900",20160101,4417.06903333333,2953.49928684666,2781.55017757835,3554.71265903024,4119.41580246656
"1050909900",20170101,1656.32513333333,2147.91313761486,1946.01154517452,1608.53909193406,1667.95560571665
"1050909900",20180101,1804.485,2229.30522275232,2341.64959549094,1872.21160153262,1882.89351336668
"1050909900",20190101,1747.48473333333,2165.80409574572,2041.3857862073,1856.24229751068,1741.32686996666
"1050909900",20200101,2170.98026666667,2055.98296519892,2061.65689063388,2176.80024804042,1928.06352708331
"1050909900",20210101,3932.56356666667,2724.20406429407,2526.65429729855,3935.7143369435,3776.67524626659
"1050909900",20220101,2386.31643333333,2315.49638827378,2329.16739402753,2746.80782185731,2839.31509549999
"1050909900",20230101,2959.90473333333,2406.58115537595,2138.0273853794,3017.01399474138,2775.51279409998
"1050909900",20240101,2011.20616666667,2202.79958583607,2103.42136122298,2503.86825267976,2233.74996173333
"1050909900",20250101,2209.6139,2111.50346150358,2117.4404462564,1890.3977824197,1693.55334133333
"1050909900",20260101,2209.6139,2097.33268269033,2164.50577908965,2110.19395771333,1923.86903066665
"1050915980",19930101,680.801516129032,808.312508336024,865.914440644071,1013.54612389442,690.123670306459
"1050915980",19940101,732.909903225806,766.068948226345,844.151753678747,717.094805015756,706.648303919359
"1050915980",19950101,877.09564516129,900.350281933336,853.275967709362,717.094805015756,874.234227725814
"1050915980",19960101,1019.11035483871,974.406284059136,943.028674002658,1013.54612389442,1017.12572769353
"1050915980",19970101,1049.30367741935,1006.81838356236,949.315436923909,1050.70026131652,1035.04876690321
"1050915980",19980101,634.144225806452,735.511700802688,877.898645591215,717.102496849409,649.410515161297
"1050915980",19990101,893.236838709677,934.693373798386,876.572255727673,1013.54632331627,937.904284693544
"1050915980",20000101,870.563870967742,904.166557317738,894.357304854367,1013.54612389442,893.731653806445
"1050915980",20010101,789.438903225806,854.279078001614,855.818297594664,790.145508458955,776.345368709682
"1050915980",20020101,748.07035483871,854.804549645701,923.336746485922,1013.54612389442,778.189534709683
"1050915980",20030101,1063.96625806452,919.574699444622,879.66931253422,1013.48615427482,997.807704838701
"1050915980",20040101,799.575967741936,886.043039608601,885.137222945489,1013.54612389442,835.418820064509
"1050915980",20050101,1331.32961290323,1136.37971404946,937.701536680826,1013.54533878427,1307.92963490322
"1050915980",20060101,701.211580645161,790.348213304841,894.289223094496,717.094805015756,691.634569870976
"1050915980",20070101,649.051903225806,722.399198524194,904.233889747515,717.094805015756,653.978946580653
"1050915980",20080101,1458.29458064516,1183.0662852414,983.065593630937,1013.53529324866,1385.23663490322
"1050915980",20090101,1048.56435483871,945.115065040858,985.122386607801,1013.54612389442,1026.10688148386
"1050915980",20100101,1144.58970967742,1053.95588806398,988.657956595764,1013.54612389442,1135.0218294516
"1050915980",20110101,898.503935483871,961.06761799946,922.084625019147,897.2706420001,954.111808774186
"1050915980",20120101,1195.41529032258,1107.19116431344,880.69120849969,1013.54612389442,1217.10789870968
"1050915980",20130101,665.439967741935,778.425353471505,841.296765068779,717.094805015756,678.028969661297
"1050915980",20140101,459.192225806452,601.399137064519,893.423885360815,1013.54612389442,488.664570532266
"1050915980",20150101,437.865451612903,634.1612373957,849.288181402076,717.098368474198,481.42821412904
"1050915980",20160101,1295.56596774194,1143.95934790699,921.75076695974,1013.54612389442,1276.6435788387
"1050915980",20170101,891.047580645161,901.11574720484,914.841013008234,717.094805015756,887.549560145171
"1050915980",20180101,909.814096774194,915.02433696882,897.250941454033,910.710047340827,924.097107225809
"1050915980",20190101,845.057322580645,865.098631503224,875.11341419303,851.761308212425,816.724350435479
"1050915980",20200101,925.508516129032,956.961802576342,874.51414189788,927.784407017841,940.917382161287
"1050915980",20210101,898.559322580645,891.364233808065,874.902427760064,717.094805015756,831.012252225805
"1050915980",20220101,1181.43603225806,1112.69291955537,1022.69709514713,1013.54612389442,1234.66225733871
"1050915980",20230101,982.254161290323,976.749762494625,927.101955028081,1013.54612389442,999.254216048375
"1050915980",20240101,1157.29651612903,1049.35982387742,1108.27097448595,1013.54612389442,1134.69346353225
"1050915980",20250101,895.870387096774,887.059949035482,NA,896.971512109872,836.495583887092
"1050915980",20260101,895.870387096774,919.466714797849,942.664092550056,1013.54612389442,1001.26109903225
"1050915990",19930101,280.2829,260.616151571979,260.343584222077,259.253087829963,281.079600766666
"1050915990",19940101,186.9519,216.87292428972,201.126878996121,168.722413786303,195.524191806981
"1050915990",19950101,136.074566666667,176.75418133828,147.648652263381,168.724287506083,137.40144835
"1050915990",19960101,206.157366666667,210.40748705536,215.979491886968,208.021429288197,207.955318066669
"1050915990",19970101,328.7977,278.706262309732,317.288171514418,354.802021402947,342.833148449998
"1050915990",19980101,181.128266666667,190.006322896904,169.539526483626,175.926099229661,182.984343633333
"1050915990",19990101,90.4767333333333,119.815003607835,160.102107585131,94.0953345658935,91.4734823500002
"1050915990",20000101,106.770733333333,149.503374405328,118.257846794709,219.232673218896,122.389590033334
"1050915990",20010101,180.453533333333,185.888955144456,168.910618663682,125.752746924078,166.885867299998
"1050915990",20020101,49.6329666666667,110.504479907744,166.038179383731,126.242721691664,74.5928066500001
"1050915990",20030101,222.227333333333,207.71418467527,168.495725240016,216.188177157771,210.822476950001
"1050915990",20040101,206.875766666667,204.634254802314,216.998495346225,210.849609898804,205.608881683333
"1050915990",20050101,564.308233333333,406.287285292182,254.549256838816,546.789111734832,495.816751150005
"1050915990",20060101,103.270166666667,161.318141316479,167.004376160152,168.722413786303,115.831121950318
"1050915990",20070101,170.155266666667,202.335159272477,220.913053307314,168.769726599967,182.458273133334
"1050915990",20080101,443.8833,293.587875925054,171.168648028337,168.722413786303,356.709698562535
"1050915990",20090101,251.9791,251.546595714412,210.654871627084,304.29057549441,254.981255133331
"1050915990",20100101,212.467633333333,222.03046518976,214.499528539898,258.9317539668,218.871465766664
"1050915990",20110101,128.377933333333,127.464066486335,139.882810507771,168.721859951396,121.614519767778
"1050915990",20120101,455.328566666667,364.955094709465,240.297034182244,354.800742051237,431.469031850004
"1050915990",20130101,211.2381,208.875060758773,199.734541856314,219.232673218896,208.931943749998
"1050915990",20140101,114.414766666667,115.12737349943,155.296399097887,168.723098602963,108.818336383334
"1050915990",20150101,84.2011333333333,143.12519418297,189.652210806426,86.5457999272772,111.965163083334
"1050915990",20160101,305.270866666667,254.055397766171,216.013941851026,309.242789160769,285.582917799999
"1050915990",20170101,271.909933333333,277.342838889627,257.591371416835,276.15073126678,294.854954983334
"1050915990",20180101,222.849833333333,250.252033805554,234.404147034829,222.109545256549,237.047250716667
"1050915990",20190101,293.687,258.200931707355,225.747791113899,297.730588744926,287.086896266667
"1050915990",20200101,168.102333333333,197.723206647991,178.819290728644,168.722413786303,209.271179540316
"1050915990",20210101,178.121333333333,150.721150135227,166.580799266122,168.722413786303,114.481118850318
"1050915990",20220101,92.1858,113.800955630125,103.77954232517,112.594873115516,96.3875696333339
"1050915990",20230101,52.8356333333333,103.526706823593,118.213659539721,86.5406636949721,88.7805463833338
"1050915990",20240101,236.514466666667,236.878026464495,248.064332343225,176.720958712819,246.281032866667
"1050915990",20250101,196.554633333333,NA,NA,86.5406084849713,167.451896649999
"1050915990",20260101,196.554633333333,209.831351288733,208.070747064349,286.463103238308,238.172270883332
