"YYYY","Q","pred","HYBAS_ID","p_below","p_normal","p_above","class_hat","entropy"
19930101,1909.40086666667,2346.59159986926,"1050021910",0.175582667719091,0.656380907401876,0.168036424879032,"normal",0.881502603528763
19940101,2153.02986666667,1979.27783274078,"1050021910",0.339855477368895,0.590898168653979,0.0692463539771256,"normal",0.862555869629941
19950101,2683.02743333333,1995.00481125356,"1050021910",0.331745110945105,0.59599786638694,0.0722570226679551,"normal",0.864340614610098
19960101,3570.9438,3223.36266547384,"1050021910",0.0149163212326927,0.375582076540353,0.609501602226954,"above",0.732299548703566
19970101,4302.9823,3308.00594163466,"1050021910",0.0109524723578211,0.334463215409522,0.654584312232657,"above",0.69313844396296
19980101,1703.7466,1949.35613361689,"1050021910",0.355489787800509,0.580723902661613,0.0637863095378783,"normal",0.85883390890923
19990101,3466.62156666667,3228.08493817086,"1050021910",0.0146664366694577,0.373271037108682,0.61206252622186,"above",0.730238905003813
20000101,3098.9989,3250.84358698416,"1050021910",0.0135120262183269,0.362153336207968,0.624334637573705,"above",0.720097325506387
20010101,1598.6216,1955.44017996458,"1050021910",0.352290030552058,0.582841473745259,0.0648684957026834,"normal",0.859626371404769
20020101,2764.77216666667,3217.32592514736,"1050021910",0.0152410858482872,0.378537998305316,0.606220915846397,"above",0.734911681492435
20030101,2306.59413333333,1980.91758164677,"1050021910",0.339006311633953,0.591438018410065,0.0695556699559819,"normal",0.862747343403581
20040101,1561.12716666667,2019.7519119743,"1050021910",0.319142472778846,0.603661345924109,0.0771961812970445,"normal",0.866922148009725
20050101,2963.53696666667,3136.23030096175,"1050021910",0.0202272293772684,0.418264916748781,0.561507853873951,"above",0.767540175235783
20060101,3127.11293333333,2387.61047912228,"1050021910",0.16100342455272,0.655983695858228,0.183012879589052,"normal",0.881412985717178
20070101,2118.3404,1933.36275699328,"1050021910",0.363949318669612,0.575042202064616,0.061008479265772,"normal",0.856661037199297
20080101,2865.54753333333,3217.32592514736,"1050021910",0.0152410858482872,0.378537998305316,0.606220915846397,"above",0.734911681492435
20090101,2514.41843333333,2143.87416956979,"1050021910",0.259256892482265,0.634845995151321,0.105897112366414,"normal",0.876206389143932
20100101,2974.14026666667,3212.97933848061,"1050021910",0.0154786679664844,0.380667275050288,0.603854056983228,"above",0.736777045741526
20110101,3044.32363333333,3211.46151779572,"1050021910",0.0155623767953552,0.381410976862252,0.603026646342393,"above",0.737425374017521
20120101,3696.32363333333,3253.22725679945,"1050021910",0.0133957818860572,0.360991245607657,0.625612972506286,"above",0.719015176469949
20130101,1666.87636666667,2271.76964595249,"1050021910",0.204256201993028,0.652931822900751,0.142811975106221,"normal",0.880714385173074
20140101,689.8611,1104.6851089347,"1050021910",0.795040359674609,0.201678930112889,0.0032807102125022,"below",0.524020785706194
20150101,1046.13423333333,1255.21398178892,"1050021910",0.729449905730214,0.264435053380077,0.00611504088970971,"below",0.613024822450711
20160101,1906.2651,1985.51436307143,"1050021910",0.33663017588186,0.592941362691913,0.0704284614262274,"normal",0.863277372713093
20170101,739.7871,971.251453328935,"1050021910",0.844408847292634,0.15376675784821,0.00182439485915575,"below",0.44221103176514
20180101,1496.71433333333,2005.81426310655,"1050021910",0.32621579780537,0.599400406154888,0.0743837960397422,"normal",0.865501634733824
20190101,614.114533333333,996.947366647776,"1050021910",0.835567813595196,0.162384294289166,0.00204789211563827,"below",0.457963413009479
20200101,3616.7906,1078.60702033051,"1050021910",0.80535802175965,0.191709179764765,0.0029327984755857,"below",0.508098586377289
20210101,1681.8859,2406.39769383444,"1050021910",0.154597621836429,0.655260319866855,0.190142058296716,"normal",0.881249006707299
20220101,1932.93343333333,2271.76964595249,"1050021910",0.204256201993028,0.652931822900751,0.142811975106221,"normal",0.880714385173074
20230101,2177.9998,1981.46951356573,"1050021910",0.338720669998394,0.591619306740003,0.0696600232616039,"normal",0.862811507425888
20240101,3558.88786666667,1381.59447972446,"1050021910",0.667280616304543,0.322728803979908,0.00999057971554929,"below",0.680950368093756
20250101,2242.29696666666,1959.37731870606,"1050021910",0.350224928960369,0.584198703964635,0.0655763670749958,"normal",0.860129351705511
20260101,2242.29696666666,1881.1840472241,"1050021910",0.391992976375421,0.555407706168062,0.0525993174565162,"normal",0.848622679325878
19930101,26.1199655172414,47.7155376551723,"1050021920",0.155803183178043,0.769508898049778,0.0746879187721785,"normal",0.68504986479557
19940101,94.3780344827586,76.8351641379309,"1050021920",0.0019308888576527,0.329617964119189,0.668451147023158,"above",0.647131302523472
19950101,78.8454137931034,71.8597519999998,"1050021920",0.00510748884987509,0.449166959473316,0.545725551676808,"above",0.716960726102301
19960101,61.7601034482759,62.8094561034476,"1050021920",0.0235732609016848,0.656754384036896,0.319672355061419,"normal",0.72904647773936
19970101,90.5406206896552,78.2647394827593,"1050021920",0.00143465149688262,0.297382032569404,0.701183315933713,"above",0.618949019425704
19980101,40.1078965517241,50.0879364137925,"1050021920",0.122048207836046,0.779215896351535,0.0987358958124198,"normal",0.679701408241259
19990101,36.678724137931,36.3241279137931,"1050021920",0.390721817379484,0.594506479015325,0.014771703605191,"normal",0.7386053017322
20000101,51.6383103448276,77.5900919482751,"1050021920",0.00165217386597213,0.312430233794673,0.685917592339355,"above",0.632645921333683
20010101,48.8317586206897,51.3397596206899,"1050021920",0.106471176970515,0.780020838747516,0.113507984281969,"normal",0.679246952947886
20020101,30.3418620689655,31.176667086207,"1050021920",0.521701811125776,0.472227733530254,0.00607045534396988,"below",0.724745185190197
20030101,30.7999310344828,29.9152077068962,"1050021920",0.553991784447272,0.441200349166242,0.00480786638648567,"below",0.713867468636297
20040101,35.6835862068965,33.0242760862063,"1050021920",0.474209413058915,0.517341234280083,0.00844935266100144,"normal",0.735100074928795
20050101,149.131206896552,120.336121448275,"1050021920",6.21212856818399e-09,0.00059721634947929,0.999402777438392,"above",0.00503043656612639
20060101,62.4085517241379,64.6379466724142,"1050021920",0.0177387107328537,0.619365849552623,0.362895439714523,"normal",0.736080989989342
20070101,65.7780689655172,67.0162610000003,"1050021920",0.0120290629799149,0.566212518205542,0.421758418814543,"normal",0.739340838297091
20080101,82.8861034482759,80.8818243965509,"1050021920",0.000815987682713503,0.242231327688996,0.756952684628291,"above",0.560030105590137
20090101,44.1446206896552,46.6241573103449,"1050021920",0.173225769968711,0.761520314923156,0.0652539151081335,"normal",0.689268357644699
20100101,67.1942413793103,55.6985218620686,"1050021920",0.0634389067092711,0.759615043515275,0.176946049775454,"normal",0.690249991941068
20110101,82.349,81.5054080517245,"1050021920",0.000710542849552971,0.229930610578897,0.76935884657155,"above",0.5448681190943
20120101,71.0393103448276,65.6006319827588,"1050021920",0.0151964355100468,0.598384492293021,0.386419072196932,"normal",0.73832622940697
20130101,51.5651034482759,55.301380206896,"1050021920",0.0666873237524863,0.762934169142122,0.170378507105392,"normal",0.688533814373534
20140101,18.1479655172414,27.661374189655,"1050021920",0.610668081277714,0.386209657871474,0.00312226085081246,"below",0.686625655559969
20150101,17.185724137931,22.4033152068963,"1050021920",0.732389069145466,0.266553648834963,0.00105728201957012,"below",0.587774124396351
20160101,28.8150344827586,27.4226758620689,"1050021920",0.616556737988434,0.380463923147504,0.00297933886406199,"below",0.683164480686538
20170101,22.8982068965517,27.0747970689657,"1050021920",0.625090521533044,0.37212788769652,0.0027815907704356,"below",0.677928206203481
20180101,46.903,45.8562418103442,"1050021920",0.186200237068162,0.754609916149557,0.0591898467822808,"normal",0.692783754172848
20190101,24.9907931034483,30.1555834137929,"1050021920",0.547859747614913,0.447111596703327,0.00502865568176014,"below",0.71618275173159
20200101,115.906,67.3265476379312,"1050021920",0.0114168922564887,0.558983046848627,0.429600060894884,"normal",0.739157976466073
20210101,29.3824482758621,38.8681275344824,"1050021920",0.329442479165975,0.648455120175029,0.0221024006589956,"normal",0.730939920767655
20220101,36.7219310344828,45.0879304482757,"1050021920",0.199767525526705,0.746658399176498,0.0535740752967978,"normal",0.696674860109745
20230101,45.431275862069,34.4068687068966,"1050021920",0.438871872004379,0.550397408308516,0.010730719687105,"normal",0.738742336905159
20240101,76.0936551724138,25.7587962241375,"1050021920",0.656791555731579,0.341072264105654,0.00213618016276651,"below",0.656120576404451
20250101,47.8673793103448,52.7814798965515,"1050021920",0.0903724541227805,0.777230570799979,0.13239697507724,"normal",0.680815128940175
20260101,47.8673793103448,45.5075969482754,"1050021920",0.192284572916615,0.751128628375141,0.0565867987082433,"normal",0.694507630264652
19930101,511.49,547.045588947385,"1050021940",0.111906412460611,0.351365722697549,0.53672786484184,"above",0.946574976902746
19940101,725.450068965517,625.949296832342,"1050021940",0.0428901485391487,0.233422389508034,0.723687461952817,"above",0.708710865423683
19950101,727.014206896552,623.235789915917,"1050021940",0.0444866962586916,0.237624996415386,0.717888307325922,"above",0.717887291682204
19960101,485.840965517241,545.2929686939,"1050021940",0.114041931025616,0.353658727705634,0.53229934126875,"above",0.950848532161748
19970101,393.202586206897,344.771795934378,"1050021940",0.527713071398606,0.356005044710223,0.116281883891171,"below",0.955209403810459
19980101,410.442137931034,526.082951671673,"1050021940",0.139364266853013,0.377019017123121,0.483616716023866,"above",0.993736457144337
19990101,260.307344827586,404.830948380794,"1050021940",0.377402755780558,0.414186826805853,0.208410417413589,"normal",1.05967608981451
20000101,513.785206896552,622.666745973451,"1050021940",0.0448275043960928,0.238507708801907,0.716664786802001,"above",0.719807083107363
20010101,484.262344827586,535.151849402884,"1050021940",0.126969014522126,0.36641762406123,0.506613361416645,"above",0.974417451156835
20020101,362.729551724138,392.364365927415,"1050021940",0.407860589068715,0.405730225536456,0.186409185394829,"below",1.04490954232974
20030101,538.797275862069,400.614813859073,"1050021940",0.387628718946018,0.411567475869419,0.200803805184562,"normal",1.05511672732253
20040101,246.053310344828,389.926747656481,"1050021940",0.413888149392659,0.403830159039972,0.182281691567369,"below",1.04157302740854
20050101,793.475827586207,540.875991232622,"1050021940",0.119552235526038,0.359325767102741,0.521121997371221,"above",0.961360652928659
20060101,869.884103448276,624.26789269348,"1050021940",0.0438738847501426,0.236025161997194,0.720100953252664,"above",0.71440113341645
20070101,602.470931034483,625.250996057509,"1050021940",0.0432965161589244,0.234502787823059,0.722200696018016,"above",0.711075683186731
20080101,669.024310344828,625.187432897132,"1050021940",0.0433336598285203,0.234601171445488,0.722065168725992,"above",0.711290830169623
20090101,437.987068965517,616.805454027235,"1050021940",0.0484615868710166,0.24762195470507,0.703916458423913,"above",0.739478026941653
20100101,354.167275862069,373.781845431992,"1050021940",0.454257546259922,0.389338242167473,0.156404211572604,"below",1.0158944687079
20110101,482.05824137931,551.096050938816,"1050021940",0.107080821650112,0.345974906060826,0.546944272289062,"above",0.936481625277149
20120101,579.008689655172,400.142381114184,"1050021940",0.388779593409773,0.4112584430389,0.199961963551328,"normal",1.05457796038265
20130101,360.326655172414,403.303194301293,"1050021940",0.381098724517107,0.413266613491246,0.205634661991647,"normal",1.05807579069267
20140101,160.695172413793,232.979918529246,"1050021940",0.782377974558072,0.189199986026254,0.0284220394156744,"below",0.608216988439098
20150101,180.972586206897,222.411288467378,"1050021940",0.801625181800737,0.174052821244663,0.0243219969546,"below",0.571953634047633
20160101,263.772137931034,245.480307458445,"1050021940",0.758278932803285,0.207723227334878,0.0339978398618372,"below",0.651228245603678
20170101,128.493965517241,214.494551267709,"1050021940",0.815346412530419,0.16306697372531,0.0215866137442705,"below",0.544983332921299
20180101,483.330620689655,377.137581976679,"1050021940",0.445813355469066,0.392613314978124,0.16157332955281,"below",1.02173375175509
20190101,46.8535862068966,276.379075221876,"1050021940",0.69298712612669,0.255313343995369,0.0516995298779407,"below",0.755868667242013
20200101,796.29275862069,270.056133814041,"1050021940",0.706962978007259,0.245457754971135,0.0475792670216059,"below",0.73483182648831
20210101,422.970551724138,375.823006636341,"1050021940",0.449118568953752,0.391346171506024,0.159535259540224,"below",1.01947703035343
20220101,321.354413793103,264.098294663988,"1050021940",0.71985524165266,0.236203044667716,0.0439417136796243,"below",0.714789182068342
20230101,471.354379310345,289.725398403233,"1050021940",0.662569092597613,0.276105631580756,0.0613252758216311,"below",0.799267138585497
20240101,471.272068965517,214.494551267709,"1050021940",0.815346412530419,0.16306697372531,0.0215866137442705,"below",0.544983332921299
20250101,471.313224137931,233.497351181894,"1050021940",0.781408768018261,0.189954512708886,0.0286367192728534,"below",0.609996853306646
20260101,471.313224137931,290.240907487763,"1050021940",0.661370901849036,0.276905674444446,0.0617234237065174,"below",0.800911482640544
19930101,3699.25313333333,3740.69209476664,"1050022420",0.168245570954277,0.780029390102705,0.0517250389430176,"normal",0.64684691562783
19940101,2549.9019,3044.81371904998,"1050022420",0.68862552666256,0.310344437118309,0.00103003621913067,"below",0.627107276515127
19950101,4988.55023333333,4578.41865580001,"1050022420",0.00336013272243701,0.448515867843163,0.5481239994344,"above",0.708325219076667
19960101,4937.98873333333,4685.97209651672,"1050022420",0.00166783463628698,0.363188481033233,0.63514368433048,"above",0.666811536333601
19970101,4366.1077,4404.55402546669,"1050022420",0.00945382823556332,0.586205552291045,0.404340619473392,"normal",0.723280404380462
19980101,3279.27906666667,3713.36950899998,"1050022420",0.182979549707947,0.771065299287921,0.0459551510041327,"normal",0.652778203896292
19990101,4706.45836666667,4780.35058766663,"1050022420",0.000867933864612921,0.29284098675355,0.706291079381837,"above",0.611360965463902
20000101,4044.23006666667,4307.00604923338,"1050022420",0.0160302918879856,0.656106007230349,0.327863700881665,"normal",0.708381868543652
20010101,2757.81766666667,2586.61725089998,"1050022420",0.926293307300451,0.0736797615714921,2.69311280566287e-05,"below",0.263363235140047
20020101,3976.93643333333,4277.90330391671,"1050022420",0.0186308831194467,0.675147828700714,0.306221288179839,"normal",0.701816344648404
20030101,4556.26653333333,4218.75728029999,"1050022420",0.0250341393224216,0.710649347322398,0.264316513355181,"normal",0.686756291769828
20040101,3048.4826,3264.49888086671,"1050022420",0.513253826281256,0.482384407219889,0.00436176649885467,"below",0.71770311942446
20050101,3874.14536666667,3663.55425493337,"1050022420",0.211841465909961,0.751385431416681,0.0367731026733582,"normal",0.66499493758519
20060101,3707.87653333333,3623.36015445,"1050022420",0.236959282695299,0.732531124291704,0.030509593012997,"normal",0.675659506937666
20070101,2656.8366,3042.62573476668,"1050022420",0.690238644998004,0.308747014936488,0.00101434006550816,"below",0.625725875850911
20080101,4413.23533333333,4190.7870808833,"1050022420",0.028652644881934,0.725778149742834,0.245569205375232,"normal",0.679231095701262
20090101,4002.9134,3918.04216019998,"1050022420",0.0915204780020493,0.804288017611348,0.104191504386603,"normal",0.629646937773955
20100101,5347.7863,5079.31067883329,"1050022420",8.62146244205881e-05,0.121549849844512,0.878363935531067,"above",0.370883519189615
20110101,1838.77793333333,2118.52762064999,"1050022420",0.99237017155393,0.00762956414832838,2.64297741692232e-07,"below",0.0448043033879461
20120101,5290.0559,5066.53509626666,"1050022420",9.58751041407282e-05,0.127011846126025,0.872892278769835,"above",0.381636542250456
20130101,3283.81076666667,3052.46090836667,"1050022420",0.682959197062843,0.315954140732251,0.00108666220490594,"below",0.631871348976941
20140101,2228.19346666667,2458.70760446666,"1050022420",0.956902473223527,0.0430891885689254,8.33820754753134e-06,"below",0.177745931980815
20150101,2112.18326666667,2195.56083891668,"1050022420",0.988252936398309,0.011746460989341,6.02612350242282e-07,"below",0.0638900861033493
20160101,5903.58426666667,5549.38063748329,"1050022420",1.07980063610672e-06,0.0158394847395243,0.98415943545984,"above",0.0813878850970302
20170101,3478.0535,3587.01641934998,"1050022420",0.261012289645638,0.713354718291,0.0256329920633619,"normal",0.685459044937764
20180101,3581.95746666667,3547.59956798331,"1050022420",0.288449346355625,0.690451230293396,0.0210994233509793,"normal",0.695772873771834
20190101,2901.2428,2984.91783768334,"1050022420",0.731391897830963,0.267936306158298,0.000671796010739079,"below",0.58656522846182
20200101,4237.1146,3640.79238091665,"1050022420",0.22586965207564,0.741022135615898,0.0331082123084617,"normal",0.670982859284605
20210101,4955.4285,3246.23338019998,"1050022420",0.528448014325765,0.467654725906498,0.00389725976773625,"below",0.714099143024141
20220101,3980.73653333333,3210.84585253331,"1050022420",0.557748245120152,0.439130247401471,0.00312150747837703,"below",0.705035602916962
20230101,5348.27333333333,3777.69279034998,"1050022420",0.149545803414279,0.790014246611971,0.0604399499737504,"normal",0.639970439505336
20240101,3690.31243333333,3863.28641999998,"1050022420",0.111780539616229,0.803243902100947,0.084975558282824,"normal",0.630421763422915
20250101,3925.5409,3870.08416828331,"1050022420",0.109103861013492,0.803690688529161,0.0872054504573463,"normal",0.630090588487031
20260101,3925.5409,3996.74751769998,"1050022420",0.0673533410263497,0.795598487966356,0.137048171007294,"normal",0.636000743492168
19930101,106.3453,186.453169580059,"1050022430",0.422794340254028,0.486364257622045,0.090841402123927,"normal",0.932436656297
19940101,344.707166666667,251.735823842151,"1050022430",0.156819111974159,0.542597814295721,0.30058307373012,"normal",0.983580260882292
19950101,268.6762,158.6623834888,"1050022430",0.560125391513088,0.393554177272439,0.0463204312144727,"below",0.833953645048424
19960101,174.9791,261.144488848852,"1050022430",0.130343396185928,0.527128134391009,0.342528469423063,"normal",0.970096906698432
19970101,198.9999,256.497525977611,"1050022430",0.14300676962741,0.535466541613,0.32152668875959,"normal",0.977418262728817
19980101,257.222733333333,267.793882521162,"1050022430",0.113607450196722,0.512960584505979,0.373431965297298,"normal",0.957364709529703
19990101,230.880833333333,266.039771618778,"1050022430",0.117865859536203,0.51694357561508,0.365190564848717,"normal",0.960981834804142
20000101,202.6933,272.767495991569,"1050022430",0.102132594993915,0.500762654553228,0.397104750452857,"normal",0.946100950632248
20010101,288.234833333333,261.053987952841,"1050022430",0.130582367446997,0.527303131513228,0.342114501039774,"normal",0.970251858956702
20020101,357.129033333333,273.425792837303,"1050022430",0.100679366616812,0.499051871074865,0.400268762308323,"normal",0.944498471019273
20030101,50.4114666666667,151.056794779986,"1050022430",0.597154302148634,0.365006404470983,0.0378392933803835,"below",0.79965010576983
20040101,342.695733333333,280.926263477051,"1050022430",0.0851746659178632,0.478093063865478,0.436732270216659,"normal",0.924402546981477
20050101,463.600366666667,363.337602126908,"1050022430",0.00825983357431142,0.184742443369041,0.806997723056647,"above",0.524656833555554
20060101,307.372066666667,264.652879324509,"1050022430",0.121311826532661,0.519970117074466,0.358718056392873,"normal",0.963710583520892
20070101,259.407133333333,257.405074436658,"1050022430",0.140470472167094,0.533943145538429,0.325586382294477,"normal",0.976090086847554
20080101,261.5004,259.049758518703,"1050022430",0.135952353575646,0.531051474776453,0.332996171647901,"normal",0.973557435296499
20090101,171.682466666667,247.368465152936,"1050022430",0.170234975619586,0.547830577837587,0.281934446542827,"normal",0.988044179190952
20100101,92.2390333333333,127.975251675778,"1050022430",0.703117529294168,0.277360793810949,0.0195216768948835,"below",0.680199249473506
20110101,415.421966666667,392.16337954525,"1050022430",0.00292429292458753,0.10721076590655,0.889864941168863,"above",0.360293988061644
20120101,158.942433333333,127.158795374369,"1050022430",0.706625867348897,0.274329637501904,0.0190444951491997,"below",0.675638192180697
20130101,217.228033333333,262.488106299382,"1050022430",0.126831082049547,0.524472465102859,0.348696452847594,"normal",0.96773854245356
20140101,254.301133333333,250.660589029097,"1050022430",0.16005569610379,0.544003923918331,0.295940379977878,"normal",0.984784539450074
20150101,144.817266666667,121.65896582717,"1050022430",0.729742826283206,0.254175592903913,0.0160815808128801,"below",0.644485183186067
20160101,67.7801666666667,121.42754258217,"1050022430",0.730695216199743,0.253338691984757,0.0159660918155001,"below",0.643159522771655
20170101,142.1723,121.501644562725,"1050022430",0.730390443158457,0.253606562946068,0.0160029938954752,"below",0.643584118643707
20180101,295.5439,261.502870327426,"1050022430",0.129400047370978,0.526430323684913,0.344169628944109,"normal",0.969478468770307
20190101,111.713766666667,121.891140584745,"1050022430",0.728785654293607,0.255016182206662,0.0161981634997312,"below",0.645814051840252
20200101,170.5225,255.6496483933,"1050022430",0.145404101791303,0.536842828886648,0.317753069322049,"normal",0.978614585933921
20210101,267.669566666667,139.612903589383,"1050022430",0.65117025243828,0.321326403537398,0.0275033440243219,"below",0.742974714314282
20220101,329.148133333333,121.776913688281,"1050022430",0.729256781337612,0.254602502469044,0.0161407161933441,"below",0.64516040425665
20230101,321.5413,138.82866563797,"1050022430",0.654775855680134,0.318333150327662,0.0268909939922041,"below",0.738891962256386
20240101,272.3723,147.799086700056,"1050022430",0.612772134755424,0.352611123005315,0.034616742239261,"below",0.784101275788157
20250101,255.761933333333,122.483514664653,"1050022430",0.726335880187571,0.257165220331816,0.0164988994806126,"below",0.649199474723671
20260101,255.761933333333,257.548228840734,"1050022430",0.140073208894212,0.533698133620317,0.326228657485471,"normal",0.975876081612935
19930101,18.8626333333333,92.9374920487501,"1050022910",0.666646366749306,0.318890284902326,0.0144633483483683,"below",0.696053185410654
19940101,233.434133333333,180.217522739464,"1050022910",0.0998756549674795,0.581501113981661,0.318623231050859,"normal",0.909776902328047
19950101,321.964333333333,228.694095710278,"1050022910",0.012753148050704,0.302919357867675,0.684327494081621,"above",0.676980296589204
19960101,140.135833333333,174.184480981587,"1050022910",0.122240835553318,0.600148710108989,0.277610454337693,"normal",0.919111667975276
19970101,174.295233333333,166.476119850853,"1050022910",0.155631427865569,0.615093654993432,0.229274917140998,"normal",0.926123096403295
19980101,204.862433333333,208.989208957579,"1050022910",0.0323790086436346,0.43052814171022,0.537092849646145,"above",0.80774081123344
19990101,132.717566666667,152.542765030913,"1050022910",0.229915894150182,0.614956993456886,0.155127112392931,"normal",0.926060845337349
20000101,193.1557,265.529421810119,"1050022910",0.0015554265621298,0.112980390603431,0.885464182834439,"above",0.364126531290685
20010101,145.6732,137.771913023809,"1050022910",0.326630883054668,0.577350668127076,0.0960184488182555,"normal",0.907609045167591
20020101,279.362,252.121270587539,"1050022910",0.00353613510944694,0.170172854179331,0.826291010711222,"above",0.478989652390159
20030101,26.8303,83.1410867963097,"1050022910",0.733335658928135,0.257931271545822,0.00873306952604302,"below",0.618358562905044
20040101,196.158266666667,195.083731619167,"1050022910",0.0577413897827276,0.513600834688009,0.428657775529263,"normal",0.869997068664497
20050101,406.476133333333,318.207396155437,"1050022910",3.29797873334961e-05,0.0126233996930809,0.987343620519586,"above",0.0681083530716226
20060101,202.3919,231.982301524841,"1050022910",0.0107757578643192,0.282318392899609,0.706905849236072,"above",0.651068560947345
20070101,149.343566666667,173.22704194998,"1050022910",0.126090635962893,0.602562719470997,0.27134664456611,"normal",0.920272224455177
20080101,241.118766666667,220.783511617977,"1050022910",0.01883643079575,0.353911603625878,0.627251965578372,"above",0.7349831296748
20090101,134.474733333333,144.934131584008,"1050022910",0.27766267687659,0.600128054768022,0.122209268355388,"normal",0.919101690816573
20100101,72.8143333333333,78.838675415377,"1050022910",0.760331912814406,0.232744106286624,0.00692398089897039,"below",0.582060441068356
20110101,371.559066666667,297.612602455952,"1050022910",0.000167752150295205,0.0332775259367142,0.966554721912991,"above",0.14757711115628
20120101,95.1127666666667,102.604495547639,"1050022910",0.595202964155427,0.381762632416326,0.0230344034282476,"below",0.763300798537931
20130101,123.8153,161.793370962421,"1050022910",0.178610458201882,0.619006399842627,0.202383141955491,"normal",0.927890938401419
20140101,188.326533333333,174.709152680198,"1050022910",0.12016651685366,0.598760785192634,0.281072697953705,"normal",0.918439484202088
20150101,98.5874666666667,80.6599360813889,"1050022910",0.749089447450204,0.243265625289058,0.0076449272607374,"below",0.597549395413132
20160101,58.5318,80.8016095792857,"1050022910",0.748203358204742,0.244092956953797,0.00770368484146033,"below",0.5987471369506
20170101,141.268833333333,172.677957939663,"1050022910",0.128336217990282,0.603877330512051,0.267786451497667,"normal",0.920899670324235
20180101,111.9039,83.5453898655754,"1050022910",0.730722002236283,0.260355304719856,0.00892269304386129,"below",0.621713522650498
20190101,67.1318666666667,75.2484898229762,"1050022910",0.781665544679126,0.212657982147646,0.00567647317322817,"below",0.551111286534535
20200101,64.4021,85.978125737401,"1050022910",0.71472916030487,0.275129212663363,0.0101416270317668,"below",0.641662447058763
20210101,127.978766666667,83.0116064420042,"1050022910",0.734169977727182,0.25715692919433,0.00867309307848763,"below",0.617281875360491
20220101,191.7756,153.747464999524,"1050022910",0.222801198912817,0.616367157068962,0.160831644018221,"normal",0.926701551473983
20230101,326.777866666667,172.541327722123,"1050022910",0.128899280915338,0.604196490305096,0.266904228779566,"normal",0.921051516241162
20240101,334.156366666667,217.049779402857,"1050022910",0.0224751467819141,0.378313346607272,0.599211506610814,"above",0.759914362209641
20250101,147.508383333333,138.480868357639,"1050022910",0.321628689059975,0.579961088551495,0.0984102223885293,"normal",0.908976387983688
20260101,147.508383333333,126.663107701885,"1050022910",0.408572949998642,0.527497042070841,0.0639300079305173,"normal",0.878906261672211
19930101,20.3619,48.3801489750595,"1050022920",0.981330673479483,0.0180629869277191,0.0006063395927981,"below",0.0954886152704877
19940101,205.118766666667,173.838878829941,"1050022920",0.297559981158877,0.435603199488978,0.266836819352145,"normal",1.07520362547526
19950101,273.961333333333,210.96130230504,"1050022920",0.0959905333442124,0.34403608429769,0.559973382358098,"above",0.916753409000816
19960101,197.5659,179.993752536111,"1050022920",0.254740671173919,0.434674643991633,0.310584684834448,"normal",1.07367890745515
19970101,127.571033333333,162.841292936547,"1050022920",0.38119764580068,0.421557185727701,0.197245168471619,"normal",1.05197187412026
19980101,174.295,173.76465601377,"1050022920",0.298095797988951,0.435575348456977,0.266328853554072,"normal",1.07515791576128
19990101,162.2886,170.744256498869,"1050022920",0.320262050816062,0.433656597298674,0.246081351885264,"normal",1.07200545565057
20000101,195.133833333333,190.976101027917,"1050022920",0.187156760961499,0.417499013169317,0.395344225869184,"normal",1.04519191167009
20010101,176.911033333333,157.69358308744,"1050022920",0.422656090428641,0.408498047329413,0.168845862241947,"below",1.03004300795026
20020101,219.0684,190.262792351587,"1050022920",0.191178050145674,0.419189030433774,0.389632919420552,"normal",1.04801915930819
20030101,28.9229,52.3026250554562,"1050022920",0.977267752926979,0.021927472252947,0.000804774820073906,"below",0.111969140576514
20040101,149.669333333333,178.870677376329,"1050022920",0.2623066293907,0.435320800914745,0.302372569694555,"normal",1.07474008218678
20050101,403.499966666667,348.138924725754,"1050022920",1.57505418736239e-05,0.0012969751671299,0.998687274290996,"above",0.0101079716461394
20060101,150.408,168.975913093095,"1050022920",0.333550835281175,0.431827283924283,0.234621880794542,"normal",1.0689937446334
20070101,173.622133333333,141.795426048968,"1050022920",0.554119673699911,0.347340401542822,0.0985399247572667,"below",0.922779211418151
20080101,310.599566666667,312.006466793314,"1050022920",0.000325235283171197,0.0117161069743843,0.987958657742445,"above",0.0666795804050358
20090101,199.513,186.74126785502,"1050022920",0.211795937548622,0.426397453355712,0.361806609095667,"normal",1.06001839859175
20100101,58.9327666666667,99.2940606904165,"1050022920",0.846476265897119,0.138719021000848,0.0148047131020322,"below",0.47746662680258
20110101,454.9565,378.33444078619,"1050022920",8.2832590018123e-07,0.000136816028077913,0.999862355646022,"above",0.00136646952006537
20120101,153.290133333333,157.767929630139,"1050022920",0.42204997347256,0.408713670618792,0.169236355908648,"below",1.03040771796636
20130101,151.4837,169.798232051548,"1050022920",0.327343964967047,0.432742289066414,0.239913745966539,"normal",1.07050093146289
20140101,223.8364,206.855232424603,"1050022920",0.11138299955871,0.362557976601331,0.526059023839958,"above",0.950211741200533
20150101,120.6204,148.330294472182,"1050022920",0.499978715653079,0.375727302986543,0.124293981360377,"below",0.973542532336745
20160101,25.3659,48.2028913329165,"1050022920",0.981498651204867,0.0179028058245611,0.000598542970572269,"below",0.0947902965699456
20170101,173.385833333333,147.58884497121,"1050022920",0.506140290006296,0.372704476820495,0.121155233173208,"below",0.968220058727713
20180101,147.880533333333,166.03295976254,"1050022920",0.356129630969704,0.427648187929186,0.21622218110111,"normal",1.06209060700412
20190101,109.2158,129.122532343651,"1050022920",0.655447523505835,0.284449443441177,0.060103033052988,"below",0.803486471625863
20200101,80.7470666666667,88.177445360992,"1050022920",0.894899130800481,0.0970554836268595,0.00804538557265955,"below",0.364552795796106
20210101,151.034533333333,166.298795647262,"1050022920",0.354067783925662,0.428083115715618,0.21784910035872,"normal",1.06281051956565
20220101,162.632533333333,279.612213254683,"1050022920",0.00312061352640096,0.0538193228517198,0.943060063621879,"above",0.230558932850478
20230101,335.171933333333,340.414950685893,"1050022920",3.14799440116636e-05,0.00217107230610492,0.997797447749883,"above",0.0158406258970576
20240101,326.673233333333,135.015974633115,"1050022920",0.609225783652085,0.314579306857651,0.0761949094902641,"below",0.86188954932427
20250101,168.009183333333,180.998431060913,"1050022920",0.248070444728787,0.433917465741185,0.318012089530029,"normal",1.07243444607087
20260101,168.009183333333,149.656931019702,"1050022920",0.488955112649363,0.380993928229134,0.130050959121504,"below",0.982769965834237
19930101,204.069833333333,313.089017588888,"1050023020",0.742832984978327,0.257131875983391,3.51390382812289e-05,"below",0.570420607104094
19940101,443.5993,533.921042286111,"1050023020",0.315931901042437,0.681841477011353,0.00222662194620959,"normal",0.638741057432436
19950101,1117.0665,916.99928814444,"1050023020",0.00731484144907173,0.803747978897826,0.188937179653103,"normal",0.526401438563993
19960101,1413.92973333333,1114.46957646944,"1050023020",0.000277237926422599,0.448116960658236,0.551605801415342,"above",0.690136905026557
19970101,593.0178,698.707091222222,"1050023020",0.0928811723024535,0.884369702798775,0.022749124898771,"normal",0.415462572337381
19980101,327.616933333333,426.541063094445,"1050023020",0.528280193904362,0.471375641101935,0.000344164993703044,"below",0.694376737688914
19990101,1561.59343333333,1500.27152667777,"1050023020",2.82999030575873e-08,0.0176027958861339,0.982397175813963,"above",0.0885574402911677
20000101,521.918166666667,537.000567577776,"1050023020",0.310342409833232,0.687318219621623,0.00233937054514477,"normal",0.635012151445573
20010101,378.745233333333,511.884107074995,"1050023020",0.357099989435917,0.641346855797813,0.00155315476627027,"normal",0.662641483504514
20020101,651.392466666667,669.51995852222,"1050023020",0.120255816931554,0.863947952919021,0.0157962301494247,"normal",0.446586569551932
20030101,856.045066666667,784.136267441666,"1050023020",0.0391336304358441,0.901770508662425,0.0590958609017308,"normal",0.387220193122227
20040101,669.016033333333,612.842864886108,"1050023020",0.188515165172446,0.804138297860206,0.00734653696734799,"normal",0.525938730264912
20050101,1219.61993333333,1284.012943875,"1050023020",7.75065728557402e-06,0.159082664106439,0.840909585236275,"above",0.438243207202214
20060101,342.378933333333,601.326084283332,"1050023020",0.204859945197363,0.788910231672735,0.0062298231299025,"normal",0.543481198803661
20070101,1005.3847,784.100104533339,"1050023020",0.0391493143930164,0.901776627327974,0.0590740582790099,"normal",0.387209975946982
20080101,1741.93836666667,1607.344352775,"1050023020",1.13153207554762e-09,0.00397172127480205,0.996028277593666,"above",0.0259217302867563
20090101,1296.6434,1373.50635573333,"1050023020",8.77041210499439e-07,0.0726081056612088,0.927391017297581,"above",0.260346693471267
20100101,334.7502,481.164407472223,"1050023020",0.417278770879317,0.581799564246537,0.000921664874146133,"normal",0.686263464178314
20110101,1653.7955,1589.74704121388,"1050023020",1.95968768334097e-09,0.00516887336466909,0.994831124675643,"above",0.0323701708074462
20120101,545.117166666667,511.95294541111,"1050023020",0.356968445775252,0.641476622312111,0.00155493191263667,"normal",0.662575123388075
20130101,439.3219,485.634816352776,"1050023020",0.408362368930182,0.590641819713784,0.00099581135603366,"normal",0.683612271552286
20140101,996.443333333333,768.995170783336,"1050023020",0.0461614709479341,0.903332707063355,0.0505058219887105,"normal",0.384604950830936
20150101,574.1346,559.41708095,"1050023020",0.271027520723267,0.725643952033538,0.00332852724319488,"normal",0.605536862054632
20160101,135.026933333333,247.752358394446,"1050023020",0.838127273987912,0.161864564340241,8.16167184691796e-06,"below",0.442851202115972
20170101,857.7228,860.635030722221,"1050023020",0.0156713882124747,0.863437717663769,0.120890894123757,"normal",0.447336968256525
20180101,299.731933333333,425.709889491666,"1050023020",0.529974230490034,0.469686917066588,0.000338852443377946,"below",0.694139513992519
20190101,670.397833333333,652.278567124999,"1050023020",0.138874454243779,0.848510067211441,0.0126154785447801,"normal",0.468716785680527
20200101,360.279466666667,282.512474705556,"1050023020",0.79066535263411,0.209316664023735,1.79833421545261e-05,"below",0.513260139745016
20210101,546.619466666667,780.966790597222,"1050023020",0.0405277899243013,0.902263385274593,0.057208824801106,"normal",0.386396516084028
20220101,639.288,1060.56509844444,"1050023020",0.000744464415499057,0.557454918236185,0.441800617348316,"normal",0.692029641642012
20230101,1320.8868,1058.19109034444,"1050023020",0.000776289577881449,0.562218455615918,0.437005254806201,"normal",0.691078158718556
20240101,1118.01386666667,412.640701761111,"1050023020",0.556519961924421,0.443215306670806,0.000264731404773122,"below",0.688974428722532
20250101,645.340233333334,682.855840955554,"1050023020",0.10711425654945,0.874178695678163,0.0187070477723871,"normal",0.431262013843159
20260101,645.340233333334,629.626927011111,"1050023020",0.166183456176492,0.82452726310531,0.0092892807181979,"normal",0.50079532338988
19930101,286.849066666667,318.480665117628,"1050023050",0.576702187890799,0.413371256376363,0.00992655573283829,"below",0.728396381096483
19940101,447.365466666667,434.928643880224,"1050023050",0.298303903765034,0.647599064797462,0.0540970314375042,"normal",0.800011929819198
19950101,560.2754,544.720946652095,"1050023050",0.113000496164942,0.709496756817331,0.177502747017727,"normal",0.796742217798278
19960101,598.142566666667,444.973391522831,"1050023050",0.27704955543041,0.661658644391097,0.0612918001784926,"normal",0.800011477741482
19970101,392.191933333333,589.135826818892,"1050023050",0.0685878598854652,0.673326134991037,0.258086005123498,"normal",0.799676177897636
19980101,373.4886,347.434949712049,"1050023050",0.505487512929603,0.478711294032937,0.0158011930374603,"below",0.763044167956641
19990101,1357.14766666667,1163.20924493354,"1050023050",2.21542792586566e-07,0.00178506664121858,0.998214711815989,"above",0.0130835246179516
20000101,338.487733333333,617.917820871775,"1050023050",0.0479533785058981,0.633089979723119,0.318956641770983,"normal",0.799543897571334
20010101,212.099733333333,318.760111892387,"1050023050",0.576022968862604,0.414004453004872,0.00997257813252495,"below",0.728793179622609
20020101,384.1715,329.915206149184,"1050023050",0.548746125494702,0.439285486299544,0.0119683882057536,"below",0.743637895772538
20030101,765.167433333333,688.983714146803,"1050023050",0.017597425492954,0.494185236630255,0.488217337876791,"normal",0.769466768096273
20040101,589.3965,548.364534497841,"1050023050",0.1087246702475,0.707829094045042,0.183446235707458,"normal",0.796939632923205
20050101,486.257133333333,338.197340271673,"1050023050",0.528336921990186,0.457996907835178,0.0136661701746361,"below",0.7534031776007
20060101,195.977933333333,316.110990946485,"1050023050",0.582452525696109,0.408003786214388,0.00954368808950357,"below",0.724982816902823
20070101,436.385433333333,432.465822172038,"1050023050",0.303626302661284,0.643934469639876,0.0524392276988404,"normal",0.7999388948315
20080101,1272.62173333333,1032.65342507006,"1050023050",1.12189702089596e-05,0.0177002667175093,0.982288514312282,"above",0.0890875593681666
20090101,709.515633333333,585.908439589266,"1050023050",0.0712751386776253,0.677069159381661,0.251655701940714,"normal",0.799504840121223
20100101,569.631333333333,585.133168123247,"1050023050",0.0719325516907433,0.677943708526096,0.250123739783161,"normal",0.799460365098587
20110101,440.303233333333,410.530055758209,"1050023050",0.352770251586386,0.607838668632369,0.039391079781245,"normal",0.797574001093911
20120101,783.968133333333,621.575405852838,"1050023050",0.0457314077760129,0.627162085188279,0.327106507035708,"normal",0.799214183691293
20130101,305.300366666667,441.325419353462,"1050023050",0.284682374168702,0.656720665190983,0.0585969606403151,"normal",0.800062157691102
20140101,341.705433333333,353.450377271268,"1050023050",0.490593847732702,0.49206586644433,0.0173402858229674,"normal",0.768625826957653
20150101,223.304533333333,316.248847035547,"1050023050",0.582118469172679,0.40831592830516,0.00956560252216143,"below",0.725183788468959
20160101,271.2379,329.93764472697,"1050023050",0.548690980470936,0.439336290717875,0.0119727288111896,"below",0.743665796977584
20170101,890.794333333333,562.903583128746,"1050023050",0.0928217267602544,0.698802855511026,0.208375417728719,"normal",0.797904661670165
20180101,292.875666666667,503.970891703826,"1050023050",0.169080738214067,0.711489898814004,0.119429362971929,"normal",0.796498478645848
20190101,452.1272,511.072492854565,"1050023050",0.158200481593008,0.713353416609398,0.128446101797594,"normal",0.796262925654763
20200101,646.425066666667,562.903583128746,"1050023050",0.0928217267602544,0.698802855511026,0.208375417728719,"normal",0.797904661670165
20210101,614.526933333333,514.56243076353,"1050023050",0.153025836552878,0.713927979608437,0.133046183838684,"normal",0.796188807306953
20220101,860.701133333333,520.990366841574,"1050023050",0.143791742189964,0.714395555279566,0.14181270253047,"normal",0.796127971615004
20230101,843.457466666667,508.217864368556,"1050023050",0.162517536545648,0.712716047088683,0.12476641636567,"normal",0.796344323437524
20240101,927.931733333333,552.327579573313,"1050023050",0.104207440616669,0.705742648206894,0.190049911176437,"normal",0.797178242166658
20250101,469.192166666666,485.642897143971,"1050023050",0.199320938215788,0.70243106735056,0.0982479944336517,"normal",0.79753779490017
20260101,469.192166666666,545.563327807571,"1050023050",0.112001434613515,0.709132627462075,0.17886593792441,"normal",0.796785830197484
19930101,12.5849,16.4309673423786,"1050023060",0.548813225955944,0.44662809811043,0.00455867593362624,"below",0.713856116082425
19940101,8.4777,17.7078865051425,"1050023060",0.49170288322997,0.501430365671891,0.00686675109813928,"normal",0.729386720403177
19950101,20.4066666666667,22.3091576269445,"1050023060",0.295372928221014,0.67887188154664,0.0257551902323451,"normal",0.717396081529408
19960101,46.7091,38.0252242277063,"1050023060",0.0106262849772201,0.561382801781788,0.427990913240991,"normal",0.735621881987776
19970101,35.5319333333333,36.5209899785546,"1050023060",0.0164023523186706,0.620613389897652,0.362984257783678,"normal",0.731327541928185
19980101,10.074,16.3745920361833,"1050023060",0.551320120382654,0.444204851733044,0.00447502788430265,"below",0.71294304029821
19990101,94.6697333333333,70.9287391778645,"1050023060",9.85364351178604e-10,0.000219675087702376,0.999780323926933,"above",0.00207007493845371
20000101,15.0290333333333,33.2342057391174,"1050023060",0.038765689228625,0.725399752313145,0.23583455845823,"normal",0.699566264916239
20010101,11.4233333333333,19.1610929116042,"1050023060",0.426980014938362,0.562321076736213,0.0106989083254249,"normal",0.73563350022368
20020101,34.4594,26.1472952963083,"1050023060",0.166279303349163,0.768959196623445,0.0647615000273922,"normal",0.677593442096673
20030101,17.5149333333333,23.2501466532083,"1050023060",0.259957539308398,0.707267009633572,0.03277545105803,"normal",0.707213194075174
20040101,25.7385666666667,21.5907859316919,"1050023060",0.323819023517597,0.654896400823892,0.0212845756585116,"normal",0.724272935579962
20050101,16.6601666666667,16.3398410397523,"1050023060",0.552864412315307,0.442711436814953,0.00442415086974002,"below",0.712370541876816
20060101,28.322,34.896407279059,"1050023060",0.0254725270040272,0.677516348978064,0.297011124017909,"normal",0.717827115713589
20070101,29.5218666666667,25.2345612691065,"1050023060",0.193128085771657,0.754097907228156,0.0527740070001868,"normal",0.685658732915901
20080101,80.5621666666667,66.0035824760019,"1050023060",2.5633901586524e-08,0.00152872074419441,0.998471253621904,"above",0.0114392172160758
20090101,62.8045,62.8817092564214,"1050023060",1.73350311674122e-07,0.00451170213183072,0.995488124517858,"above",0.0288724480251689
20100101,27.0217333333333,22.9890906766215,"1050023060",0.26955926716103,0.699755174838777,0.0306855580001932,"normal",0.710120576803798
20110101,39.3411,39.1302726151684,"1050023060",0.00759912453480653,0.515263086607799,0.477137788857394,"normal",0.731799149004783
20120101,25.9471333333333,22.4713083099195,"1050023060",0.289114570536453,0.684019094071656,0.0268663353918912,"normal",0.715713486606169
20130101,12.5806666666667,26.0216123378397,"1050023060",0.169826137955761,0.767178633680643,0.0629952283635959,"normal",0.678590688436693
20140101,17.5462333333333,22.2349544052724,"1050023060",0.298257509253729,0.67648280541174,0.0252596853345307,"normal",0.718152374875506
20150101,14.3094,16.4871688758153,"1050023060",0.546312119321525,0.449044427975549,0.00464345270292665,"below",0.714747083558626
20160101,26.0822666666667,26.3368733469384,"1050023060",0.161020510611279,0.771481328959897,0.0674981604288241,"normal",0.676166476668697
20170101,48.6887666666667,37.1990638252976,"1050023060",0.0135301291008698,0.594547133452262,0.391922737446868,"normal",0.734466181117754
20180101,37.2724333333333,37.1990638252976,"1050023060",0.0135301291008698,0.594547133452262,0.391922737446868,"normal",0.734466181117754
20190101,46.2510333333333,37.1990638252976,"1050023060",0.0135301291008698,0.594547133452262,0.391922737446868,"normal",0.734466181117754
20200101,28.3471666666667,37.1990638252976,"1050023060",0.0135301291008698,0.594547133452262,0.391922737446868,"normal",0.734466181117754
20210101,39.7404666666667,37.1990638252976,"1050023060",0.0135301291008698,0.594547133452262,0.391922737446868,"normal",0.734466181117754
20220101,55.825,37.1990638252976,"1050023060",0.0135301291008698,0.594547133452262,0.391922737446868,"normal",0.734466181117754
20230101,46.7042333333333,37.1990638252976,"1050023060",0.0135301291008698,0.594547133452262,0.391922737446868,"normal",0.734466181117754
20240101,29.8141666666667,37.1990638252976,"1050023060",0.0135301291008698,0.594547133452262,0.391922737446868,"normal",0.734466181117754
20250101,28.3345833333333,31.4029980288144,"1050023060",0.0594443402367907,0.763203623734384,0.177352036028825,"normal",0.680786634799607
20260101,28.3345833333333,32.8741323056842,"1050023060",0.0422873296969346,0.734151261775655,0.223561408527411,"normal",0.695558842685831
19930101,18.7552666666667,28.9023200003704,"1050023130",0.499675855894572,0.475504646806756,0.0248194972986721,"below",0.791888923194585
19940101,28.8449666666667,29.8420346952911,"1050023130",0.491952548860058,0.482081689924948,0.0259657612149937,"below",0.795525148099478
19950101,117.002166666667,101.04115338711,"1050023130",0.0684968222749913,0.614748823166075,0.316754354558934,"normal",0.846888506268688
19960101,87.5494,102.83145668623,"1050023130",0.0637586588522936,0.606239742754038,0.330001598393669,"normal",0.844774848411057
19970101,28.9166333333333,37.8623657783135,"1050023130",0.42645167574484,0.535884078707927,0.0376642455472336,"normal",0.821253350776073
19980101,26.5987333333333,41.0203171627712,"1050023130",0.40110880579294,0.555571353512084,0.0433198406949757,"normal",0.828950815990855
19990101,126.576966666667,115.862433605258,"1050023130",0.0365311612539109,0.531527229511079,0.43194160923501,"normal",0.819428618708209
20000101,28.4928333333333,99.2709507414949,"1050023130",0.0734444012150863,0.622672765529638,0.303882833255275,"normal",0.848720144415411
20010101,20.9201333333333,34.5320430230026,"1050023130",0.453508871810832,0.514122868703424,0.0323682594857446,"normal",0.811691958405804
20020101,47.2884333333333,40.3851117962765,"1050023130",0.406176706143057,0.55169303643507,0.0421302574218732,"normal",0.827504735583134
20030101,53.5374666666667,44.8073041189947,"1050023130",0.371266456204216,0.577748139096567,0.050985404699217,"normal",0.836570063212755
20040101,57.5331333333333,41.8675675911178,"1050023130",0.394375086816155,0.56067632621256,0.0449485869712849,"normal",0.830802305776412
20050101,45.7063,36.0712645046098,"1050023130",0.440968804502543,0.524296962385538,0.0347342331119187,"normal",0.816301984412496
20060101,61.7590333333333,97.6887530451721,"1050023130",0.0780937695954722,0.629326260105195,0.292579970299333,"normal",0.850157264876581
20070101,100.803866666667,101.147911172262,"1050023130",0.0682068702766633,0.614255164636414,0.317537965086923,"normal",0.846770048752557
20080101,223.605466666667,155.532176997698,"1050023130",0.00453039285257396,0.254648856594926,0.7408207505525,"above",0.595020442777984
20090101,156.877933333333,139.946514683333,"1050023130",0.011050063669657,0.361628160070606,0.627321776259737,"above",0.710127515421274
20100101,24.6552666666667,30.7394802997421,"1050023130",0.484579417035484,0.488319099720736,0.0271014832437799,"normal",0.798872223778859
20110101,171.2574,156.151907159616,"1050023130",0.00436410309420623,0.250697447583715,0.744938449322079,"above",0.589907939232836
20120101,57.6761333333333,40.9615791834789,"1050023130",0.401576755335231,0.55521453153493,0.043208713129839,"normal",0.828819197781049
20130101,17.5995,35.7975394685912,"1050023130",0.443194894022232,0.522501709493571,0.034303396484197,"normal",0.815506481645807
20140101,28.0009,32.5602268157672,"1050023130",0.469639570253097,0.500827202781466,0.0295332269654366,"normal",0.805290943426462
20150101,21.6521666666667,30.9592128034789,"1050023130",0.482774870096822,0.489839343233376,0.0273857866698021,"normal",0.79967316608996
20160101,50.9322333333333,44.5515131881746,"1050023130",0.373260175902389,0.576304089887624,0.0504357342099864,"normal",0.836107219170565
20170101,91.6212666666667,103.007604703439,"1050023130",0.0633065987418586,0.605376459229058,0.331316942029083,"normal",0.84455185578875
20180101,132.871833333333,105.119349758757,"1050023130",0.0580793941375763,0.594676503063967,0.347244102798457,"normal",0.841656089439331
20190101,109.003666666667,98.2508382257409,"1050023130",0.0764171308816535,0.627009881992071,0.296572987126275,"normal",0.849667334011825
20200101,62.2429,101.94651683631,"1050023130",0.066067833731669,0.610506615723796,0.323425550544535,"normal",0.84585383420314
20210101,130.378866666667,101.94651683631,"1050023130",0.066067833731669,0.610506615723796,0.323425550544535,"normal",0.84585383420314
20220101,239.153033333333,101.94651683631,"1050023130",0.066067833731669,0.610506615723796,0.323425550544535,"normal",0.84585383420314
20230101,279.0561,77.9259441150196,"1050023130",0.156046437519528,0.673667142314715,0.170286420165757,"normal",0.857437062205071
20240101,157.468333333333,76.687404142275,"1050023130",0.162232767586386,0.673866414944142,0.163900817469472,"normal",0.857460933721903
20250101,59.7175833333333,39.6741870663094,"1050023130",0.411867385058977,0.547302246067768,0.0408303688732553,"normal",0.825826173371199
20260101,59.7175833333333,52.9727377846692,"1050023130",0.309688882850951,0.619142387044645,0.0711687301044048,"normal",0.847920283507372
19930101,21.7625,30.9079820711905,"1050023140",0.495729251545292,0.477743588059871,0.0265271603948375,"below",0.797048571316814
19940101,29.0091666666667,31.7021270077513,"1050023140",0.48925679379037,0.483203636760153,0.0275395694494779,"below",0.800121944676067
19950101,117.265566666667,100.477922199854,"1050023140",0.0760351187987925,0.619963596668118,0.304001284533089,"normal",0.854291667672419
19960101,91.5685333333333,102.989119790483,"1050023140",0.0689615806030879,0.608859480542422,0.32217893885449,"normal",0.851429296248229
19970101,30.8134666666667,38.8382932449537,"1050023140",0.43142445776658,0.530414365920969,0.0381611763124508,"normal",0.823648526527294
19980101,26.6606,41.5404071708465,"1050023140",0.409837818482017,0.547192846774174,0.0429693347438088,"normal",0.830740921649115
19990101,128.351833333333,119.337888337566,"1050023140",0.0345602930515039,0.516188396825095,0.449251310123401,"normal",0.817122658755713
20000101,28.4652,102.515639544444,"1050023140",0.0702549729119444,0.611027915177659,0.318717111910397,"normal",0.852008392409489
20010101,21.7813333333333,35.5796495039285,"1050023140",0.457726305365817,0.50931760014046,0.0329560944937227,"normal",0.813799173413943
20020101,48.8962333333333,41.0107126824603,"1050023140",0.414050120842911,0.543959817208661,0.0419900619484275,"normal",0.829424478901937
20030101,54.1214666666667,45.4578824223412,"1050023140",0.379037512718941,0.570165459471649,0.0507970278094099,"normal",0.839418166505085
20040101,58.4170666666667,42.5655019790277,"1050023140",0.401715826723082,0.553367316337767,0.0449168569391514,"normal",0.833189248030152
20050101,46.8515333333333,38.2064661490476,"1050023140",0.436504198439883,0.526393157580627,0.0371026439794905,"normal",0.821852052266263
20060101,63.0933333333333,97.7401057247816,"1050023140",0.0843621876307248,0.630915524625834,0.284722287743441,"normal",0.856865948584185
20070101,100.0886,100.472814157163,"1050023140",0.0760500498645721,0.61998517157387,0.303964778561558,"normal",0.854296980756657
20080101,225.112933333333,159.583230830694,"1050023140",0.00414553698702182,0.239445778898337,0.756408684114641,"above",0.576181066014983
20090101,164.3258,144.023606641627,"1050023140",0.0101152723306672,0.34302336441859,0.646861363250743,"above",0.695274640157147
20100101,27.324,32.6979874947222,"1050023140",0.481144509844133,0.490001032334973,0.0288544578208938,"normal",0.803843729069864
20110101,174.0872,159.628992338194,"1050023140",0.00413411325186775,0.239164258990647,0.756701627757485,"above",0.575797530110491
20120101,59.8111,42.5487087630291,"1050023140",0.401848550915658,0.553267059719518,0.0448843893648244,"normal",0.833150180942224
20130101,18.5655333333333,34.7162268737037,"1050023140",0.464731357776223,0.503589088721649,0.031679553502128,"normal",0.810941562655207
20140101,30.2409333333333,34.7346769257407,"1050023140",0.464581548086233,0.503712054163859,0.0317063977499079,"normal",0.811003735821355
20150101,22.8540333333333,32.5904475994048,"1050023140",0.482020214185906,0.489269786557867,0.0287099992562264,"normal",0.80344886991281
20160101,51.7622666666667,45.2574220551455,"1050023140",0.380596891697992,0.569032458389194,0.0503706499128143,"normal",0.839017703726664
20170101,94.2837666666667,103.469069048036,"1050023140",0.0676693275392606,0.606626795900908,0.325703876559831,"normal",0.850822778107498
20180101,133.508333333333,105.667567515985,"1050023140",0.0619877176231746,0.595965885871437,0.342046396505389,"normal",0.847782205806578
20190101,111.996566666667,99.3942066196428,"1050023140",0.0792531377706442,0.624446395786133,0.296300466443223,"normal",0.855375048326779
20200101,63.5689666666667,102.612170011257,"1050023140",0.0699897806057825,0.610588599722634,0.319421619671583,"normal",0.851891862150478
20210101,133.188466666667,102.612170011257,"1050023140",0.0699897806057825,0.610588599722634,0.319421619671583,"normal",0.851891862150478
20220101,242.3387,102.612170011257,"1050023140",0.0699897806057825,0.610588599722634,0.319421619671583,"normal",0.851891862150478
20230101,279.4041,77.0363287237035,"1050023140",0.170227847501436,0.669153548243479,0.160618604255085,"normal",0.863962178795696
20240101,158.924533333333,75.8258081094244,"1050023140",0.176566312318673,0.668774595505074,0.154659092176253,"normal",0.86390601049784
20250101,61.4522166666667,39.932808874365,"1050023140",0.422652064161245,0.537294856401904,0.0400530794368513,"normal",0.826635260143709
20260101,61.4522166666667,59.5284198925461,"1050023140",0.275748368365265,0.635689916030109,0.0885617156046262,"normal",0.857911669088745
19930101,1108.94577777778,1122.10607900001,"1050023300",0.311455759305511,0.486533589933613,0.202010650760876,"normal",1.03693819055339
19940101,1042.3422962963,1088.53634083332,"1050023300",0.390241344386444,0.462323915611923,0.147434740001632,"normal",1.00613580843078
19950101,1129.59577777778,1145.15544605554,"1050023300",0.261735999528098,0.492596331383148,0.245667669088754,"normal",1.0444885037987
19960101,1200.70296296296,1183.60039629628,"1050023300",0.188893960254953,0.482660528961654,0.328445510783393,"normal",1.03208105452706
19970101,1236.16207407407,1180.05136746295,"1050023300",0.195044263401376,0.484610013743187,0.320345722855437,"normal",1.03452917753147
19980101,1039.64374074074,1076.62597432715,"1050023300",0.419526379261622,0.449772674129611,0.130700946608767,"normal",0.989742896695524
19990101,1064.60148148148,1090.42826124073,"1050023300",0.385641744657827,0.46413880559236,0.150219449749813,"normal",1.00848185808926
20000101,1341.5167037037,1352.66480218518,"1050023300",0.0252983171819061,0.239475730926857,0.735225951891237,"above",0.661444674548451
20010101,1233.1282962963,1206.23994492593,"1050023300",0.152527565465836,0.465588262977907,0.381884171556257,"normal",1.01035115947
20020101,1042.78785185185,1078.61476708643,"1050023300",0.414600506421932,0.451999643098869,0.133399850479199,"normal",0.992673153044216
20030101,1024.63366666667,1049.10611485186,"1050023300",0.488647434734727,0.414162257274309,0.0971903079909641,"below",0.941569065344845
20040101,1259.409,1334.75245594444,"1050023300",0.0327953281823334,0.27047355678363,0.696731115034037,"above",0.717510864319068
20050101,1217.40011111111,1166.07551700618,"1050023300",0.220423358492976,0.490274609894951,0.289302031612073,"normal",1.04160469945706
20060101,1141.23114814815,1123.03418335187,"1050023300",0.309376639597448,0.48694977056719,0.203673589835362,"normal",1.03745854248889
20070101,1050.12211111111,1048.8097886111,"1050023300",0.489397372114783,0.413735140976847,0.0968674869083692,"below",0.940975748734172
20080101,1174.38037037037,1163.78231805554,"1050023300",0.224761278040237,0.490892362650139,0.284346359309624,"normal",1.0423729246068
20090101,1479.13640740741,1415.86746462964,"1050023300",0.00923701186690861,0.142317598957027,0.848445389176064,"above",0.460188530976032
20100101,1523.91140740741,1457.41187301852,"1050023300",0.00440133548765136,0.0935289701471933,0.902069694365155,"above",0.338466832864886
20110101,1469.95011111111,1420.32541346297,"1050023300",0.00855655549750462,0.136453063591461,0.854990380911034,"above",0.446469116457562
20120101,1174.12874074074,1099.49180800925,"1050023300",0.363839382935101,0.472117061995461,0.164043555069438,"normal",1.01872335032564
20130101,1097.67659259259,1095.5040331605,"1050023300",0.373382464915298,0.468754910801736,0.157862624282965,"normal",1.01442162296337
20140101,918.220962962963,934.872908283945,"1050023300",0.756935521499454,0.221510784777562,0.0215536937229842,"below",0.627374958315249
20150101,901.027481481481,927.403105111104,"1050023300",0.771526460114654,0.209250756953676,0.0192227829316706,"below",0.603398371601886
20160101,950.057407407407,962.819897833336,"1050023300",0.698162699779553,0.269341262522015,0.0324960376984327,"below",0.715519580261544
20170101,1120.543,1091.72179303085,"1050023300",0.382506122927208,0.465350433359128,0.152143443713664,"normal",1.01004470634948
20180101,921.591333333333,954.635247279618,"1050023300",0.716022016375699,0.255080740789554,0.028897242834747,"below",0.690080180133948
20190101,990.03062962963,1033.48646395246,"1050023300",0.528167381561065,0.390603729893492,0.0812288885454435,"below",0.908266903393308
20200101,1135.66685185185,1012.75214026727,"1050023300",0.580138086251968,0.356659732890234,0.0632021808577974,"below",0.85811300527997
20210101,1118.37925925926,1103.01821662963,"1050023300",0.355469971775932,0.474891604406348,0.16963842381772,"normal",1.02225781832061
20220101,1396.34892592593,1033.48646395246,"1050023300",0.528167381561065,0.390603729893492,0.0812288885454435,"below",0.908266903393308
20230101,1495.00492592593,1075.05692530123,"1050023300",0.423421583873654,0.447979945813518,0.128598470312828,"normal",0.987377153966631
20240101,1585.71592592593,1018.60560293394,"1050023300",0.565567316883765,0.366489861797462,0.0679428213187728,"below",0.872912583545197
20250101,1538.71766666667,1033.48646395246,"1050023300",0.528167381561065,0.390603729893492,0.0812288885454435,"below",0.908266903393308
20260101,1135.66685185185,1143.62573835185,"1050023300",0.264905402393462,0.492472929809811,0.242621667796727,"normal",1.04433546283163
19930101,406.627294117647,568.406793551682,"1050023310",0.133553030287192,0.442304123760762,0.424142845952046,"normal",0.99347041198738
19940101,375.557647058824,365.793241769381,"1050023310",0.297132823505508,0.481740330480739,0.221126846013753,"normal",1.04611690459517
19950101,663.340882352941,739.609387179243,"1050023310",0.055091253371172,0.328403321914082,0.616505424714746,"above",0.82357423012298
19960101,1315.62488235294,916.239626453688,"1050023310",0.0178444538311569,0.194185870071431,0.787969676097412,"above",0.577871540352968
19970101,1120.29891176471,918.459450901401,"1050023310",0.0175684695488251,0.192634019784929,0.789797510666246,"above",0.574642105641251
19980101,197.112617647059,195.125069205515,"1050023310",0.481429877522662,0.413738623900544,0.104831498576794,"below",0.953492712056004
19990101,856.791617647059,874.552782765569,"1050023310",0.0237552320841177,0.224287068985538,0.751957698930344,"above",0.638478637052237
20000101,681.452647058824,866.819939158006,"1050023310",0.0250156487241336,0.230048337028574,0.744936014247293,"above",0.649663817364334
20010101,417.974794117647,369.481290743984,"1050023310",0.293506676070739,0.48223452284722,0.224258801082042,"normal",1.04675886518599
20020101,273.4065,204.215183941317,"1050023310",0.471119584362683,0.419269892172311,0.109610523465006,"below",0.961360696531725
20030101,189.239205882353,149.405104384121,"1050023310",0.533334652198457,0.383595213413909,0.0830701343876339,"below",0.909490207783465
20040101,143.990470588235,276.430439390803,"1050023310",0.390452309996111,0.45637426491029,0.153173425093598,"normal",1.01258142742871
20050101,417.171264705882,278.002286570804,"1050023310",0.388735104351044,0.457030576021001,0.154234319627955,"normal",1.01346383540612
20060101,175.288470588235,262.011283016871,"1050023310",0.406300659947812,0.450031900683107,0.14366743936908,"normal",1.00401287730802
20070101,228.372029411765,220.976476994731,"1050023310",0.452164112737875,0.429007170353289,0.118828716908836,"below",0.975061853756838
20080101,356.852176470588,365.422401481705,"1050023310",0.297498570020478,0.481688117192875,0.220813312786647,"normal",1.04604905406955
20090101,800.892588235294,874.115769096451,"1050023310",0.0238250117273984,0.224611344313481,0.751563643959121,"above",0.639111570336327
20100101,134.525235294118,140.389176922631,"1050023310",0.543531347534904,0.377256700204207,0.0792119522608888,"below",0.899986594493324
20110101,87.1851470588235,142.421979589683,"1050023310",0.541234578902403,0.378695642563066,0.0800697785345313,"below",0.902151951630723
20120101,92.6185588235294,158.585355898302,"1050023310",0.522929623947081,0.389928233131133,0.0871421429217866,"below",0.918896710379572
20130101,124.109,145.934691385475,"1050023310",0.537262527370811,0.381168832008186,0.0815686406210032,"below",0.905862822267888
20140101,203.451,159.659422211613,"1050023310",0.521711102302694,0.390660764908905,0.0876281327884008,"below",0.919979084061166
20150101,131.563,200.020764791783,"1050023310",0.47587504121018,0.416738693863034,0.107386264926786,"below",0.957767901657519
20160101,140.665088235294,215.661673497496,"1050023310",0.458164944023407,0.425986774691172,0.115848281285421,"below",0.970832129783765
20170101,287.776794117647,231.289694643896,"1050023310",0.440552006975458,0.434682235428903,0.12476575759564,"below",0.982960560067194
20180101,216.486411764706,167.701178559191,"1050023310",0.512582111634607,0.396086626274461,0.0913312620909326,"below",0.927960060018398
20190101,56.7666764705882,136.990107947958,"1050023310",0.547368511444498,0.374838344540602,0.0777931440148991,"below",0.896336872060837
20200101,552.272794117647,175.419810930596,"1050023310",0.503813665058396,0.401192814349914,0.0949935205916905,"below",0.935413189840717
20210101,413.101323529412,229.977025819217,"1050023310",0.442027375547953,0.433973842408788,0.123998782043259,"below",0.98197804169217
20220101,1155.93855882353,132.820793239158,"1050023310",0.552069124959199,0.371851607586299,0.0760792674545024,"below",0.891811043519766
20230101,1790.14488235294,188.787725223069,"1050023310",0.48862566186158,0.409784167611205,0.101590170527216,"below",0.947829303808906
20240101,726.667823529412,132.820793239158,"1050023310",0.552069124959199,0.371851607586299,0.0760792674545024,"below",0.891811043519766
20250101,322.314485294118,234.965659161134,"1050023310",0.436424875470109,0.436643928777295,0.126931195752596,"normal",0.985676272737412
20260101,322.314485294118,275.797490229668,"1050023310",0.391144397944877,0.45610800743955,0.152747594615573,"normal",1.01222321789384
19930101,252.055125,296.617761503907,"1050023890",0.412401269235558,0.395994463743603,0.191604267020839,"below",1.04871154398734
19940101,272.4999375,356.96389607031,"1050023890",0.300151925662498,0.415308575861275,0.284539498476228,"normal",1.08380125663162
19950101,571.09621875,539.733038399739,"1050023890",0.0748748934993234,0.289404315844328,0.635720790656349,"above",0.840891094421556
19960101,1003.07409375,748.463458867183,"1050023890",0.0064404609122633,0.0752677789516978,0.918291760136039,"above",0.305463822092322
19970101,451.1176875,427.69553679427,"1050023890",0.189800817721865,0.395214752503153,0.414984429774981,"above",1.04728007431684
19980101,219.04909375,269.607357589845,"1050023890",0.465759002455904,0.377378572569898,0.156862424974198,"below",1.01420799522682
19990101,470.89465625,422.420836270835,"1050023890",0.197056596558323,0.398239563325522,0.404703840116154,"above",1.05282676061283
20000101,424.3394375,431.091291890623,"1050023890",0.185217794900827,0.393147906198686,0.421634298900487,"above",1.04347985161159
20010101,526.96475,513.152389320311,"1050023890",0.0955836853627041,0.319782849078015,0.584633465559281,"above",0.902809327134332
20020101,341.30703125,320.120235002604,"1050023890",0.367222051703316,0.407399021725461,0.225378926571223,"normal",1.06951609516013
20030101,354.1675,318.633444190104,"1050023890",0.370033466804735,0.40681933356974,0.223147199625526,"normal",1.06846455631342
20040101,119.0855,197.82343952604,"1050023890",0.607960844551202,0.306286080853709,0.0857530745950891,"below",0.875591028965956
20050101,265.347625,236.234481369791,"1050023890",0.532440148711158,0.347517929914559,0.120041921374284,"below",0.957372764131428
20060101,536.254375,478.80348130469,"1050023890",0.128208795015467,0.355229058334907,0.516562146649625,"above",0.972232583516357
20070101,166.806375,175.282244641927,"1050023890",0.650635092617752,0.27998266796612,0.0693822394161282,"below",0.821193180536833
20080101,411.16209375,425.582647865888,"1050023890",0.192687324803079,0.396453759964912,0.410858915232009,"above",1.04955421441738
20090101,420.42825,388.355619632812,"1050023890",0.247818728404977,0.412012339918105,0.340168931676917,"normal",1.07786214713344
20100101,401.838625,320.25496585677,"1050023890",0.366967634115771,0.407450580829716,0.225581785054513,"normal",1.06960959146844
20110101,253.7115,322.481943688801,"1050023890",0.362770883203513,0.408279333628636,0.228949783167851,"normal",1.07111175267313
20120101,353.00009375,359.366950167969,"1050023890",0.295974731191283,0.415384144950085,0.288641123858632,"normal",1.08393718120877
20130101,128.553625,229.032844860677,"1050023890",0.54677445710039,0.340256403607442,0.112969139292168,"below",0.943258554693143
20140101,601.08003125,658.750274743488,"1050023890",0.0208150346920147,0.151813917365773,0.827371047942212,"above",0.523570332026267
20150101,186.99590625,199.074331558594,"1050023890",0.605548697770653,0.307711513670491,0.086739788558856,"below",0.87848715024541
20160101,162.4240625,212.797279365886,"1050023890",0.578839476246525,0.323033456199875,0.0981270675535998,"below",0.909297766086104
20170101,160.67603125,187.429171255209,"1050023890",0.627836163310193,0.294287163134632,0.0778766735551749,"below",0.851004762526493
20180101,354.49528125,356.915483178385,"1050023890",0.300236354444407,0.415306493220986,0.284457152334607,"normal",1.08379751048051
20190101,234.4023125,211.419740126302,"1050023890",0.581539243988581,0.321523936953256,0.0969368190581625,"below",0.906287835396342
20200101,418.09025,220.425141522136,"1050023890",0.563826244586317,0.331261732611451,0.104912022802232,"below",0.925609083800663
20210101,562.24884375,365.095921270834,"1050023890",0.28612541095877,0.415344325498332,0.298530263542897,"normal",1.08386556008133
20220101,835.99459375,298.417009846355,"1050023890",0.408892723227713,0.397032443591838,0.194074833180449,"below",1.0506153450276
20230101,1264.077375,312.908043303385,"1050023890",0.380923571807532,0.404404801255702,0.214671626936766,"normal",1.06407785901864
20240101,469.40278125,212.797279365886,"1050023890",0.578839476246525,0.323033456199875,0.0981270675535998,"below",0.909297766086104
20250101,378.166953125,334.622195330729,"1050023890",0.340192988894589,0.412009045015659,0.247797966089752,"normal",1.0778562003837
20260101,378.166953125,307.599872789062,"1050023890",0.39110526046423,0.401911248682942,0.206983490852828,"normal",1.05953603130508
19930101,529.5107,563.911109699999,"1050023900",0.0244608239468586,0.244138603258403,0.731400572794738,"above",0.66378416445409
19940101,307.993533333333,353.635435216669,"1050023900",0.181826173281071,0.489577303860698,0.328596522858231,"normal",1.02532543084194
19950101,587.995533333333,487.3036294,"1050023900",0.0567349938383975,0.35209036073201,0.591174645429592,"above",0.841076298716981
19960101,510.170233333333,540.45205588333,"1050023900",0.0320903625591054,0.276904007721786,0.691005629719109,"above",0.72133400013038
19970101,596.532733333333,566.391302866667,"1050023900",0.0237515689138945,0.240737383052057,0.735511048034048,"above",0.657596575297635
19980101,77.4099666666667,87.0813975666673,"1050023900",0.668706598386384,0.294450871606103,0.0368425300075123,"below",0.750723436948071
19990101,396.182966666667,415.875154849995,"1050023900",0.110772790810622,0.440861271393883,0.448365937795495,"above",0.96446166317748
20000101,606.8704,525.78084786667,"1050023900",0.03779187657824,0.297740840267748,0.664467283154012,"above",0.756129936914037
20010101,411.056266666667,472.885402983339,"1050023900",0.0655157394856779,0.371780699166249,0.562703561348073,"above",0.869975529520138
20020101,225.458466666667,212.988756699999,"1050023900",0.421185571179749,0.454432707839065,0.124381720981186,"normal",0.981866290249451
20030101,228.3251,212.056498399997,"1050023900",0.423026021017434,0.453554477002716,0.12341950197985,"normal",0.98075078294821
20040101,44.6482666666667,57.0871478999993,"1050023900",0.721621840183085,0.252181373180396,0.0261967866365196,"below",0.678250598937818
20050101,194.150833333333,204.639302099997,"1050023900",0.437725585411799,0.446324894083156,0.115949520505045,"normal",0.971511517091187
20060101,357.0673,389.135334866666,"1050023900",0.138402311411161,0.46597507928786,0.395622609300979,"normal",0.996391128048061
20070101,65.8151,72.2164604000004,"1050023900",0.695442972081899,0.273365127498105,0.0311919004199966,"below",0.7152902387027
20080101,420.887,453.392067416663,"1050023900",0.0790187992629799,0.397264934333427,0.523716266403593,"above",0.906033488156527
20090101,385.757233333333,441.863546599996,"1050023900",0.0879414724494546,0.411531431932714,0.500527095617831,"above",0.925591020548326
20100101,378.212633333333,328.403333300003,"1050023900",0.217362728391912,0.49866744961378,0.283969821994309,"normal",1.03620305023197
20110101,227.815,286.291253516668,"1050023900",0.28478854682372,0.498557901095466,0.216653552080814,"normal",1.03607282142259
20120101,166.0247,199.199232233334,"1050023900",0.44856293807187,0.440758349231516,0.110678712696614,"below",0.964328297360147
20130101,66.2969333333333,73.6837627499998,"1050023900",0.692846793908739,0.275437501813125,0.0317157042781369,"below",0.718834329387045
20140101,727.104266666667,639.27335718334,"1050023900",0.00939986738853435,0.149919562210808,0.840680570400658,"above",0.474260214993241
20150101,435.917933333333,426.012071399996,"1050023900",0.101407990568471,0.429936451234788,0.468655558196741,"above",0.950187759629295
20160101,111.308933333333,108.183859183334,"1050023900",0.629255446629771,0.324469976302817,0.0462745770674121,"below",0.798902903540984
20170101,166.711633333333,133.914338366668,"1050023900",0.579287505582224,0.360416139794294,0.0602963546234827,"below",0.853410246901735
20180101,130.0856,118.959692250002,"1050023900",0.608540721535301,0.339668964258026,0.0517903142066726,"below",0.822353931881686
20190101,25.6441333333333,73.5099831666676,"1050023900",0.693154780213364,0.275191929026888,0.0316532907597477,"below",0.718415078724135
20200101,315.227366666667,89.3381247000007,"1050023900",0.664566808695089,0.297663774187368,0.0377694171175429,"below",0.756003658238898
20210101,443.496233333333,197.960546816666,"1050023900",0.45103624021405,0.439460807436254,0.109502952349695,"below",0.962645157651137
20220101,892.3687,197.227776683332,"1050023900",0.452500275294445,0.438688080979525,0.10881164372603,"below",0.961641213518927
20230101,1017.78196666667,174.438864883333,"1050023900",0.498254148426579,0.412891455916192,0.0888543956572297,"below",0.927432709861616
20240101,395.090533333333,90.9737614500006,"1050023900",0.661553785954196,0.299993178663594,0.0384530353822107,"below",0.759812855024435
20250101,367.639966666667,283.496893733334,"1050023900",0.289592071652301,0.497868989730806,0.212538938616894,"normal",1.03525338034533
20260101,367.639966666667,375.473851966664,"1050023900",0.15419574227515,0.476469780447678,0.369334477277172,"normal",1.00938184581793
19930101,229.594387096774,248.232373045698,"1050023950",0.448007071531817,0.502705940680445,0.0492869877877385,"normal",0.853820083247866
19940101,198.654129032258,277.451994415322,"1050023950",0.390252842575412,0.543436468504377,0.066310688920211,"normal",0.878550824484843
19950101,506.542741935484,444.951331998655,"1050023950",0.129904755071407,0.6140748345659,0.256020410362694,"normal",0.913403439835444
19960101,483.842709677419,546.970687994623,"1050023950",0.0501453430324726,0.505152779144784,0.444701877822743,"normal",0.855407135511043
19970101,435.166516129032,453.025051892474,"1050023950",0.121458835346612,0.609191033071363,0.269350131582025,"normal",0.911304577529416
19980101,253.637741935484,208.88691754328,"1050023950",0.527321716939608,0.440596652506601,0.0320816305537908,"below",0.808924690685761
19990101,592.765709677419,627.325200732527,"1050023950",0.0201654198536158,0.37424596504868,0.605588615097704,"above",0.750281771212853
20000101,726.108612903226,665.300442961024,"1050023950",0.0124599231691419,0.310248570725736,0.677291506105122,"above",0.68165791854591
20010101,220.031258064516,254.210486357527,"1050023950",0.436058515515915,0.511489980377958,0.0524515041061261,"normal",0.859456195789167
20020101,402.571451612903,413.320696900539,"1050023950",0.166854363961363,0.625848129351497,0.207297506687139,"normal",0.918280687318445
20030101,431.41964516129,407.025586494624,"1050023950",0.174947368058516,0.626753228760607,0.198299403180877,"normal",0.918645046856121
20040101,191.870548387097,194.939452376344,"1050023950",0.555340527746374,0.41733587318079,0.0273235990728358,"below",0.789696589230557
20050101,160.436967741935,163.104538904838,"1050023950",0.61805303787321,0.363315701130878,0.0186312609959125,"below",0.739453114396764
20060101,286.962193548387,275.734716326613,"1050023950",0.393593910906177,0.541207887863979,0.0651982012298433,"normal",0.877288703903637
20070101,37.7131612903226,147.170938111559,"1050023950",0.648419054616644,0.336331896050017,0.0152490493333394,"below",0.711183621376453
20080101,481.381322580645,473.948052439515,"1050023950",0.101389351704182,0.593174940086853,0.305435708208964,"normal",0.904105331634218
20090101,642.976612903226,602.052250228494,"1050023950",0.0272797692107525,0.417104457967027,0.555615772822221,"above",0.789498300516341
20100101,748.590161290323,633.639205877688,"1050023950",0.0186567555969987,0.363503366600559,0.617839877802443,"above",0.739641994097483
20110101,231.659161290323,311.754522444894,"1050023950",0.325504512210277,0.582760047026408,0.0917354407633146,"normal",0.899159930426284
20120101,747.081516129032,686.495633243281,"1050023950",0.00938743788606079,0.275811292499682,0.714801269614257,"above",0.639074722487477
20130101,233.466096774194,221.364378012096,"1050023950",0.502136636569322,0.460964105309463,0.0368992581212159,"below",0.824651639937369
20140101,646.284806451613,534.636755962362,"1050023950",0.0569402100318,0.522911895799843,0.420147894168357,"normal",0.866533118324379
20150101,88.036935483871,124.979287114248,"1050023950",0.689145458778818,0.299429570451081,0.0114249707701007,"below",0.668737751913258
20160101,96.9518064516129,178.147562588709,"1050023950",0.588697848334786,0.388911416033481,0.0223907356317329,"below",0.764271170239815
20170101,194.857935483871,191.908135094623,"1050023950",0.561398548239084,0.412230046268333,0.0263714054925837,"below",0.785288987101536
20180101,519.431193548387,426.195244586022,"1050023950",0.151067775644941,0.622497591432008,0.226434632923052,"normal",0.916918776029301
20190101,137.848709677419,181.765691108064,"1050023950",0.581555797844815,0.395059358099708,0.0233848440554771,"below",0.76995628670465
20200101,326.015677419355,212.401381467203,"1050023950",0.520234647523603,0.446382446126191,0.0333829063502055,"below",0.813495541296826
20210101,873.381064516129,258.626557845699,"1050023950",0.427268742725103,0.51784013693933,0.0548911203355671,"normal",0.863425528213338
20220101,780.332838709677,346.665538324192,"1050023950",0.264627749052902,0.610991296549812,0.124380954397286,"normal",0.912083458410528
20230101,1076.71296774194,213.678950547848,"1050023950",0.517656669317047,0.448476745037161,0.0338665856457919,"below",0.815129693555778
20240101,289.296709677419,206.809013008332,"1050023950",0.531507981029416,0.437159860731561,0.0313321582390227,"below",0.806170161006557
20250101,364.293564516129,372.890816635753,"1050023950",0.22304725073251,0.623221873264214,0.153730876003276,"normal",0.917214930317513
20260101,364.293564516129,346.138112604836,"1050023950",0.265502652282022,0.610663433306085,0.123833914411893,"normal",0.911942061843234
19930101,349.41376,321.868932600001,"1050023960",0.343049313664686,0.548600365154555,0.108350321180759,"normal",0.937189608418755
19940101,252.028,284.228547859999,"1050023960",0.478935616149424,0.464771704234519,0.0562926796160566,"below",0.87066420125302
19950101,426.53928,390.754483030004,"1050023960",0.147521397476835,0.575680871907782,0.276797730615383,"normal",0.955753721187471
19960101,364.0356,358.599045670002,"1050023960",0.22753515219914,0.586406459198494,0.186058388602366,"normal",0.962737774171374
19970101,492.79208,426.07804843,"1050023960",0.0842826725655344,0.51931712387646,0.396400203558006,"normal",0.91555886915449
19980101,201.82688,236.07583906,"1050023960",0.65417814933086,0.324953178444898,0.0208686722242422,"below",0.723640153356926
19990101,535.44488,510.114624240002,"1050023960",0.0153394149772361,0.285596851141959,0.699063733880805,"above",0.672254519808031
20000101,458.41608,385.808807949999,"1050023960",0.158422857269412,0.580017093867745,0.261560048862843,"normal",0.958602044161593
20010101,538.91772,511.743813940004,"1050023960",0.0147619199114246,0.280900817671979,0.704337262416597,"above",0.665775506449114
20020101,241.92368,272.745650960002,"1050023960",0.52167367334078,0.433180263887245,0.0451460627719754,"below",0.841714870812234
20030101,439.4752,468.538181939996,"1050023960",0.038102328966905,0.408740906504624,0.553156764528471,"above",0.817720149220114
20040101,170.2768,229.300365259999,"1050023960",0.677194061396483,0.304913829658819,0.0178921089446988,"below",0.698109617821167
20050101,441.633,428.522338089995,"1050023960",0.0808101352307026,0.513970945685743,0.405218919083554,"normal",0.911428943294066
20060101,424.67772,457.131105199996,"1050023960",0.0477897110264475,0.441372779400078,0.510837509573474,"above",0.849440885874835
20070101,229.88872,280.086808699997,"1050023960",0.494348480925559,0.453606179170582,0.0520453399038593,"below",0.860690438494712
20080101,242.35032,266.652259149999,"1050023960",0.54428280093716,0.415721295804681,0.0399959032581588,"below",0.824721016092392
20090101,267.49288,274.128871290001,"1050023960",0.516528957214418,0.437084532690653,0.0463865100949288,"below",0.845416294122463
20100101,355.88752,355.811676849999,"1050023960",0.23546339487521,0.585366461066958,0.179170144057831,"normal",0.962069546610702
20110101,343.06936,312.14159422,"1050023960",0.377002993311807,0.53060077354294,0.0923962331452536,"normal",0.924090270218414
20120101,209.64516,263.615327509997,"1050023960",0.555502395394032,0.406884273121233,0.0376133314847343,"below",0.815837818315898
20130101,334.95708,291.448615559999,"1050023960",0.452155931873146,0.483499050596154,0.0643450175307007,"normal",0.886780813234542
20140101,1345.26452,1043.42538287999,"1050023960",4.69853690220213e-13,1.90368957264653e-08,0.999999980962634,"above",3.57482268158687e-07
20150101,400.79296,517.758264399998,"1050023960",0.0127890390823628,0.263783379279679,0.723427581637958,"above",0.641487595412323
20160101,311.79748,313.196064850001,"1050023960",0.373270437364737,0.532692931753699,0.0940366308815647,"normal",0.925644799827566
20170101,617.6394,547.911070459995,"1050023960",0.00596851411739553,0.184955507149593,0.809075978733012,"above",0.514117424271085
20180101,356.58772,320.803988060002,"1050023960",0.346711113598794,0.546776126371402,0.106512760029804,"normal",0.935890102173404
20190101,196.5356,260.856768070001,"1050023960",0.565655414343895,0.39879377763145,0.0355508080246547,"below",0.807534705599672
20200101,323.88512,245.766905719999,"1050023960",0.620262538599841,0.35389053821529,0.0258469231848696,"below",0.758340214551802
20210101,583.10568,341.30819272,"1050023960",0.27907269292658,0.574964262026352,0.145963045047069,"normal",0.955279748361519
20220101,646.01628,343.910971319998,"1050023960",0.270966535957459,0.577437312976473,0.151596151066068,"normal",0.956911538274555
20230101,644.79952,297.68842531,"1050023960",0.429181758542331,0.498816892245317,0.0720013492123519,"normal",0.899409870950389
20240101,324.53832,250.187188559999,"1050023960",0.604461406635675,0.36711059610903,0.0284279972552943,"below",0.773389555438053
20250101,356.23762,286.03492124,"1050023960",0.472221963213733,0.469549376271987,0.0582286605142798,"below",0.874847899756585
20260101,356.23762,321.538651920003,"1050023960",0.34418342371193,0.548038578412271,0.107777997875799,"normal",0.936790085307923
19930101,376.24792,357.376014879997,"1050024070",0.000548390947047566,0.0919510600319057,0.907500549021047,"above",0.311641708620666
19940101,281.60048,293.3012391,"1050024070",0.549254970635821,0.43117475417614,0.0195702751880382,"below",0.768816140552043
19950101,300.7142,307.238909019997,"1050024070",0.269860747979736,0.637668507158841,0.0924707448614226,"normal",0.860547527575611
19960101,295.63272,306.323258799998,"1050024070",0.286099697632224,0.629196789501022,0.0847035128667541,"normal",0.85864230054665
19970101,299.24636,299.741383819997,"1050024070",0.414193511204086,0.543285876873527,0.0425206119223873,"normal",0.830818801419087
19980101,286.62688,298.983717159998,"1050024070",0.429869706558976,0.531114315538896,0.0390159779021281,"normal",0.825564299058328
19990101,332.75488,339.100259379999,"1050024070",0.0107798040359124,0.348976082131242,0.640244113832846,"above",0.701707145061678
20000101,326.08108,315.345716539999,"1050024070",0.148725300700184,0.666418147873095,0.184856551426721,"normal",0.865947023625432
20010101,301.98564,305.375674400002,"1050024070",0.303378625364173,0.619429858711567,0.0771915159242601,"normal",0.856264984854005
20020101,311.28936,311.218113559999,"1050024070",0.205068794935085,0.66256499785929,0.132366207205625,"normal",0.865317696846022
20030101,370.5932,343.474017920001,"1050024070",0.0057141991515326,0.271749596167239,0.722536204681228,"above",0.618383665932466
20040101,298.3826,299.900247961336,"1050024070",0.410922989309232,0.545790200298328,0.0432868103924404,"normal",0.831857932490674
20050101,350.48724,352.928111119996,"1050024070",0.00122583020508037,0.136560775058836,0.862213394736084,"above",0.407933935124462
20060101,319.96424,316.84863068,"1050024070",0.131061154879271,0.662128304533345,0.206810540587384,"normal",0.865244547622847
20070101,280.20404,302.092119565333,"1050024070",0.366523236445778,0.578438702537831,0.0550380610163902,"normal",0.844122946975477
20080101,313.405,307.619287865335,"1050024070",0.263253095161007,0.640898954754815,0.0958479500841782,"normal",0.861235992001524
20090101,366.61188,354.376754819999,"1050024070",0.00094867155457227,0.120672484297218,0.878378844148209,"above",0.375692072901962
20100101,292.63344,295.72757372,"1050024070",0.498195395832354,0.475272833504929,0.0265317706627167,"below",0.796958236365717
20110101,323.04632,324.5040296,"1050024070",0.0634799415802153,0.596616453567296,0.339903604852488,"normal",0.84994482058861
20120101,330.97176,326.316003519996,"1050024070",0.052399903813516,0.571944305581353,0.375655790605131,"normal",0.841870404988932
20130101,537.95404,467.125161899995,"1050024070",6.06673087044868e-20,5.05595565414296e-13,0.999999999999494,"above",5.72619979883353e-11
20140101,337.12964,343.648708819999,"1050024070",0.00556553517833163,0.268810908138197,0.725623556683472,"above",0.614765972206061
20150101,295.66996,304.941824520001,"1050024070",0.311442350171163,0.614631709456099,0.0739259403727379,"normal",0.855025491725757
20160101,363.70716,355.312159099997,"1050024070",0.000801634624746054,0.111117631267218,0.888080734108036,"above",0.355267241226575
20170101,280.83216,287.184526987999,"1050024070",0.672644187168033,0.318842987036111,0.00851282579585544,"below",0.671758729796352
20180101,286.3324,291.27352195867,"1050024070",0.591343920999339,0.393650017678564,0.015006061322097,"below",0.740679106911979
20190101,304.01112,296.006006878668,"1050024070",0.492322102880972,0.480228739037957,0.0274491580810713,"below",0.799805864362077
20200101,356.09896,296.006006878668,"1050024070",0.492322102880972,0.480228739037957,0.0274491580810713,"below",0.799805864362077
20210101,287.05976,291.27352195867,"1050024070",0.591343920999339,0.393650017678564,0.015006061322097,"below",0.740679106911979
20220101,299.37116,291.27352195867,"1050024070",0.591343920999339,0.393650017678564,0.015006061322097,"below",0.740679106911979
20230101,328.73184,296.006006878668,"1050024070",0.492322102880972,0.480228739037957,0.0274491580810713,"below",0.799805864362077
20240101,288.769,291.27352195867,"1050024070",0.591343920999339,0.393650017678564,0.015006061322097,"below",0.740679106911979
20250101,297.431708333333,291.27352195867,"1050024070",0.591343920999339,0.393650017678564,0.015006061322097,"below",0.740679106911979
20260101,304.01112,303.173783484001,"1050024070",0.345214321293008,0.593085110867889,0.0617005678391027,"normal",0.848868999070474
19930101,50.9696129032258,54.640651954301,"1050024080",0.368578006344664,0.505817092301682,0.125604901353655,"normal",0.973215356444934
19940101,91.517935483871,84.9989471317204,"1050024080",0.18598767298557,0.536503604286722,0.277508722727709,"normal",1.00265556977215
19950101,119.293806451613,93.4363756532265,"1050024080",0.147404748190947,0.52096230234867,0.331632949460383,"normal",0.987957082693771
19960101,84.2456774193548,68.3301996666669,"1050024080",0.278648060528617,0.536272371047647,0.185079568423735,"normal",1.00243999952137
19970101,101.418129032258,84.2976608548387,"1050024080",0.189454348474146,0.537334174928152,0.273211476597701,"normal",1.00342911004364
19980101,18.3436129032258,25.9763298521506,"1050024080",0.575520385690452,0.377363613407305,0.0471160009022429,"below",0.829668191116555
19990101,171.250193548387,145.132814395162,"1050024080",0.0229452160186765,0.280903847517108,0.696150936464216,"above",0.695423772948055
20000101,68.5934516129032,62.8581010268817,"1050024080",0.31332957442228,0.527191859351198,0.159478566226522,"normal",0.993900266267031
20010101,226.686225806452,289.559401034947,"1050024080",1.6838126985991e-06,0.000776444286297084,0.999221871901004,"above",0.00636016175939357
20020101,24.1326774193548,27.9783690376344,"1050024080",0.56107830364865,0.388079437816002,0.0508422585353479,"below",0.843039456595439
20030101,98.7803225806452,86.6583399838707,"1050024080",0.177942706455071,0.534250721693397,0.287806571851532,"normal",1.0005513049339
20040101,0.459806451612903,11.5293820833333,"1050024080",0.675656651103902,0.298069848333236,0.0262735005628617,"below",0.721311165699316
20050101,86.0372258064516,72.3432231263442,"1050024080",0.254462556658558,0.540148474403124,0.205388968938318,"normal",1.00604123060937
20060101,143.095225806452,208.256075779571,"1050024080",0.000802810739755627,0.0464745474442019,0.952722641816042,"above",0.194487127246388
20070101,14.9086129032258,43.0453528494627,"1050024080",0.451126183931862,0.461993843406093,0.0868799726620453,"normal",0.92812105860371
20080101,1.55212903225806,39.8655271532256,"1050024080",0.474302741484182,0.447686455667052,0.0780108028487656,"below",0.912573950147445
20090101,6.34303225806452,35.1420657231182,"1050024080",0.5088678796329,0.425004529739709,0.0661275906273908,"below",0.887045446623543
20100101,42.925935483871,30.4029046505377,"1050024080",0.543480778858896,0.400854337958508,0.0556648831825962,"below",0.858619985945553
20110101,34.1624838709677,43.0995130349462,"1050024080",0.450732644032652,0.462230050910574,0.0870373050567741,"normal",0.928374222355411
20120101,7.15,15.3629727392473,"1050024080",0.64996670318759,0.319170954975337,0.0308623418370729,"below",0.7518761160298
20130101,120.694774193548,75.8235183897849,"1050024080",0.234414633582617,0.541555135494579,0.224030230922805,"normal",1.00734167980211
20140101,464.70964516129,310.944997723118,"1050024080",2.33368469685391e-07,0.000187704121236476,0.999812062510294,"above",0.00180210569340992
20150101,89.1671612903226,137.353289639785,"1050024080",0.0318964692871217,0.32357629639875,0.644527234314129,"above",0.758090330031603
20160101,59.3561612903226,61.8506821881719,"1050024080",0.319911746859342,0.525057294824024,0.155030958316635,"normal",0.99187163714775
20170101,246.975,212.374637384409,"1050024080",0.000617933427226701,0.0396632200485296,0.959718846524244,"above",0.172031078461823
20180101,75.0033225806452,69.793428373656,"1050024080",0.269701295454699,0.537962936865191,0.19233576768011,"normal",1.00401389807648
20190101,7.24838709677419,43.4724191370968,"1050024080",0.448024360738222,0.463849281091354,0.0881263581704239,"normal",0.93010665447566
20200101,89.538935483871,72.7247132741934,"1050024080",0.252222028723002,0.540391758997164,0.207386212279834,"normal",1.00626639106269
20210101,180.420096774194,36.2626653172042,"1050024080",0.500663940138129,0.430524665366001,0.0688113944958698,"below",0.893360212584119
20220101,110.761935483871,16.4902317876344,"1050024080",0.642273452741003,0.325394985983952,0.0323315612750454,"below",0.760639451827474
20230101,262.903322580645,90.7336673978494,"1050024080",0.159133109165354,0.527032485338212,0.313834405496434,"normal",0.993749081937503
20240101,51.6290967741935,27.6111862473119,"1050024080",0.563733732723972,0.386124457241703,0.0501418100343249,"below",0.840620828847652
20250101,85.1414516129032,62.7906717473119,"1050024080",0.31376831591791,0.527053391150877,0.159178292931213,"normal",0.993768916045493
20260101,85.1414516129032,79.1210637150537,"1050024080",0.21625487826037,0.541198282567164,0.242546839172467,"normal",1.00701209621011
19930101,422.961322580645,507.155493543663,"1050024310",0.721490828521559,0.276931233486466,0.00157793799197514,"below",0.60127642552534
19940101,668.265096774194,721.413824195161,"1050024310",0.412761468890987,0.571238475232664,0.0160000558763492,"normal",0.751273575725439
19950101,661.161709677419,749.142373478571,"1050024310",0.372598184108172,0.606720505599707,0.0206813102921211,"normal",0.751232659921535
19960101,910.547387096774,1035.93393133978,"1050024310",0.0798408619256562,0.751307604746276,0.168851533328068,"normal",0.716986524768906
19970101,746.109774193548,672.480067943106,"1050024310",0.485651585575268,0.504415767829525,0.00993264659520654,"normal",0.741776378266141
19980101,792.717580645161,714.434396194796,"1050024310",0.423034816133253,0.561989036877226,0.0149761469895214,"normal",0.750715496139801
19990101,1395.49864516129,1312.71918479125,"1050024310",0.00715107742293444,0.459088087297782,0.533760835279283,"above",0.72783497734409
20000101,1039.53077419355,1045.77664800973,"1050024310",0.0744752500307309,0.747158189190266,0.178366560779003,"normal",0.718702844395396
20010101,1141.42277419355,1048.37875725895,"1050024310",0.0731038237393396,0.745958736633645,0.180937439627016,"normal",0.719191107833151
20020101,1141.39009677419,1208.9899088114,"1050024310",0.0197692105226374,0.600549277181421,0.379681512295941,"normal",0.751485610252127
20030101,1444.6785483871,1361.73679366133,"1050024310",0.00421464353729461,0.389551488348757,0.606233868113948,"above",0.693717602213331
20040101,345.935967741935,574.337486488901,"1050024310",0.630813823432691,0.365707366390233,0.0034788101770753,"below",0.67821079254238
20050101,462.358290322581,468.85721063268,"1050024310",0.767810431110337,0.231210507272732,0.000979061616931065,"below",0.548239720088497
20060101,1428.09187096774,1358.0981901992,"1050024310",0.00438804059939596,0.394664802963093,0.600947156437511,"above",0.696780573800933
20070101,814.197290322581,566.851843319258,"1050024310",0.641409675477368,0.355395502568814,0.00319482195381859,"below",0.670864984430489
20080101,221.725193548387,398.648263706124,"1050024310",0.840455741084967,0.159156220508198,0.000388038406834768,"below",0.441636542019551
20090101,345.289548387097,510.742658287519,"1050024310",0.716932495694982,0.281419062301534,0.00164844200348446,"below",0.605953447973587
20100101,1007.40087096774,998.476414446428,"1050024310",0.10294761200331,0.761369556235565,0.135682831761124,"normal",0.712649742371446
20110101,738.716709677419,531.523550669488,"1050024310",0.689845316871899,0.308038269497435,0.00211641363066661,"below",0.631888841348441
20120101,357.185870967742,454.563188959158,"1050024310",0.783931914648076,0.215252843966795,0.000815241385128784,"below",0.52724886620123
20130101,1609.98141935484,1324.49641079159,"1050024310",0.0063159485488717,0.442313192740365,0.551370858710764,"above",0.721056842723011
20140101,1369.64058064516,1357.31460912854,"1050024310",0.00442620587858924,0.395767606056783,0.599806188064628,"above",0.697429239823438
20150101,374.571870967742,472.23101883986,"1050024310",0.763909908900208,0.23506819113567,0.00102189996412194,"below",0.553112419494425
20160101,870.617096774194,884.71159396588,"1050024310",0.201561617000423,0.735281375190385,0.0631570078091923,"normal",0.723381684041473
20170101,1663.69977419355,1359.71965561748,"1050024310",0.00430999756667209,0.392384585891864,0.603305416541464,"above",0.695425948949538
20180101,986.297064516129,981.581542712347,"1050024310",0.114828651470534,0.762881164132441,0.122290184397025,"normal",0.711976886592658
20190101,728.171322580645,1186.85804338115,"1050024310",0.0241281140299823,0.627511661987839,0.348360223982178,"normal",0.749630462216512
20200101,1213.33987096774,705.28084002498,"1050024310",0.436587020151348,0.549693939316012,0.0137190405326394,"normal",0.749603074375004
20210101,1322.98029032258,1353.94629993733,"1050024310",0.00459366209115241,0.400514319187132,0.594892018721716,"above",0.700173212019593
20220101,1315.87909677419,568.224683620142,"1050024310",0.639474286787169,0.357280425353935,0.00324528785889644,"below",0.672237180825344
20230101,1598.60238709677,684.23373830167,"1050024310",0.468005870835318,0.520825184872661,0.0111689442920213,"normal",0.74530056896573
20240101,570.468548387097,472.20819170478,"1050024310",0.763936420510025,0.235041975059422,0.0010216044305531,"below",0.553079564455776
20250101,890.582241935484,540.780425728302,"1050024310",0.677426643308056,0.32021206328084,0.00236129341110414,"below",0.642757381622922
20260101,890.582241935484,655.720658520182,"1050024310",0.510852551912058,0.48077046568085,0.00837698240709184,"below",0.735287108553858
19930101,250.604133333333,309.372913677921,"1050024320",0.312198875979864,0.614166297976368,0.0736348260437678,"normal",0.854921548131026
19940101,305.746633333333,307.365766316404,"1050024320",0.317879026445194,0.610692215552265,0.0714287580025409,"normal",0.853990898186937
19950101,153.216966666667,290.328877226687,"1050024320",0.367711556476218,0.577594443379408,0.0546940001443741,"normal",0.843852187174835
19960101,1165.68606666667,686.439298828808,"1050024320",0.00023847779466206,0.0597935365607447,0.939967985644593,"above",0.228611995935892
19970101,237.594533333333,357.231667255005,"1050024320",0.191911276282969,0.66532750162511,0.142761222091921,"normal",0.865793494163358
19980101,596.1884,696.877403402451,"1050024320",0.000174095131646228,0.0505726548863299,0.949253249982024,"above",0.201869947036594
19990101,488.595133333333,363.399263586033,"1050024320",0.178784702242186,0.667081537148048,0.154133760609766,"normal",0.866074233478721
20000101,273.002066666667,329.775010993535,"1050024320",0.257151466690841,0.64375226290829,0.0990962704008689,"normal",0.861847155965058
20010101,239.4069,273.832913047624,"1050024320",0.418195497773302,0.540199622306617,0.0416048799200804,"normal",0.829533601422583
20020101,247.0107,395.854656438174,"1050024320",0.119288846069701,0.657179834713325,0.223531319216973,"normal",0.864410794677636
20030101,534.088266666667,322.780418071553,"1050024320",0.275443110041973,0.634829844210489,0.089727045747538,"normal",0.859945204730034
20040101,231.0808,302.999253163187,"1050024320",0.330383682458126,0.602811253417903,0.0668050641239712,"normal",0.851786666825825
20050101,194.106133333333,303.203773690541,"1050024320",0.32979359519674,0.603190073891659,0.0670163309116008,"normal",0.851895588176461
20060101,359.643566666667,362.26959025782,"1050024320",0.181145755764422,0.666847134847125,0.152007109388453,"normal",0.866037062540306
20070101,306.944933333333,269.575188381104,"1050024320",0.431485072365396,0.529840142360159,0.0386747852744449,"normal",0.825009027873662
20080101,309.1046,307.097137525847,"1050024320",0.318642536596661,0.610220067182937,0.0711373962204017,"normal",0.853862486030039
20090101,314.550833333333,306.338618934024,"1050024320",0.320802587824345,0.608877798816579,0.070319613359076,"normal",0.85349489364111
20100101,372.1491,442.603860955705,"1050024320",0.0604558637826331,0.59050369109649,0.349040445120877,"normal",0.848083379539799
20110101,596.747166666667,515.132046507013,"1050024320",0.0166385176905763,0.408073113990158,0.575288368319266,"above",0.75197917168135
20120101,626.6609,642.762107735768,"1050024320",0.000829190233339633,0.112970075016962,0.886200734749698,"above",0.359292849874185
20130101,625.179433333333,604.278533337385,"1050024320",0.00226364757707521,0.181795386687588,0.815940965735337,"above",0.489698728778188
20140101,492.200633333333,416.218802995747,"1050024320",0.0899972278358789,0.635115615719821,0.274887156444301,"normal",0.860008598908139
20150101,375.2027,319.44383533242,"1050024320",0.284388660895275,0.630114410162953,0.0854969289417719,"normal",0.858875353133616
20160101,383.129233333333,419.521250463773,"1050024320",0.0858001582205747,0.630467960504248,0.283731881275177,"normal",0.858957127086652
20170101,427.543833333333,387.593599130109,"1050024320",0.132909863383104,0.662724835598584,0.204365301018312,"normal",0.8653658992344
20180101,201.6961,273.656961890762,"1050024320",0.418742954615819,0.539776716525322,0.0414803288588582,"normal",0.829353720160011
20190101,213.713666666667,268.092041467803,"1050024320",0.436133479302121,0.52617204979907,0.0376944708988092,"normal",0.823347473948711
20200101,245.046366666667,311.749663700712,"1050024320",0.305530129921055,0.618155817518768,0.0763140525601769,"normal",0.855959512661259
20210101,623.2776,319.775588500879,"1050024320",0.283493031005848,0.630596252875664,0.0859107161184886,"normal",0.85898673768374
20220101,523.366266666667,452.626680245026,"1050024320",0.05146617266267,0.569519136949786,0.379014690387545,"normal",0.841022144767645
20230101,327.440166666667,396.790964326924,"1050024320",0.117809566802532,0.656424141507593,0.225766291689875,"normal",0.864275964983702
20240101,269.1884,305.922556279864,"1050024320",0.321990006892927,0.608135869443113,0.06987412366396,"normal",0.853290101392441
20250101,320.9955,311.688343810941,"1050024320",0.305701387354861,0.618054603701147,0.0762440089439913,"normal",0.855933584921023
20260101,320.9955,325.149163920539,"1050024320",0.269177537804077,0.637999202297725,0.0928232598981986,"normal",0.860639084764169
19930101,622.070733333333,654.328895861389,"1050024870",0.413821679857796,0.570209902441517,0.0159684177006876,"normal",0.75150264578636
19940101,1046.60616666667,914.475299802226,"1050024870",0.00860466395584228,0.483704455194762,0.507690880849396,"above",0.736379276716155
19950101,233.745066666667,413.363356636389,"1050024870",0.96304461285622,0.0369387699619004,1.6617181879508e-05,"below",0.158289135925292
19960101,887.759033333333,997.601245932222,"1050024870",0.00105664108203726,0.237514315353376,0.761429043564586,"above",0.556207932942644
19970101,646.430866666667,708.360332056944,"1050024870",0.25229684964126,0.702726676263393,0.0449764740953469,"normal",0.734863088661635
19980101,1086.47843333333,891.376670559167,"1050024870",0.014261442391632,0.554376171418911,0.431362386189457,"normal",0.750339374935484
19990101,1131.31866666667,1042.60081164055,"1050024870",0.000282126938377704,0.138609183597277,0.861108689464345,"above",0.404976546704753
20000101,862.961,919.782950175556,"1050024870",0.00762544866823096,0.467082507255539,0.52529204407623,"above",0.730933451259125
20010101,661.099,663.971329705,"1050024870",0.38286976079271,0.597667460275383,0.0194627789319072,"normal",0.751878727284594
20020101,795.249566666667,675.050070548611,"1050024870",0.348220169242806,0.627520381955195,0.0242594488019985,"normal",0.74997559065176
20030101,770.568033333333,593.822387899721,"1050024870",0.612447365811372,0.383511681579047,0.00404095260958093,"below",0.690100930788038
20040101,559.0801,659.097424838611,"1050024870",0.398434877559675,0.583942306258077,0.0176228161822481,"normal",0.751948626379241
20050101,524.0535,676.773212475279,"1050024870",0.342934648164101,0.631977220565494,0.0250881312704052,"normal",0.749488305924907
20060101,826.528833333333,909.233840876666,"1050024870",0.00967821413302998,0.500027415339093,0.490294370527877,"normal",0.740908527659546
20070101,379.8203,478.694446672778,"1050024870",0.893175703024244,0.106669131803062,0.000155165172693317,"below",0.340992787663968
20080101,920.291166666667,923.81833943,"1050024870",0.00694799270931662,0.454408980228826,0.538643027061858,"above",0.726204870208394
20090101,857.829333333333,890.9154632375,"1050024870",0.0144011723144217,0.555744106373087,0.429854721312491,"normal",0.750467554230871
20100101,886.886833333333,984.685673216665,"1050024870",0.001506680595688,0.271599232482499,0.726894086921813,"above",0.595660820272388
20110101,1277.9687,1090.82146639278,"1050024870",5.9192501904849e-05,0.0685114598071348,0.93142934769096,"above",0.250402636868096
20120101,1562.52746666667,1372.085540435,"1050024870",3.01527503890253e-10,6.49347171423065e-05,0.99993506498133,"above",0.000691048384188045
20130101,1136.35306666667,1087.064003635,"1050024870",6.72189340656227e-05,0.0727316705830037,0.927201110482931,"above",0.261356244557379
20140101,1107.28326666667,1107.56832076,"1050024870",3.32063790926661e-05,0.0519566175977846,0.948010176023123,"above",0.204610458237256
20150101,348.280066666667,415.58234436,"1050024870",0.961528258164706,0.0384537316952952,1.80101399989141e-05,"below",0.163212556542658
20160101,972.110066666667,981.092833058889,"1050024870",0.00165980991594067,0.281475344241472,0.716864845842587,"above",0.606075093145655
20170101,853.702466666667,763.88724547139,"1050024870",0.129390618168145,0.761942499172387,0.108666882659468,"normal",0.71293619243154
20180101,458.723433333333,519.428475727697,"1050024870",0.817182107752051,0.182275581706313,0.000542310541635782,"below",0.47933757400245
20190101,523.732066666667,662.905535866588,"1050024870",0.386258278359947,0.594694664336373,0.0190470573036805,"normal",0.751937288861295
20200101,829.710066666667,652.182829467976,"1050024870",0.420791419941188,0.56394014690711,0.0152684331517011,"normal",0.751125677460672
20210101,800.748933333333,911.498736380554,"1050024870",0.00920073927675024,0.492987982245223,0.497811278478027,"above",0.739053659320071
20220101,710.012833333333,782.795433612501,"1050024870",0.0991173875460594,0.75999238238502,0.14089023006892,"normal",0.713795492891896
20230101,668.103933333333,818.785070166112,"1050024870",0.0563651928819703,0.725021789431623,0.218613017686407,"normal",0.72762483180333
20240101,596.101666666667,571.19430526611,"1050024870",0.682240935382534,0.315481369195642,0.00227769542182377,"below",0.638685817353831
20250101,813.638883333333,574.713643538808,"1050024870",0.671729084221168,0.325775446634381,0.00249546914445042,"below",0.64760961548778
20260101,813.638883333333,685.039958256942,"1050024870",0.318018006300273,0.652581407189488,0.0294005865102395,"normal",0.746559101076859
19930101,947.960777777778,950.85828508935,"1050870170",0.545440776349059,0.418423386514362,0.0361358371365792,"below",0.815169098059325
19940101,906.131611111111,905.416981324537,"1050870170",0.668965679448445,0.314044418812151,0.0169899017394037,"below",0.70190822272726
19950101,1151.58455555556,1235.73373410602,"1050870170",0.0280544017523616,0.38218187361328,0.589763724634359,"above",0.779275312910356
19960101,1112.05405555556,1084.75489619538,"1050870170",0.2012046959337,0.59999841966636,0.198796884399941,"normal",0.950265028441377
19970101,1133.12841666667,1089.06608514769,"1050870170",0.192707715101651,0.599839383497965,0.207452901400384,"normal",0.95017521267901
19980101,1306.64619444444,1416.73555050555,"1050870170",0.000695774599608838,0.0644255373730813,0.93487868802731,"above",0.244682569912749
19990101,1408.09480555556,1423.51569293101,"1050870170",0.000588123459617391,0.0586353177758143,0.940776558764568,"above",0.228123124586436
20000101,1002.22802777778,1029.51213949954,"1050870170",0.328243732637756,0.563988024376723,0.107768242985521,"normal",0.928754742044657
20010101,945.265444444444,1016.5363584264,"1050870170",0.362208660169123,0.546145993571062,0.0916453462598156,"normal",0.917198976253118
20020101,868.033388888889,901.335715791205,"1050870170",0.679413930618582,0.30478126967874,0.0158047997026783,"below",0.690288952797715
20030101,1500.19458333333,1423.90470234213,"1050870170",0.000582440423911979,0.0583157540085438,0.941101805567544,"above",0.227193334491936
20040101,1233.44288888889,1234.35658113889,"1050870170",0.028690094331459,0.385355198180178,0.585954707488363,"above",0.782555418677009
20050101,1231.28369444444,1203.59983604583,"1050870170",0.0462995063470261,0.45426219073907,0.499438302913904,"above",0.847456149805869
20060101,973.813277777778,948.752033755552,"1050870170",0.551367737399189,0.413667745860119,0.0349645167406915,"below",0.810650643093658
20070101,1038.1925,1005.54675555417,"1050870170",0.391862249927212,0.528688188591369,0.0794495614814185,"normal",0.905293556176763
20080101,1454.68011111111,1359.97192742778,"1050870170",0.00261081935335841,0.130935997951865,0.866453182694776,"above",0.40593202140535
20090101,1051.92861111111,1054.2468666338,"1050870170",0.267453061459892,0.588592045329264,0.143954893210845,"normal",0.943708131368912
20100101,896.677,905.140023941203,"1050870170",0.669679000212856,0.313413856470722,0.0169071433164218,"below",0.701126195923641
20110101,893.317888888889,919.922549179629,"1050870170",0.630803258723,0.347361188079879,0.0218355531971208,"below",0.741449869222459
20120101,1098.87372222222,1068.49453900231,"1050870170",0.235215195035962,0.596627715729672,0.168157089234366,"normal",0.94835174482118
20130101,1100.59227777778,1062.2586132625,"1050870170",0.249055125258112,0.593685673825623,0.157259200916265,"normal",0.946665126273667
20140101,964.625083333333,950.391789097219,"1050870170",0.546754409159671,0.417371912327896,0.0358736785124325,"below",0.814174916136313
20150101,1089.42472222222,1090.2487232926,"1050870170",0.190415723948556,0.599718491224675,0.209865784826769,"normal",0.95010690849888
20160101,921.896972222222,909.342105333796,"1050870170",0.658791352379815,0.32300812827826,0.0182005193419251,"below",0.712886668011477
20170101,1561.91716666667,1452.43751562731,"1050870170",0.000280191256924755,0.0383468293119276,0.961372979431148,"above",0.165215386639012
20180101,984.438277777778,1016.40594717593,"1050870170",0.36255614286987,0.545950942387501,0.0914929147426292,"normal",0.91706926306138
20190101,1031.56288888889,1071.42192851528,"1050870170",0.228867654714609,0.597695665506793,0.173436679778598,"normal",0.948960136549937
20200101,1054.68416666667,1035.11354628287,"1050870170",0.31399004786875,0.570683860174353,0.115326091956897,"normal",0.932935495375409
20210101,936.838916666667,1069.51016829074,"1050870170",0.233002032848402,0.597021009570868,0.16997695758073,"normal",0.948576035017644
20220101,1221.20244444444,1019.51509547316,"1050870170",0.354303192884656,0.550518346138534,0.0951784609768103,"normal",0.920087332351798
20230101,1717.80380555556,1068.14060118796,"1050870170",0.235989181237844,0.596484980947846,0.16752583781431,"normal",0.948270276484305
20240101,1117.44547222222,1420.17931226389,"1050870170",0.000639011066857414,0.0614320876798685,0.937928901253274,"above",0.236188497406919
20250101,1072.05444444444,1214.30958675972,"1050870170",0.0393781378634505,0.430850119535564,0.529771742600986,"above",0.826712762283823
20260101,1072.05444444444,1035.23968496945,"1050870170",0.313672137893382,0.570827342493365,0.115500519613253,"normal",0.933024163854214
19930101,228.1371,248.355075316666,"1050873640",0.873336183384363,0.125444567365733,0.00121924924990413,"below",0.386869895299892
19940101,375.071233333333,377.452700249996,"1050873640",0.537468507239401,0.438826796360316,0.0237046964002831,"below",0.783851017788249
19950101,525.371533333333,453.880095749997,"1050873640",0.299264693644687,0.614144227081326,0.0865910792739873,"normal",0.872302055820045
19960101,616.7725,593.545508950001,"1050873640",0.0483998442779716,0.541775322849858,0.409824832872171,"normal",0.844197635260708
19970101,522.7055,539.529983366666,"1050873640",0.110858377911768,0.636624745886531,0.252516876201701,"normal",0.878850167898636
19980101,228.816,292.363302816665,"1050873640",0.783763369746645,0.212483782937983,0.00375284731537218,"below",0.541036956320346
19990101,704.223433333333,647.613034616664,"1050873640",0.0178825558157658,0.39855268339675,0.583564760787484,"above",0.752900860907343
20000101,538.1913,597.854890666665,"1050873640",0.044984426594836,0.531537775789222,0.423477797615942,"normal",0.839313304847997
20010101,285.7097,356.18821316667,"1050873640",0.605158145193507,0.379272190766762,0.0155696640397303,"below",0.736462508459548
20020101,449.9884,427.847936233329,"1050873640",0.376327391265264,0.565862454823287,0.0578101539114488,"normal",0.854780754518252
20030101,824.465033333333,760.779365483326,"1050873640",0.00127025165238555,0.127987097543901,0.870742650803713,"above",0.392108358080784
20040101,300.3472,366.752090683333,"1050873640",0.571794570715562,0.408956358427409,0.0192490708570283,"below",0.761325644944771
20050101,623.241833333333,593.071119533331,"1050873640",0.0487881700101764,0.542883613529783,0.408328216460041,"normal",0.844712419247748
20060101,438.6178,403.307629766667,"1050873640",0.45387439731001,0.507985374777971,0.0381402279120193,"normal",0.827175506156098
20070101,319.224666666667,276.428991866667,"1050873640",0.819733443747256,0.177734413842438,0.00253214241030553,"below",0.485112239092165
20080101,861.758866666667,825.735840116668,"1050873640",0.000195631268667213,0.0485295617106083,0.951274807020725,"above",0.196019082232695
20090101,505.5799,489.025353866672,"1050873640",0.208427742381189,0.650760099356431,0.140812158262381,"normal",0.882462518923189
20100101,610.7294,649.688374749997,"1050873640",0.0171537358833115,0.392718808025644,0.590127456091044,"above",0.748041405742434
20110101,482.538933333333,480.798951916673,"1050873640",0.22810803916907,0.645471100209014,0.126420860621916,"normal",0.881155953508534
20120101,715.196533333333,657.060511149995,"1050873640",0.0147664396943096,0.372009095623177,0.613224464682514,"above",0.729984398142397
20130101,283.064433333333,334.125957916668,"1050873640",0.672151642318954,0.318061713395608,0.00978664428543807,"below",0.676649611265097
20140101,192.362566666667,240.621342983336,"1050873640",0.885917730371848,0.113093772554967,0.000988497073185379,"below",0.360644169546248
20150101,181.9203,215.028021533332,"1050873640",0.921159330349067,0.0783597873685787,0.000480882282353767,"below",0.278860415040113
20160101,1141.9985,1006.43320519999,"1050873640",2.67753773898832e-07,0.000890067012662921,0.999109665233563,"above",0.00714601126753686
20170101,486.7317,456.23405081667,"1050873640",0.292660103423393,0.617693580868228,0.0896463157083787,"normal",0.87340238066072
20180101,430.932333333333,509.577750600008,"1050873640",0.163846834933483,0.65468822039345,0.181464944673068,"normal",0.883398285304836
20190101,460.925566666667,461.60939308333,"1050873640",0.277837802891156,0.625239905750429,0.0969222913584159,"normal",0.87565856368676
20200101,574.624066666667,252.751578033336,"1050873640",0.865767718254736,0.132860830037322,0.00137145170794162,"below",0.40200437832184
20210101,538.628633333333,509.785443133341,"1050873640",0.163430452584295,0.654659490301633,0.181910057114072,"normal",0.883391547866428
20220101,967.562466666667,472.798203583338,"1050873640",0.248211827325909,0.638348894867186,0.113439277806906,"normal",0.879311450602658
20230101,701.347633333333,424.278958249998,"1050873640",0.387377254333406,0.558089699332774,0.0545330463338197,"normal",0.851503224296468
20240101,676.733966666667,417.246642183332,"1050873640",0.409410967655534,0.54208208523631,0.048506947108157,"normal",0.844340393604144
20250101,514.1427,457.314481750002,"1050873640",0.289651533831092,0.619273299073792,0.0910751670951169,"normal",0.873884029889712
20260101,514.1427,483.929303633335,"1050873640",0.220498756599369,0.647729808982078,0.131771434418553,"normal",0.8817204947397
19930101,796.236233333333,750.697590966676,"1050874640",0.22306808315321,0.758423148184673,0.0185087686621168,"normal",0.61821959464087
19940101,577.238566666667,698.822826300006,"1050874640",0.283653422194486,0.704906224128625,0.0114403536768887,"normal",0.655048267538515
19950101,1283.2898,1081.04813925001,"1050874640",0.024368705229244,0.785268812623661,0.190362482147095,"normal",0.596116948000889
19960101,1285.63726666667,1352.08243858332,"1050874640",0.00152423951397584,0.452554166050526,0.545921594435498,"above",0.699128572284534
19970101,960.687266666667,980.946754258336,"1050874640",0.054298313316369,0.838751193301312,0.106950493382319,"normal",0.544748189639426
19980101,957.462966666667,995.729275741666,"1050874640",0.048594814982393,0.834147827564651,0.117257357452956,"normal",0.549558104224164
19990101,712.156033333333,720.66720873334,"1050874640",0.257210940678695,0.728724291462183,0.0140647678591225,"normal",0.639841412398699
20000101,734.343333333333,731.949831000005,"1050874640",0.244073269815826,0.740313826750159,0.0156129034340149,"normal",0.631756015800866
20010101,725.9031,729.968361166666,"1050874640",0.246354018907688,0.738315102688669,0.0153308784036434,"normal",0.633182533649964
20020101,457.323533333333,552.30774625833,"1050874640",0.485716995311677,0.511818470478428,0.00246453420989512,"normal",0.708360248657648
20030101,1061.0199,1086.47100344999,"1050874640",0.0232553906433789,0.780943357321657,0.195801252034964,"normal",0.599843242702735
20040101,1074.53623333333,904.964880099993,"1050874640",0.0923443087575878,0.843524108877437,0.0641315823649755,"normal",0.539683094148577
20050101,876.4455,785.802797216669,"1050874640",0.186639093253963,0.788192661033825,0.025168245712212,"normal",0.593562068223845
20060101,1341.4707,1150.47115443332,"1050874640",0.0130421487674163,0.720147519765631,0.266810331466953,"normal",0.64553556835236
20070101,271.8493,336.728428466668,"1050874640",0.774323822956464,0.225517438465972,0.000158738577563877,"below",0.535309862105714
20080101,530.9512,635.656993133337,"1050874640",0.366608449576134,0.627296509985426,0.00609504043844034,"normal",0.691494567492607
20090101,515.838333333333,469.80820403333,"1050874640",0.60492663436514,0.394149150641158,0.000924214993701988,"below",0.677485370908962
20100101,1502.64,1442.83550154166,"1050874640",0.000492208755292198,0.326764940587587,0.67274285065712,"above",0.635910150366981
20110101,295.6222,450.560537249997,"1050874640",0.631776539188717,0.367497198884656,0.000726261926626837,"below",0.663252495069755
20120101,1526.72266666667,1350.75499173333,"1050874640",0.00154846889641766,0.45445573959843,0.543995791505152,"above",0.699620157148567
20130101,431.906266666667,763.498847350007,"1050874640",0.209337495657859,0.769923556648646,0.0207389476934947,"normal",0.609049684565237
20140101,451.7579,438.61412821667,"1050874640",0.648132485114928,0.351243623659137,0.000623891225935536,"below",0.653170755056916
20150101,173.613766666667,248.741249833336,"1050874640",0.858851986214251,0.141104217944578,4.37958411709793e-05,"below",0.407439575255779
20160101,2157.81493333333,1816.78611262499,"1050874640",1.55424122159903e-06,0.0346778416393838,0.965320604119395,"above",0.150666696241829
20170101,1168.75926666667,1274.203780175,"1050874640",0.00370550293044573,0.563653670653351,0.432640826416203,"normal",0.706381418187133
20180101,1448.206,1384.264862925,"1050874640",0.00103296414540726,0.406791736970402,0.592175298884191,"above",0.68326416001465
20190101,1514.17986666667,1448.91441561666,"1050874640",0.000454638519374508,0.318813190419849,0.680732171060777,"above",0.629750479556415
20200101,1018.45003333333,1365.29824003333,"1050874640",0.00130120000643848,0.433670400545082,0.56502839944848,"above",0.693527608058905
20210101,2333.14476666667,1305.51135724167,"1050874640",0.00261619885456676,0.519344849471596,0.478038951673838,"normal",0.708646976637721
20220101,1332.2014,1443.63812367499,"1050874640",0.000487088587858356,0.325710551545303,0.673802359866839,"above",0.635109220479798
20230101,1462.96526666667,1415.7909132,"1050874640",0.000696818776481655,0.363027072204196,0.636276109019322,"above",0.660587320461115
20240101,497.7976,1285.890613075,"1050874640",0.00325857780624738,0.547225143482116,0.449516278711636,"normal",0.708005082640864
20250101,959.075116666667,1383.65142051666,"1050874640",0.00104077879707345,0.407655785747017,0.591303435455909,"above",0.683636656623365
20260101,959.075116666667,991.011844258326,"1050874640",0.05036042693682,0.8357451039055,0.11389446915768,"normal",0.547897519063984
19930101,9.48826923076923,12.3064122862717,"1050887720",0.180179072338161,0.462554395542325,0.357266532119514,"normal",1.03314182090338
19940101,16.3846538461538,9.96087273776452,"1050887720",0.273626892324137,0.477670271817357,0.248702835858506,"normal",1.05360611606026
19950101,1.51234615384615,7.02366704498844,"1050887720",0.416766364197457,0.440988077915177,0.142245557887366,"normal",1.00322701104807
19960101,14.1908461538462,9.08856260195737,"1050887720",0.313643635250577,0.473023196585362,0.213333168164061,"normal",1.0473578671971
19970101,14.6785769230769,13.0019967751417,"1050887720",0.156860149152025,0.450717598706915,0.39242225214106,"normal",1.01682952659752
19980101,5.53284615384615,7.35178936772156,"1050887720",0.399774245360877,0.447903958108059,0.152321796531064,"normal",1.01291408792428
19990101,22.219,15.6167107421593,"1050887720",0.0875263316910547,0.382307157520582,0.530166510788364,"above",0.917222816874335
20000101,10.0382307692308,15.9456209963268,"1050887720",0.080755186289135,0.371663798767565,0.5475810149433,"above",0.900844839821368
20010101,43.4416923076923,21.7188650961498,"1050887720",0.0150059606876536,0.171867894737696,0.81312614457465,"above",0.533889630567437
20020101,4.2805,15.0693230019341,"1050887720",0.0997204248432836,0.399207024931542,0.501072550225175,"above",0.942719158949447
20030101,0.816846153846154,8.18129515600682,"1050887720",0.357721859332806,0.462419224375684,0.179858916291511,"normal",1.03295698210063
20040101,9.94969230769231,9.93445420626049,"1050887720",0.274800822076961,0.477611501770296,0.247587676152743,"normal",1.05352733272269
20050101,9.29165384615385,10.2218374740321,"1050887720",0.262165753111095,0.47797356793134,0.259860678957565,"normal",1.05401259942708
20060101,10.397,8.08600388434855,"1050887720",0.362476595476968,0.460978041288558,0.176545363234474,"normal",1.03098419381827
20070101,13.3229615384615,8.8715636000264,"1050887720",0.32397589119066,0.471011225677366,0.205012883131974,"normal",1.04464086777675
20080101,15.9748846153846,21.1307977758343,"1050887720",0.0182412745829822,0.190427127544437,0.791331597872581,"above",0.57406178886948
20090101,5.41930769230769,8.14180160702689,"1050887720",0.359689835212457,0.461829265384487,0.178480899403055,"normal",1.03214986069243
20100101,38.5638461538462,29.8663201554655,"1050887720",0.000564009769661212,0.0235119868682289,0.97592400336211,"above",0.116178565170566
20110101,8.31607692307692,10.9667504281773,"1050887720",0.230857808481193,0.476070407221979,0.293071784296827,"normal",1.05145928552418
20120101,44.673,31.0534494182513,"1050887720",0.000319145979406222,0.016088299858863,0.983592554161731,"above",0.0852804389818953
20130101,2.53023076923077,8.12038887852528,"1050887720",0.360758399595688,0.461505050275941,0.177736550128371,"normal",1.03170603490895
20140101,9.53576923076923,18.546557873095,"1050887720",0.0403297473441052,0.280129655545694,0.679540597110201,"above",0.748483656849302
20150101,0.219153846153846,7.24044559012908,"1050887720",0.405520761483636,0.445628498043009,0.148850740473355,"normal",1.00973677435268
20160101,16.2512307692308,8.50092565841122,"1050887720",0.341937540737778,0.466806341923202,0.19125611733902,"normal",1.03893932729775
20170101,2.33623076923077,6.74786850211201,"1050887720",0.431171558706202,0.434695634798615,0.134132806495183,"normal",0.994334394319881
20180101,2.13411538461538,6.91610586805061,"1050887720",0.422372208468019,0.438584846726955,0.139042944805026,"normal",0.999839637978019
20190101,3.44484615384615,8.31980979614987,"1050887720",0.350849780345417,0.464405596326659,0.184744623327923,"normal",1.03566991671826
20200101,15.1726923076923,6.89775663230578,"1050887720",0.42333013413301,0.43816832619809,0.138501539668901,"normal",0.999251430593743
20210101,28.0345,10.0336938919126,"1050887720",0.27040392511118,0.47780556930825,0.25179050558057,"normal",1.05378746423444
20220101,8.41834615384615,12.0907509646621,"1050887720",0.187829741795555,0.465577433789468,0.346592824414977,"normal",1.03726705275802
20230101,6.99207692307692,7.82396282585055,"1050887720",0.375659433790396,0.456706512420691,0.167634053788912,"normal",1.02511488690139
20240101,5.86615384615385,8.41538803837634,"1050887720",0.346136020440259,0.46570046942295,0.188163510136791,"normal",1.03743459914564
20250101,9.51201923076923,7.95871558332239,"1050887720",0.368861005096754,0.458959159033262,0.172179835869984,"normal",1.02821428171719
20260101,9.51201923076923,8.14593060878251,"1050887720",0.359483910460909,0.461891432267062,0.17862465727203,"normal",1.03223494069774
19930101,773.2204,835.527422216667,"1050888070",6.00805396656004e-07,0.0937253740166242,0.906274025177979,"above",0.311082430891818
19940101,463.524466666667,608.527531423611,"1050888070",0.00380356502264981,0.803551322201691,0.192645112775659,"normal",0.514209179555002
19950101,691.274933333333,572.853829726389,"1050888070",0.0100243118337865,0.877177516944244,0.112798171221969,"normal",0.407232942409825
19960101,960.6304,879.950239866668,"1050888070",6.34632090055923e-08,0.0404043804517061,0.959595556085085,"above",0.169228280815468
19970101,295.096566666667,535.009698586112,"1050888070",0.0249429119222801,0.91757594104163,0.0574811470360903,"normal",0.335181539498804
19980101,474.006566666667,469.53179321889,"1050888070",0.091710934847211,0.894629404698022,0.0136596604547666,"normal",0.377366135344669
19990101,480.720666666667,375.01048888,"1050888070",0.337274613130909,0.661812822518856,0.000912564350235012,"normal",0.646134952306056
20000101,702.348733333333,621.827097055555,"1050888070",0.00257800590514174,0.767801030891051,0.229620963203807,"normal",0.556085918244719
20010101,356.928366666667,364.676157425555,"1050888070",0.374340972289617,0.625010972352682,0.000648055357700628,"normal",0.666327198103955
20020101,862.433233333333,758.585575900278,"1050888070",1.94171293828859e-05,0.281919679809624,0.718060903060993,"above",0.594980903980817
20030101,418.214366666667,381.074570109722,"1050888070",0.316211667793486,0.682677570429584,0.00111076177692926,"normal",0.632224713710683
20040101,322.907266666667,320.48329166111,"1050888070",0.541917169161063,0.457947820000075,0.000135010838861249,"below",0.690861509344932
20050101,271.975566666667,238.578058783889,"1050888070",0.814374727507674,0.18562059026011,4.68223221639086e-06,"below",0.479871274190058
20060101,322.535133333333,316.974734655556,"1050888070",0.555297617277048,0.444584050416831,0.000118332306120572,"below",0.688111387449948
20070101,225.286966666667,269.599967826388,"1050888070",0.724194058726847,0.275788004318573,1.79369545800778e-05,"below",0.589139288506463
20080101,452.6142,440.026833778056,"1050888070",0.147753681089139,0.845878924794591,0.00636739411627019,"normal",0.456315424032991
20090101,701.132933333333,642.276886009442,"1050888070",0.00137635369352404,0.705104871653013,0.293518774653463,"normal",0.615236982510905
20100101,842.776466666667,795.48366170111,"1050888070",3.91663115018707e-06,0.175541938392118,0.824454144976732,"above",0.464617675528286
20110101,75.8753666666667,215.562563860556,"1050888070",0.867747537329548,0.13225082715922,1.63551123233407e-06,"below",0.390666342113837
20120101,1007.13153333333,890.605313831112,"1050888070",3.60508700569979e-08,0.0322551595176619,0.967744804431468,"above",0.142496639505147
20130101,461.802833333333,568.572616003888,"1050888070",0.011179824273471,0.883720071451521,0.105100104275008,"normal",0.396253079021217
20140101,264.702833333333,248.6052812,"1050888070",0.787436012070664,0.212556692422496,7.29550683997715e-06,"below",0.517416300245505
20150101,191.429433333333,230.347225284444,"1050888070",0.834824830345701,0.165171937821409,3.23183289063778e-06,"below",0.448190979802722
20160101,893.441,887.363205589445,"1050888070",4.28665343681867e-08,0.0345771588842102,0.965422798249255,"above",0.150310119477934
20170101,362.510766666667,421.562134605556,"1050888070",0.19262220500532,0.803573281925459,0.00380451306922158,"normal",0.514181536085457
20180101,395.011366666667,428.61820135889,"1050888070",0.174576295833543,0.820775852328611,0.00464785183784522,"normal",0.49177707457785
20190101,272.483933333333,245.502410560555,"1050888070",0.796006597031437,0.203987036906296,6.36606226700476e-06,"below",0.505961279430066
20200101,497.495266666667,345.054306690277,"1050888070",0.447733252825698,0.551936927312278,0.000329819862024405,"normal",0.690451613976411
20210101,803.171466666667,591.144206999723,"1050888070",0.00618167553255701,0.843627967317003,0.15019035715044,"normal",0.459633280557796
20220101,566.242466666667,543.835076005278,"1050888070",0.0203809827206518,0.911674257445412,0.0679447598339364,"normal",0.346358660171897
20230101,593.354633333333,347.198741736388,"1050888070",0.439575937996815,0.560068394821029,0.000355667182156072,"normal",0.688801305080445
20240101,503.556666666667,331.843967045555,"1050888070",0.49834229411703,0.501452317877598,0.00020538800537151,"normal",0.6949492156119
20250101,468.765516666667,293.86953066,"1050888070",0.641172542677998,0.358779124438431,4.83328835713115e-05,"below",0.653219666445699
20260101,468.765516666667,412.545678013056,"1050888070",0.217274203658063,0.779798225117881,0.00292757122405551,"normal",0.542719440184644
19930101,1186.63375757576,1134.12275572754,"1050892990",0.565722239216593,0.41529614193752,0.0189816188458871,"below",0.76246043048438
19940101,974.172606060606,1117.83394403977,"1050892990",0.596712504215837,0.387691107805889,0.0155963879782742,"below",0.740341952051104
19950101,1353.40806060606,1385.30801126759,"1050892990",0.14498393054439,0.657788493389836,0.197227576065774,"normal",0.875690893092462
19960101,1547.83006060606,1341.81006097788,"1050892990",0.19869674663686,0.657519360916031,0.143783892447109,"normal",0.875635282098475
19970101,1464.43878787879,1530.34508368451,"1050892990",0.0388019357243649,0.518841232115817,0.442356832159818,"normal",0.827323266434583
19980101,1429.22115151515,1406.06767754205,"1050892990",0.12316168981144,0.650341030764516,0.226497279424044,"normal",0.874100466647769
19990101,1639.99606060606,1449.00959732444,"1050892990",0.0855741027945466,0.620252803531643,0.29417309367381,"normal",0.866569571287344
20000101,1176.22984848485,1357.72672500507,"1050892990",0.177788495070028,0.660128269379553,0.162083235550419,"normal",0.876168498367907
20010101,1461.65833333333,1396.79894140664,"1050892990",0.132602730460036,0.654260919600169,0.213136349939795,"normal",0.874950921300911
20020101,1138.66357575758,1388.46815890825,"1050892990",0.141503858328819,0.656966684034156,0.201529457637025,"normal",0.875520645311297
20030101,1874.06184848485,1713.15614780336,"1050892990",0.00396128176102765,0.223994966283667,0.772043751955306,"above",0.55677513350399
20040101,1591.6136969697,1503.1367347592,"1050892990",0.0513174199992968,0.558002101033749,0.390680478966954,"normal",0.845119898224728
20050101,1716.09854545455,1529.21458884906,"1050892990",0.0392671839682946,0.520549252941939,0.440183563089766,"normal",0.828172185537835
20060101,1103.40045454545,1196.70605604993,"1050892990",0.444570932717495,0.517096117498396,0.0383329497841091,"normal",0.826448917373417
20070101,1363.35478787879,1370.42584312711,"1050892990",0.162142268922121,0.660131861791563,0.177725869286316,"normal",0.876169223588008
20080101,1841.64533333333,1647.78493395354,"1050892990",0.00972253515055763,0.324920176084899,0.665357288764543,"above",0.68140214366465
20090101,1090.51575757576,1153.6942199586,"1050892990",0.52796219131805,0.448180773249893,0.0238570354320568,"below",0.786039108704031
20100101,1321.3366969697,1378.87379340114,"1050892990",0.152246282555092,0.65911153467974,0.188642182765168,"normal",0.875962249471119
20110101,1038.08936363636,1100.00746334899,"1050892990",0.629938772444649,0.357562727025383,0.012498500529968,"below",0.713618946432769
20120101,1564.20121212121,1527.80615838539,"1050892990",0.0398531552788063,0.522668329118382,0.437478515602812,"normal",0.829216022379909
20130101,1414.50163636364,1437.54412752991,"1050892990",0.0946474227592018,0.630128891116396,0.275223686124402,"normal",0.869239080565539
20140101,1083.90509090909,1108.37907548982,"1050892990",0.61443902721959,0.371681117660632,0.013879855119778,"below",0.726488213473877
20150101,1332.53363636364,1408.58839227269,"1050892990",0.120677658594008,0.649111291143417,0.230211050262574,"normal",0.873827528181763
20160101,1101.48524242424,1104.10697795328,"1050892990",0.622373261932694,0.364467425823183,0.0131593122441224,"below",0.719990526169139
20170101,1823.88306060606,1744.67683937574,"1050892990",0.00248547791598182,0.181800371992492,0.815714150091527,"above",0.49100164776529
20180101,1170.87636363636,1116.18398350238,"1050892990",0.599821423260632,0.384894244418981,0.0152843323203876,"below",0.737977275420361
20190101,1167.16590909091,1334.2740498456,"1050892990",0.209092895173091,0.655281376838916,0.135625727987993,"normal",0.87516744597772
20200101,1719.03487878788,1530.68651509767,"1050892990",0.0386623078343368,0.518324146194355,0.443013545971309,"normal",0.827064930374477
20210101,1016.78124242424,1525.83149143005,"1050892990",0.0406866552031182,0.525622453434279,0.433690891362603,"normal",0.830653914437105
20220101,1358.48657575758,1504.82841184448,"1050892990",0.0504554834996564,0.555696892865425,0.393847623634918,"normal",0.844167181023404
20230101,2074.65181818182,1459.92596940795,"1050892990",0.0775560393962116,0.609687976409778,0.31275598419401,"normal",0.863496509132531
20240101,1292.03463636364,1720.62079365617,"1050892990",0.00355425814943031,0.213564939977288,0.782880801873282,"above",0.541378752381835
20250101,1355.94731818182,1710.43030175213,"1050892990",0.00412001619864402,0.227868148585877,0.768011835215479,"above",0.562357820547886
20260101,1355.94731818182,1240.35501309736,"1050892990",0.362406978105787,0.577943851932134,0.0596491699620795,"normal",0.852880172017297
19930101,86.2384705882353,64.0356504307773,"1050893000",0.0447957223481674,0.880873399771919,0.0743308778799132,"normal",0.444053649089085
19940101,14.4817647058824,18.4361016638655,"1050893000",0.495509302220321,0.503618374402251,0.000872323377427819,"normal",0.699526518765509
19950101,28.2123529411765,59.48491878757,"1050893000",0.0630990264509133,0.883481286054237,0.0534196874948494,"normal",0.440293019819168
19960101,36.325,47.0911057289565,"1050893000",0.142098912780743,0.838716759480187,0.0191843277390702,"normal",0.50063163841382
19970101,80.2735882352941,92.7853294829133,"1050893000",0.00288354578304823,0.64554945556559,0.351566998651362,"normal",0.666904356133432
19980101,148.655529411765,147.20011988743,"1050893000",9.07368067128239e-07,0.0514231659634112,0.948575926668522,"above",0.202698021032978
19990101,110.328764705882,66.4404782121147,"1050893000",0.0370100718698323,0.875335701996593,0.0876542261335749,"normal",0.451936686892417
20000101,17.7861176470588,26.5695465303571,"1050893000",0.377506330331487,0.620164775551004,0.00232889411750914,"normal",0.678169331037226
20010101,121.696294117647,91.7722973514354,"1050893000",0.00323190688217062,0.658997728935211,0.337770364182619,"normal",0.659971446149537
20020101,145.456764705882,147.167528674195,"1050893000",9.12815897902037e-07,0.0515504004825588,0.948448686701543,"above",0.203068803185446
20030101,213.806823529412,156.651863425525,"1050893000",1.50705420985923e-07,0.0238105550120117,0.976189294282567,"above",0.11252227788666
20040101,68.7377647058824,94.9841262759456,"1050893000",0.00224121658846237,0.615586464736884,0.382172318674653,"normal",0.679948543962947
20050101,160.656588235294,152.056413913866,"1050893000",3.66104241759732e-07,0.0350864161154192,0.964913217780339,"above",0.152006770641131
20060101,19.2622352941176,44.8310328806022,"1050893000",0.161733599958768,0.822664868160676,0.0156015318805556,"normal",0.520144858517471
20070101,154.639294117647,148.085484968102,"1050893000",7.70775121914064e-07,0.0480613137754005,0.951937915449478,"above",0.192778424926268
20080101,22.6642941176471,41.9918209485994,"1050893000",0.188790515913227,0.799282379272591,0.011927104814182,"normal",0.546632387503332
20090101,6.88129411764706,15.3436194405112,"1050893000",0.541060258203999,0.458352357815339,0.000587383980662382,"below",0.694271060768198
20100101,103.835235294118,73.5390193845937,"1050893000",0.0202311866740228,0.842535468185291,0.137233345140687,"normal",0.495827351856271
20110101,19.1684705882353,33.6625669279762,"1050893000",0.282868526316325,0.712009591397832,0.00512188228584332,"normal",0.626056708928998
20120101,100.856470588235,55.5092631387956,"1050893000",0.0834481494856637,0.877312815346536,0.0392390351678,"normal",0.44913816090229
20130101,26.6862352941176,49.6185976696079,"1050893000",0.122129942202285,0.853873323993192,0.0239967338045228,"normal",0.481191290707438
20140101,38.3866470588235,28.6225941294467,"1050893000",0.349022944775503,0.648032312696682,0.0029447425278144,"normal",0.665674830780477
20150101,9.22858823529412,32.1806469843137,"1050893000",0.30169256917506,0.693940411192342,0.00436701963259811,"normal",0.638805719413345
20160101,129.388176470588,147.446774882038,"1050893000",8.67139206834316e-07,0.0504683166236006,0.949530816237192,"above",0.1999047970465
20170101,12.45,15.6579164354692,"1050893000",0.536445311961138,0.462942872349398,0.000611815689464001,"below",0.695156203513736
20180101,13.0476470588235,41.4594138107842,"1050893000",0.194158548707046,0.794512614607847,0.0113288366851068,"normal",0.551758084227835
20190101,16.7827058823529,15.8189762010854,"1050893000",0.534078466611693,0.465296837242802,0.000624696145505532,"below",0.695579029441715
20200101,82.3976470588235,26.430120792577,"1050893000",0.379467123828698,0.618241238612593,0.00229163755870987,"normal",0.678926232863906
20210101,12.0524705882353,22.6615936478991,"1050893000",0.433481202257731,0.565050572080287,0.00146822566198168,"normal",0.694481662734682
20220101,15.9425294117647,25.546166557563,"1050893000",0.391968758195664,0.605963512385474,0.00206772941886202,"normal",0.683437313739394
20230101,42.7163529411765,44.2643495650559,"1050893000",0.166921625462429,0.818279410301317,0.0147989642362547,"normal",0.525286317516485
20240101,37.5289411764706,108.985477947899,"1050893000",0.000389952622422882,0.413325239435776,0.586284807941801,"above",0.681288777095158
20250101,37.9577941176471,59.5691213190476,"1050893000",0.0627141320630065,0.883526837818828,0.0537590301181651,"normal",0.440227057560866
20260101,37.9577941176471,44.4467688730741,"1050893000",0.165239973098516,0.819706675988197,0.0150533509132872,"normal",0.523621875662131
19930101,1591.3358,1524.05578772778,"1050908780",0.0391036684893418,0.711347420535541,0.249548910975117,"normal",0.71543589565795
19940101,984.669666666667,1125.67553792778,"1050908780",0.391224205680166,0.593426725341383,0.0153490689784507,"normal",0.74093710442785
19950101,1978.58876666667,1643.28808676388,"1050908780",0.0137042808059698,0.577810847568196,0.408484871625835,"normal",0.74144296461161
19960101,2314.18036666667,2173.49931444723,"1050908780",1.44393220087605e-05,0.0404745249630435,0.959511035714948,"above",0.169624069599045
19970101,1267.55776666667,1378.44540846389,"1050908780",0.111538383400553,0.776983727919059,0.111477888680388,"normal",0.685282224881254
19980101,1308.40996666667,1395.79395268889,"1050908780",0.0997358531065419,0.776021314491759,0.124242832401699,"normal",0.685804494470473
19990101,1082.651,980.385661711107,"1050908780",0.604676912646555,0.391882752285374,0.00344033506807095,"below",0.690816446125016
20000101,1361.00183333333,1263.63844512778,"1050908780",0.214641801537995,0.735545803569223,0.0498123948927819,"normal",0.705616719090042
20010101,1041.25103333333,991.496074508332,"1050908780",0.58864274626053,0.407463523845721,0.0038937298937487,"below",0.69936912639824
20020101,1270.5471,1332.472324675,"1050908780",0.147546966245934,0.770200935458072,0.0822520982959942,"normal",0.688912564231131
20030101,1375.54533333333,1371.91093100277,"1050908780",0.116233371020742,0.776844655556163,0.106921973423095,"normal",0.685357841034755
20040101,1188.43996666667,1012.01709018055,"1050908780",0.558654278528842,0.436471851207105,0.00487387026405284,"below",0.713058890095979
20050101,1112.94853333333,1024.57839011111,"1050908780",0.540118822318087,0.454304015847591,0.00557716183432255,"below",0.720075928783807
20060101,1530.45323333333,1512.22578884166,"1050908780",0.0429818632943769,0.721258404433184,0.235759732272439,"normal",0.711598909469963
20070101,459.696466666667,538.52144950278,"1050908780",0.97210176240487,0.0278914218790927,6.81571603777797e-06,"below",0.127422055434377
20080101,1005.03193333333,923.803876491665,"1050908780",0.683102862928675,0.31511005192611,0.00178708514521486,"below",0.63554399436318
20090101,1212.05113333333,1352.88082253333,"1050908780",0.130699721008877,0.774877836700067,0.0944224422910559,"normal",0.68642194567331
20100101,2281.28383333333,2349.36256675555,"1050908780",6.56737625216758e-07,0.00818321703084246,0.991816126231532,"above",0.0474854834288352
20110101,340.557133333333,697.337114174997,"1050908780",0.906682621203601,0.0932316354455458,8.57433508527627e-05,"below",0.310831827249863
20120101,2535.62246666667,2247.84002518333,"1050908780",4.11224245503824e-06,0.0215757003332148,0.97842018742433,"above",0.104164707041602
20130101,888.757733333333,1150.11828772779,"1050908780",0.356717872816713,0.624048828002546,0.0192332991807409,"normal",0.73795696397142
20140101,709.571733333333,774.205873511108,"1050908780",0.849444563917776,0.150296316577328,0.000259119504896432,"below",0.425579478719755
20150101,342.775766666667,533.474525758336,"1050908780",0.973285388078122,0.0267083576108443,6.25431103318252e-06,"below",0.123187966846084
20160101,3166.3257,2686.25846316943,"1050908780",5.521317565424e-10,0.00012785695543216,0.999872142492436,"above",0.00127404736844857
20170101,1435.83363333333,1577.6968308139,"1050908780",0.0249311791133751,0.658014051206557,0.317054769680068,"normal",0.731629508056399
20180101,1725.5619,1998.13169958057,"1050908780",0.000209031758842698,0.13735771461995,0.862433253621207,"above",0.402087075148078
20190101,1685.79073333333,1420.45835366668,"1050908780",0.0845656664619917,0.771337636569402,0.144096696968607,"normal",0.688312376932752
20200101,1435.1021,1337.50230796945,"1050908780",0.143265472509951,0.771598608275881,0.0851359192141677,"normal",0.688174115071931
20210101,3051.28713333333,2349.62573902222,"1050908780",6.53504780254088e-07,0.00816130843207863,0.991838038063141,"above",0.047380302369669
20220101,1711.90343333333,1362.26544857501,"1050908780",0.123417134012731,0.776137960458327,0.100444905528942,"normal",0.685741320606213
20230101,1985.56606666667,1320.56973727222,"1050908780",0.158016663502936,0.766261522105766,0.0757218143912971,"normal",0.690967003792269
20240101,973.451866666667,1571.707400575,"1050908780",0.0262618796183118,0.664593931224247,0.309144189157441,"normal",0.730041906137698
20250101,1334.7059,1144.77148315834,"1050908780",0.3641776159684,0.617503567118745,0.0183188169128545,"normal",0.738813055199368
20260101,1334.7059,1259.94278347222,"1050908780",0.21868508775611,0.732903113370721,0.0484117988731699,"normal",0.706763231474851
19930101,793.497966666667,734.062787631556,"1050909040",0.164716757757045,0.702222641803923,0.133060600439032,"normal",0.813686982342422
19940101,473.8816,505.107118549441,"1050909040",0.411153056806092,0.557595761740878,0.0312511814530299,"normal",0.799439180951059
19950101,511.1747,671.342309526173,"1050909040",0.220764369332088,0.68543035155205,0.0938052791158626,"normal",0.814385947095396
19960101,875.483833333333,1100.10907396471,"1050909040",0.0147997239458455,0.450093123835626,0.535107152218529,"above",0.756259322982158
19970101,1216.85553333333,1177.31233434014,"1050909040",0.00757997396393795,0.35888134542789,0.633538680608172,"above",0.693944517997882
19980101,376.4615,586.962692962805,"1050909040",0.311020674200064,0.633548889754144,0.055430436045792,"normal",0.812742498948423
19990101,1488.10343333333,1152.38311509864,"1050909040",0.00946770683876036,0.388155077080701,0.602377216080539,"above",0.716776754946819
20000101,1384.13583333333,1174.12589410937,"1050909040",0.00780115220278029,0.362599271975126,0.629599575822094,"above",0.697001757870729
20010101,291.067766666667,756.61679769941,"1050909040",0.147042291321092,0.703344029891442,0.149613678787465,"normal",0.813619335507195
20020101,1410.81463333333,1177.51232551571,"1050909040",0.00756627812734234,0.358648274022935,0.633785447849722,"above",0.693751305383738
20030101,996.8425,524.905283711685,"1050909040",0.386102443382448,0.577793436679553,0.036104119937999,"normal",0.804291878359829
20040101,436.045766666667,1067.61768633478,"1050909040",0.0192786693068656,0.488067381335634,0.492653949357501,"above",0.774991891405244
20050101,490.386466666667,497.186007314771,"1050909040",0.421284312847217,0.549248728250473,0.0294669589023107,"normal",0.797145951552346
20060101,601.53,562.681546776411,"1050909040",0.339675526170826,0.613253880180095,0.0470705936490787,"normal",0.810488914242516
20070101,438.3042,514.884569535887,"1050909040",0.398729443121468,0.567694739706869,0.0335758171716631,"normal",0.801987793191134
20080101,1148.71793333333,1015.48555266916,"1050909040",0.0288510198200382,0.546235881717651,0.42491309846231,"normal",0.796276322805581
20090101,1485.20766666667,1038.8304664196,"1050909040",0.0241627078778605,0.520742477006,0.45509481511614,"normal",0.788013874222758
20100101,1484.1357,798.027806618605,"1050909040",0.118013212623627,0.698542717954059,0.183444069422314,"normal",0.81389060072439
20110101,311.255033333333,841.487442974482,"1050909040",0.0921769334079988,0.684144009335557,0.223679057256444,"normal",0.81441506959174
20120101,1193.1659,746.670328759619,"1050909040",0.154673823672807,0.703174712881762,0.142151463445431,"normal",0.813629716787565
20130101,665.299933333333,557.441132238097,"1050909040",0.345990872243407,0.608602933805107,0.0454061939514863,"normal",0.809841406248761
20140101,180.6621,382.899729274523,"1050909040",0.569892620189668,0.418301727815763,0.011805651994569,"below",0.737433990615755
20150101,217.5232,382.899729274523,"1050909040",0.569892620189668,0.418301727815763,0.011805651994569,"below",0.737433990615755
20160101,1037.3726,1046.57196181549,"1050909040",0.0227567406850971,0.512073372706811,0.465169886608092,"normal",0.784829548645296
20170101,293.293433333333,361.220446176546,"1050909040",0.597615745182974,0.392598836116106,0.00978541870091953,"below",0.71999966893389
20180101,137.828366666667,361.629213879242,"1050909040",0.597097074057209,0.393082402707283,0.0098205232355083,"below",0.72034661015378
20190101,143.447966666667,360.963594213801,"1050909040",0.597941567873947,0.392295015478376,0.00976341664767744,"below",0.719781310965994
20200101,829.0381,375.377922972543,"1050909040",0.57955785466083,0.409375057837233,0.0110670875019375,"below",0.731609110872763
20210101,1054.8468,627.042212537933,"1050909040",0.26619303652861,0.662063310182067,0.0717436532893231,"normal",0.814366246408188
20220101,833.513,993.924536542937,"1050909040",0.0338301331991473,0.56875038856861,0.397419478232243,"normal",0.802240035000698
20230101,1072.89763333333,684.830541120559,"1050909040",0.207868864995324,0.690703158197984,0.101427976806692,"normal",0.814230124137164
20240101,1073.3464,1055.71544272081,"1050909040",0.0211855746262127,0.5017165487028,0.477097876670987,"normal",0.780770802098865
20250101,811.268033333334,685.210046975853,"1050909040",0.207512589589683,0.690838619179601,0.101648791230716,"normal",0.814225350517262
20260101,811.268033333334,808.901110262883,"1050909040",0.111113538666885,0.695824335033483,0.193062126299633,"normal",0.814022889749638
19930101,3561.07686666667,3358.76161841672,"1050909890",0.222852249645624,0.732747852204311,0.0443998981500654,"normal",0.700691003322564
19940101,2275.89933333333,2634.55381386666,"1050909890",0.792472636117184,0.20700720426074,0.000520159622076299,"below",0.514296814378925
19950101,4148.93343333333,3994.42714828336,"1050909890",0.0158830998076378,0.608502129414326,0.375614770778036,"normal",0.73587081028886
19960101,4749.3818,4573.64127735002,"1050909890",0.000325875810057019,0.172067053771362,0.827607070418581,"above",0.46202943138317
19970101,4006.45156666667,4410.7244213167,"1050909890",0.00112827292905105,0.276517177300774,0.722354549770175,"above",0.598053623058907
19980101,3168.08156666667,3261.52753281669,"1050909890",0.290892449570481,0.681270592043064,0.0278369583864551,"normal",0.720358234522178
19990101,4317.8685,4004.66104706666,"1050909890",0.0150172918229469,0.600880662413851,0.384102045763202,"normal",0.736641722635229
20000101,3757.021,3925.97622593338,"1050909890",0.0228461005873861,0.656593810225443,0.32056008918717,"normal",0.727253669122699
20010101,2744.0873,2951.57281146665,"1050909890",0.549513057692692,0.44567125198875,0.00481569031855866,"below",0.714881676328354
20020101,3836.23226666667,3834.26979315004,"1050909890",0.0360527980659769,0.711212253495495,0.252734948438528,"normal",0.709780381173408
20030101,4307.88576666667,4222.56699611671,"1050909890",0.00409271319293653,0.424497245370143,0.57141004143692,"above",0.706022950574859
20040101,3009.16716666667,3112.22678075,"1050909890",0.410779553419668,0.576636588972644,0.0125838576076882,"normal",0.737991904460755
20050101,3442.55826666667,3132.1217071167,"1050909890",0.394011176547343,0.591924204712521,0.0140646187401358,"normal",0.737336648534795
20060101,3120.79566666667,3113.63548688336,"1050909890",0.409586459657313,0.57772946273166,0.0126840776110261,"normal",0.737967413972904
20070101,2327.85323333333,2261.49082386669,"1050909890",0.948207592155274,0.0517710314449491,2.13763997766181e-05,"below",0.203947388904314
20080101,4113.0164,4043.58167950004,"1050909890",0.0120848992032733,0.571057642927901,0.416857457868825,"normal",0.738062999358274
20090101,3683.33126666667,3749.08934436669,"1050909890",0.0533839553582378,0.749360924000632,0.19725512064113,"normal",0.692840403924898
20100101,5257.03143333333,4892.45953138333,"1050909890",2.03359576541511e-05,0.0505581464715132,0.949421517570833,"above",0.200394376311087
20110101,1623.84623333333,2317.64916183333,"1050909890",0.933886944789286,0.0660770796584429,3.59755522714167e-05,"below",0.243772913391224
20120101,5304.6186,5133.83804156667,"1050909890",1.83317156645702e-06,0.0151884340424447,0.984809732785989,"above",0.0786958525377768
20130101,3008.5347,3193.19876248336,"1050909890",0.343867453191064,0.636549042274126,0.0195835045348103,"normal",0.731626677920989
20140101,2009.1779,2172.92895251668,"1050909890",0.965669360901499,0.034321502177545,9.13692095572127e-06,"below",0.149572028236342
20150101,1914.7609,2140.8229498667,"1050909890",0.970659941716681,0.0293334031510473,6.6551322719377e-06,"below",0.132503108387216
20160101,5609.9699,5321.8941819333,"1050909890",2.33842403379947e-07,0.00501527752697972,0.994984488630617,"above",0.0315637142376751
20170101,3437.80133333333,3674.00573186669,"1050909890",0.0736228796823523,0.771331344972667,0.155045775344981,"normal",0.681344400164735
20180101,2971.17906666667,3283.08165490004,"1050909890",0.275008959455649,0.694014092473138,0.0309769480712137,"normal",0.71615071153768
20190101,2906.35816666667,2607.13492333334,"1050909890",0.809147880592029,0.190431897132148,0.00042022227582339,"below",0.490447066992876
20200101,3955.506,2444.39890218335,"1050909890",0.890514214295578,0.109375246354735,0.000110539349686967,"below",0.346311899357462
20210101,4895.08983333333,5133.83804156667,"1050909890",1.83317156645702e-06,0.0151884340424447,0.984809732785989,"above",0.0786958525377768
20220101,3727.90156666667,3310.1326188167,"1050909890",0.255699280973256,0.708973904953418,0.0353268140733262,"normal",0.710654291162088
20230101,5019.93766666667,3364.83450256671,"1050909890",0.218926143225995,0.735419451066291,0.0456544057077142,"normal",0.699477668747277
20240101,3333.1618,3177.32731318334,"1050909890",0.35667665699939,0.625326670358336,0.017996672642274,"normal",0.733589019409121
20250101,3622.20406666667,3190.55263738334,"1050909890",0.345991100689617,0.634697928677075,0.0193109706333079,"normal",0.731974495159686
20260101,3622.20406666667,3352.19078000005,"1050909890",0.227145112223714,0.729780919257474,0.0430739685188122,"normal",0.702016339411291
19930101,2364.9818,2370.45852098592,"1050909900",0.0834407404605403,0.588481537447343,0.328077722092117,"normal",0.884897785364682
19940101,1311.5825,2460.84450339374,"1050909900",0.0608604860754865,0.549374286305965,0.389765227618549,"normal",0.866661518481269
19950101,2729.08226666667,2392.67826102001,"1050909900",0.0773783713890306,0.579733012672401,0.342888615938569,"normal",0.881088916702423
19960101,3200.60903333333,2467.00307310252,"1050909900",0.0595155913128965,0.546391932167624,0.394092476519479,"normal",0.865140738851868
19970101,2496.29906666667,2380.18263895176,"1050909900",0.0807451012527426,0.584726941790614,0.334527956956643,"normal",0.883281921079621
19980101,1705.29873333333,2213.36864385142,"1050909900",0.136756014551163,0.631315543981682,0.231928441467155,"normal",0.901380271071523
19990101,2607.28973333333,2084.72589769289,"1050909900",0.194963216568747,0.63845727906773,0.166579504363523,"normal",0.903787666646806
20000101,2616.1221,2388.04400495295,"1050909900",0.0786143319381521,0.581607027284894,0.339778640776954,"normal",0.881917736904193
20010101,1286.4015,1923.1597362002,"1050909900",0.286281367711156,0.610467163540998,0.103251468747846,"normal",0.893800910341192
20020101,2638.11006666667,2350.18193832746,"1050909900",0.0892783246160293,0.595928397060271,0.314793278323699,"normal",0.888019759868052
20030101,2330.80813333333,2022.21939369584,"1050909900",0.228002908366518,0.632388899501005,0.139608192132476,"normal",0.901748184877125
20040101,1407.26996666667,1914.50208381881,"1050909900",0.291692064942511,0.607872256883631,0.100435678173858,"normal",0.892799253423359
20050101,1600.69723333333,1157.96331145706,"1050909900",0.798168546494274,0.197954691500138,0.0038767620055884,"below",0.522092829063725
20060101,2054.76573333333,1908.29374037384,"1050909900",0.295601146146493,0.605947580392962,0.0984512734605449,"normal",0.892047881281764
20070101,914.1453,1135.50605305438,"1050909900",0.809530318480592,0.187040950011893,0.00342873150751433,"below",0.504075227161383
20080101,2248.24753333333,2375.97049886878,"1050909900",0.0819045708069835,0.586367623225237,0.33172780596778,"normal",0.883991484263434
20090101,2602.98596666667,1930.77382134422,"1050909900",0.281562601932874,0.61266254731118,0.105774850755946,"normal",0.894638187239162
20100101,3842.0248,2900.58379389712,"1050909900",0.00934195507184458,0.290707954780891,0.699950090147265,"above",0.652512866891018
20110101,585.390466666667,1223.05252798574,"1050909900",0.763023852772459,0.231490071784529,0.00548607544301172,"below",0.57365050347468
20120101,3701.25246666667,3252.62009488033,"1050909900",0.00136963327796432,0.120022626847298,0.878607739874737,"above",0.377193800966301
20130101,1552.93356666667,2249.01061025122,"1050909900",0.122985330528639,0.62473376572526,0.252280903746101,"normal",0.899076783040119
20140101,901.335433333333,1125.40355596072,"1050909900",0.814510774728607,0.182246421460454,0.003242803810939,"below",0.49595227123972
20150101,555.671533333333,1184.59196226617,"1050909900",0.78418320269952,0.211341305087709,0.00447549221277066,"below",0.543337135900663
20160101,4417.06903333333,3535.2809863896,"1050909900",0.000221954340143229,0.0457741911556512,0.954003854504206,"above",0.187958232228921
20170101,1656.32513333333,2392.26714400086,"1050909900",0.0774874165113873,0.579900296140946,0.342612287347667,"normal",0.88116318876684
20180101,1804.485,2042.17696170228,"1050909900",0.217125507419982,0.634997755137367,0.147876737442651,"normal",0.902633414443041
20190101,1747.48473333333,1169.73932573343,"1050909900",0.792051915096827,0.203816009200645,0.00413207570252794,"below",0.531507637735853
20200101,2170.98026666667,1930.77382134422,"1050909900",0.281562601932874,0.61266254731118,0.105774850755946,"normal",0.894638187239162
20210101,3932.56356666667,3172.38243609249,"1050909900",0.0021939531858263,0.151357984565402,0.846448062248772,"above",0.440319974892929
20220101,2386.31643333333,3172.38243609249,"1050909900",0.0021939531858263,0.151357984565402,0.846448062248772,"above",0.440319974892929
20230101,2959.90473333333,2459.56834591696,"1050909900",0.0611421202605929,0.549987642621771,0.388870237117636,"normal",0.866971955187398
20240101,2011.20616666667,2267.94090594413,"1050909900",0.116080368714386,0.620458079171654,0.26346155211396,"normal",0.897536428209116
20250101,2209.6139,2371.11726486667,"1050909900",0.083256019509358,0.588230886105851,0.328513094384791,"normal",0.884790788924614
20260101,2209.6139,2120.52366366115,"1050909900",0.177426482326031,0.639125848528551,0.183447669145418,"normal",0.904008159035993
19930101,680.801516129032,661.276375324732,"1050915980",0.81979300859049,0.180076734613808,0.000130256795702222,"below",0.472779485526768
19940101,732.909903225806,740.566786459678,"1050915980",0.566718062445146,0.431446520754962,0.00183541679989252,"below",0.696078428153803
19950101,877.09564516129,808.270728206453,"1050915980",0.319379073662639,0.668946695702207,0.0116742306351538,"normal",0.685437072040761
19960101,1019.11035483871,974.249465001611,"1050915980",0.0210670114906173,0.73850486164762,0.240428126861762,"normal",0.647871257859208
19970101,1049.30367741935,997.4676106043,"1050915980",0.0121990286187771,0.674429989837375,0.313370981543848,"normal",0.683028781803481
19980101,634.144225806452,696.084618065591,"1050915980",0.721345286969792,0.27821097258312,0.000443740447087837,"below",0.594980432408317
19990101,893.236838709677,861.110661423656,"1050915980",0.166785626807885,0.794865333299718,0.038349039892397,"normal",0.606265158190459
20000101,870.563870967742,968.181612125803,"1050915980",0.0241305200496464,0.752856603628467,0.223012876321887,"normal",0.638226639884763
20010101,789.438903225806,796.04941401183,"1050915980",0.361531886829395,0.629876251235345,0.00859186193526007,"normal",0.699844231634946
20020101,748.07035483871,786.160679733335,"1050915980",0.396945769006552,0.59640843577863,0.00664579521481745,"normal",0.708322269287106
20030101,1063.96625806452,982.731451518816,"1050915980",0.0173408503266237,0.716694839429046,0.26596431024433,"normal",0.661287820350448
20040101,799.575967741936,864.055971669354,"1050915980",0.159946726192123,0.799337809874408,0.0407154639334686,"normal",0.602533861954412
20050101,1331.32961290323,1265.82558386022,"1050915980",8.87426197664831e-07,0.0206552016075426,0.97934391096626,"above",0.100591439341347
20060101,701.211580645161,661.503842812904,"1050915980",0.819230070121049,0.180638582312021,0.000131347566930118,"below",0.473639528400775
20070101,649.051903225806,656.837624350538,"1050915980",0.83055713042466,0.169332270633654,0.000110598941685636,"below",0.455923446326846
20080101,1458.29458064516,1311.78160218602,"1050915980",9.43195925448454e-08,0.00669765096529207,0.993302254715115,"above",0.0402052210370083
20090101,1048.56435483871,1003.62628113602,"1050915980",0.0104776521638795,0.655317357852206,0.334204989983915,"normal",0.691011876764354
20100101,1144.58970967742,1187.56235797151,"1050915980",2.66547335815128e-05,0.0961749494427845,0.903798395823634,"above",0.316900956568559
20110101,898.503935483871,973.48686259516,"1050915980",0.0214329758823375,0.740367538823952,0.23819948529371,"normal",0.646656098918953
20120101,1195.41529032258,1276.04940867904,"1050915980",5.47456945709578e-07,0.0163129039407681,0.983686548602286,"above",0.0833281817124764
20130101,665.439967741935,777.758867738173,"1050915980",0.427730898956794,0.566959191497176,0.00530990954602939,"normal",0.712800615294412
20140101,459.192225806452,536.872576158067,"1050915980",0.981505684323618,0.0184936086354045,7.07040977099282e-07,"below",0.0921278478346938
20150101,437.865451612903,515.394619090325,"1050915980",0.988934539044538,0.0110652095450965,2.51410365970095e-07,"below",0.0608449756818251
20160101,1295.56596774194,1308.15828540807,"1050915980",1.13296341529609e-07,0.00736462540059735,0.992635261303061,"above",0.0435075336171239
20170101,891.047580645161,861.21619530215,"1050915980",0.16653736868833,0.795030780330625,0.0384318509810445,"normal",0.606128257917407
20180101,909.814096774194,975.195012381722,"1050915980",0.0206206087038042,0.736172284314933,0.243207106981262,"normal",0.649377578893918
20190101,845.057322580645,803.115353183871,"1050915980",0.336915569754335,0.652811414520488,0.0102730157251769,"normal",0.691972964299746
20200101,925.508516129032,708.995163088172,"1050915980",0.679136132859546,0.320182439801702,0.000681427338751872,"below",0.632393506395479
20210101,898.559322580645,973.992414474733,"1050915980",0.0211897719640166,0.739134576162611,0.239675651873372,"normal",0.647461670512645
20220101,1181.43603225806,981.745983478495,"1050915980",0.0177426433739662,0.719328937750909,0.262928418875124,"normal",0.659746837536991
20230101,982.254161290323,965.248472406452,"1050915980",0.0257406486721127,0.759400293200185,0.214859058127702,"normal",0.633613988541711
20240101,1157.29651612903,861.21619530215,"1050915980",0.16653736868833,0.795030780330625,0.0384318509810445,"normal",0.606128257917407
20250101,895.870387096774,1177.91402353548,"1050915980",3.9111586142368e-05,0.112590880529708,0.887370007884149,"above",0.352329533126594
20260101,895.870387096774,844.17741488871,"1050915980",0.209685763745787,0.763486520665052,0.0268277155891609,"normal",0.630665196300685
19930101,280.2829,178.463131652231,"1050915990",0.250624249447665,0.583999286161768,0.165376464390567,"normal",0.958521235978712
19940101,186.9519,165.91116784103,"1050915990",0.309506569578426,0.564983462717457,0.125509967704117,"normal",0.946043788590062
19950101,136.074566666667,168.657457972808,"1050915990",0.296117859858732,0.570280481239082,0.133601658902186,"normal",0.94958545048931
19960101,206.157366666667,190.384698944861,"1050915990",0.200734420189299,0.58917996112957,0.210085618681131,"normal",0.961807938006296
19970101,328.7977,358.848806809025,"1050915990",0.000707792933924519,0.0603047619957305,0.938987445070345,"above",0.233602641840047
19980101,181.128266666667,234.280388991451,"1050915990",0.0732555864716137,0.5033273653515,0.423417048176887,"normal",0.900900658926847
19990101,90.4767333333333,153.390570874235,"1050915990",0.373570928985622,0.53346393566369,0.0929651353506882,"normal",0.923886608130349
20000101,106.770733333333,183.467908239554,"1050915990",0.228918291272174,0.58774208946966,0.183339619258167,"normal",0.960900508457289
20010101,180.453533333333,165.404013762698,"1050915990",0.312007684822315,0.563938405778063,0.124053909399622,"normal",0.945338967523886
20020101,49.6329666666667,157.893774981217,"1050915990",0.350009943224706,0.546124964983305,0.103865091791989,"normal",0.933012671698583
20030101,222.227333333333,165.658604961023,"1050915990",0.310751032595645,0.564465601278019,0.124783366126336,"normal",0.94569477693987
20040101,206.875766666667,224.689074325457,"1050915990",0.0937465840284955,0.534454920019327,0.371798495952178,"normal",0.924612034182565
20050101,564.308233333333,382.404415735012,"1050915990",0.000215458360322843,0.030162852934538,0.969621688705139,"above",0.137335701258607
20060101,103.270166666667,164.230092107333,"1050915990",0.317830280050829,0.561440722461711,0.12072899748746,"normal",0.943646289341272
20070101,170.155266666667,209.442595584839,"1050915990",0.13455214641684,0.570848446477474,0.294599407105687,"normal",0.949962155142876
20080101,443.8833,343.943587376864,"1050915990",0.00142571791949671,0.0889914069026042,0.909582875177899,"above",0.310832639364733
20090101,251.9791,241.457505688253,"1050915990",0.0603086565477954,0.476714663990478,0.462976679461726,"normal",0.879059937941869
20100101,212.467633333333,166.277852812882,"1050915990",0.307703672429499,0.565726191965043,0.126570135605458,"normal",0.946543488518656
20110101,128.377933333333,179.957165227742,"1050915990",0.244032579001409,0.585351863952131,0.170615557046461,"normal",0.95938393631433
20120101,455.328566666667,352.239250159466,"1050915990",0.000970359182234728,0.0719982974777036,0.927031343340062,"above",0.26640706376413
20130101,211.2381,203.751035542573,"1050915990",0.15252829840172,0.579669975904,0.26780172569428,"normal",0.955737938291883
20140101,114.414766666667,149.928751542779,"1050915990",0.392015772936188,0.522805473074479,0.0851787539893329,"normal",0.915963282121075
20150101,84.2011333333333,143.830056780822,"1050915990",0.425083186552414,0.502250753720964,0.0726660597266215,"normal",0.900045714813358
20160101,305.270866666667,270.794502536872,"1050915990",0.024889793904567,0.350835178125004,0.624275027970429,"above",0.753539850628655
20170101,271.909933333333,301.343874845901,"1050915990",0.00845984516246814,0.220183161503015,0.771356993334517,"above",0.573823515161335
20180101,222.849833333333,318.105304704081,"1050915990",0.00436427488504464,0.159825792477841,0.835809932637114,"above",0.466690582762605
20190101,293.687,297.211740894031,"1050915990",0.00988336154130096,0.236592515539334,0.753524122919365,"above",0.59990173742316
20200101,168.102333333333,308.426537329726,"1050915990",0.0064349098940759,0.193395713595774,0.80016937651015,"above",0.528606327458362
20210101,178.121333333333,206.464106259236,"1050915990",0.143769556767625,0.575808802176278,0.280421641056097,"normal",0.953227204017473
20220101,92.1858,168.39657443955,"1050915990",0.297378238216349,0.569803845199482,0.132817916584169,"normal",0.94926886625245
20230101,52.8356333333333,179.469947117049,"1050915990",0.24617185371442,0.584932660187769,0.168895486097811,"normal",0.959116908681028
20240101,236.514466666667,157.727148037948,"1050915990",0.35087218179958,0.545681887945923,0.103445930254497,"normal",0.932698476457692
20250101,196.554633333333,165.49770463929,"1050915990",0.311544974791204,0.564133019717637,0.124322005491159,"normal",0.945470373981849
20260101,196.554633333333,162.406294558832,"1050915990",0.326965826809768,0.55734543158677,0.115688741603463,"normal",0.940845917974972
