"HYBAS_ID","YYYY","Q","PCR","RIDGE","LASSO","pred_final"
"1050021910",19930101,1909.40086666667,2926.15319208252,2437.695916297,2440.38696874005,2346.59159986926
"1050021910",19940101,2153.02986666667,1894.90542274282,2121.28273337218,2117.77334618212,1979.27783274078
"1050021910",19950101,2683.02743333333,2119.12009192526,2041.8721838167,2028.96354880582,1995.00481125356
"1050021910",19960101,3570.9438,2858.69505158405,2855.79668046289,2873.69307090102,3223.36266547384
"1050021910",19970101,4302.9823,3742.94817957741,3979.16075160032,4036.30212591263,3308.00594163466
"1050021910",19980101,1703.7466,2266.82999235537,2174.7097062992,2168.89008794439,1949.35613361689
"1050021910",19990101,3466.62156666667,2527.41663733656,3005.26450958212,3027.00282503143,3228.08493817086
"1050021910",20000101,3098.9989,2883.20293752717,3601.74450255414,3649.75284155696,3250.84358698416
"1050021910",20010101,1598.6216,2215.27960525509,1788.74878936212,1772.0032274221,1955.44017996458
"1050021910",20020101,2764.77216666667,3262.25381796813,3236.76901474835,3273.69336902783,3217.32592514736
"1050021910",20030101,2306.59413333333,2012.89280660188,1893.41404378155,1881.09012103898,1980.91758164677
"1050021910",20040101,1561.12716666667,2857.88377346613,2184.60514527873,2179.38184204408,2019.7519119743
"1050021910",20050101,2963.53696666667,2190.10559032606,2810.95349306788,2825.47919579256,3136.23030096175
"1050021910",20060101,3127.11293333333,2537.77437362006,2353.0582746856,2360.01830000159,2387.61047912228
"1050021910",20070101,2118.3404,2454.45660259293,1574.2709268415,1551.42509881835,1933.36275699328
"1050021910",20080101,2865.54753333333,3002.81263137146,3226.05787372287,3255.86570980819,3217.32592514736
"1050021910",20090101,2514.41843333333,2254.52337857157,2227.380057513,2221.68166762659,2143.87416956979
"1050021910",20100101,2974.14026666667,2625.77746431844,2814.13578592101,2833.05707982194,3212.97933848061
"1050021910",20110101,3044.32363333333,2936.68170212084,2848.64406807099,2863.63335127302,3211.46151779572
"1050021910",20120101,3696.32363333333,2820.58892250128,3343.96963427384,3377.32631022392,3253.22725679945
"1050021910",20130101,1666.87636666667,2325.77094926714,2399.99330420169,2402.9341117294,2271.76964595249
"1050021910",20140101,689.8611,2040.80547713321,781.467210091174,730.94119126037,1104.6851089347
"1050021910",20150101,1046.13423333333,776.677341062835,1378.80756000555,1339.62578550456,1255.21398178892
"1050021910",20160101,1906.2651,1765.26077894625,1948.76911524877,1941.19330874427,1985.51436307143
"1050021910",20170101,739.7871,936.165585477686,1044.7733410846,994.859910908209,971.251453328935
"1050021910",20180101,1496.71433333333,2021.19512474679,2226.69053498662,2225.92566991488,2005.81426310655
"1050021910",20190101,614.114533333333,1278.31767086698,955.210316869349,908.413196999693,996.947366647776
"1050021910",20200101,3616.7906,1483.279028376,807.077768528716,755.653220724141,1078.60702033051
"1050021910",20210101,1681.8859,2667.91108037699,2576.5933630718,2590.60328543174,2406.39769383444
"1050021910",20220101,1932.93343333333,2364.31279786985,2488.54181818003,2494.59685667402,2271.76964595249
"1050021910",20230101,2177.9998,1791.90729753423,1901.20461429737,1885.3061728114,1981.46951356573
"1050021910",20240101,3558.88786666667,1644.10595523268,1352.6375412354,1316.7411415506,1381.59447972446
"1050021910",20250101,2242.29696666666,1906.4941155673,1786.24064305705,1763.75904479645,1959.37731870606
"1050021910",20260101,2242.29696666666,1291.16483198741,1570.41445959356,1544.34667029837,1881.1840472241
"1050021920",19930101,26.1199655172414,65.5779278081132,62.7922821592028,63.0910829777201,47.7155376551723
"1050021920",19940101,94.3780344827586,65.6310807967802,64.0788032907897,64.4901210482984,76.8351641379309
"1050021920",19950101,78.8454137931034,51.587900220398,58.2151451723741,58.3183013700347,71.8597519999998
"1050021920",19960101,61.7601034482759,59.0902214471922,56.4492013057098,56.4872467938567,62.8094561034476
"1050021920",19970101,90.5406206896552,59.8823484472483,74.3163723195183,74.827037276269,78.2647394827593
"1050021920",19980101,40.1078965517241,59.2028970207258,66.9799193073903,67.4886105648292,50.0879364137925
"1050021920",19990101,36.678724137931,40.057879674707,38.3269493702266,37.7953636932895,36.3241279137931
"1050021920",20000101,51.6383103448276,85.2510285645105,91.1162584020936,92.189779018787,77.5900919482751
"1050021920",20010101,48.8317586206897,67.4214366520146,50.2691628918292,50.1587291148728,51.3397596206899
"1050021920",20020101,30.3418620689655,57.1197701661986,33.8959650507125,33.4277663034461,31.176667086207
"1050021920",20030101,30.7999310344828,42.8635809020606,26.2287228413326,25.5175850812608,29.9152077068962
"1050021920",20040101,35.6835862068965,45.5838199396054,25.098084740079,24.35802156199,33.0242760862063
"1050021920",20050101,149.131206896552,61.1487155885793,94.2289957462947,95.3824318900898,120.336121448275
"1050021920",20060101,62.4085517241379,49.6992708854843,76.2956815905338,76.9010993407883,64.6379466724142
"1050021920",20070101,65.7780689655172,52.430237012707,60.4590744132655,60.6850115487439,67.0162610000003
"1050021920",20080101,82.8861034482759,80.3002667255607,87.0398115887974,87.9662746757099,80.8818243965509
"1050021920",20090101,44.1446206896552,57.0444708395704,35.9212068074068,35.3629933678841,46.6241573103449
"1050021920",20100101,67.1942413793103,50.5505783307811,35.3437317617497,34.8168429883151,55.6985218620686
"1050021920",20110101,82.349,70.7097373374877,72.0289382481002,72.5093379670962,81.5054080517245
"1050021920",20120101,71.0393103448276,61.0855235075366,62.6119922999793,62.8983199058611,65.6006319827588
"1050021920",20130101,51.5651034482759,58.328508583105,64.7760694847304,65.1405205971239,55.301380206896
"1050021920",20140101,18.1479655172414,54.0339131660492,32.8485694315268,32.2505197831819,27.661374189655
"1050021920",20150101,17.185724137931,35.8900645747623,26.0665509721737,25.2230251586682,22.4033152068963
"1050021920",20160101,28.8150344827586,37.5517899923345,28.9063647857301,28.1139490651708,27.4226758620689
"1050021920",20170101,22.8982068965517,18.9899403285983,38.9817099448207,38.4833224186119,27.0747970689657
"1050021920",20180101,46.903,44.6016151251985,49.8690034259058,49.7382058156017,45.8562418103442
"1050021920",20190101,24.9907931034483,31.2916283142817,48.373705909055,48.1524907925549,30.1555834137929
"1050021920",20200101,115.906,48.7113009002598,60.6757555880564,60.8121280535916,67.3265476379312
"1050021920",20210101,29.3824482758621,42.285774116091,47.0186525944379,46.6961229275761,38.8681275344824
"1050021920",20220101,36.7219310344828,52.5378437772412,42.8177616279073,42.5042581106854,45.0879304482757
"1050021920",20230101,45.431275862069,39.5988140377171,40.9656835210179,40.5425105576867,34.4068687068966
"1050021920",20240101,76.0936551724138,28.2339863103542,18.9764614869206,18.031066895029,25.7587962241375
"1050021920",20250101,47.8673793103448,NA,NA,NA,52.7814798965515
"1050021920",20260101,47.8673793103448,46.1043652897883,47.5122439800511,47.2565271213235,45.5075969482754
"1050021940",19930101,511.49,486.463834763192,550.250921656983,553.876302055703,547.045588947385
"1050021940",19940101,725.450068965517,499.356166184148,732.75742318159,743.968140064215,625.949296832342
"1050021940",19950101,727.014206896552,471.029315800948,601.25559175836,607.177881823339,623.235789915917
"1050021940",19960101,485.840965517241,518.346900419402,510.791477656626,513.149995511937,545.2929686939
"1050021940",19970101,393.202586206897,494.271859883218,336.715652736844,333.51427720946,344.771795934378
"1050021940",19980101,410.442137931034,352.541822754963,463.361255964475,464.030346207227,526.082951671673
"1050021940",19990101,260.307344827586,514.109619410387,442.351787245372,442.772127083699,404.830948380794
"1050021940",20000101,513.785206896552,599.649559782688,623.545622322438,630.539810079633,622.666745973451
"1050021940",20010101,484.262344827586,479.237495876647,482.967331776276,484.99277518533,535.151849402884
"1050021940",20020101,362.729551724138,448.177205879574,417.888209188353,417.708923600586,392.364365927415
"1050021940",20030101,538.797275862069,384.494855704529,419.911734432074,419.04125543291,400.614813859073
"1050021940",20040101,246.053310344828,494.539151113737,422.02195107509,421.244536493746,389.926747656481
"1050021940",20050101,793.475827586207,427.386314138021,452.780388393776,452.267300245495,540.875991232622
"1050021940",20060101,869.884103448276,582.314303063979,609.443558119475,615.139562132902,624.26789269348
"1050021940",20070101,602.470931034483,456.340533313918,627.693621346653,635.303249657761,625.250996057509
"1050021940",20080101,669.024310344828,621.577216483199,611.650059493673,618.880451507608,625.187432897132
"1050021940",20090101,437.987068965517,515.320220672454,620.737918220181,626.327537500144,616.805454027235
"1050021940",20100101,354.167275862069,415.209781631336,373.049102277882,370.806325590067,373.781845431992
"1050021940",20110101,482.05824137931,607.173846440826,512.419880086956,514.364450336043,551.096050938816
"1050021940",20120101,579.008689655172,514.975423895965,403.369352841923,402.168238602624,400.142381114184
"1050021940",20130101,360.326655172414,507.401811142164,446.068978165593,445.611247867444,403.303194301293
"1050021940",20140101,160.695172413793,413.639999304028,192.081976461492,181.639677996032,232.979918529246
"1050021940",20150101,180.972586206897,329.206973950941,220.716818393025,212.145266829553,222.411288467378
"1050021940",20160101,263.772137931034,301.159143488209,291.004641020481,284.29252512119,245.480307458445
"1050021940",20170101,128.493965517241,240.463441553171,133.404327604024,121.489749557521,214.494551267709
"1050021940",20180101,483.330620689655,234.143341809314,418.025893463775,415.143433169192,377.137581976679
"1050021940",20190101,46.8535862068966,272.070734257959,332.135151360776,326.774291799799,276.379075221876
"1050021940",20200101,796.29275862069,228.633958506262,299.330232111612,292.816939474201,270.056133814041
"1050021940",20210101,422.970551724138,384.730585681543,372.240396752188,370.350236798747,375.823006636341
"1050021940",20220101,321.354413793103,391.346296952356,284.434970959481,279.104530136021,264.098294663988
"1050021940",20230101,471.354379310345,409.595601556045,308.823604371568,303.980664038366,289.725398403233
"1050021940",20240101,471.272068965517,245.606025228406,151.362407437019,140.443615033722,214.494551267709
"1050021940",20250101,471.313224137931,362.665258856677,181.413751484395,171.939030507542,233.497351181894
"1050021940",20260101,471.313224137931,362.608523832808,294.808770307556,288.839717890563,290.240907487763
"1050022420",19930101,3699.25313333333,3874.55959036007,3427.6276854536,3415.16187358557,3740.69209476664
"1050022420",19940101,2549.9019,4405.77644617676,3574.23965281973,3568.10464659891,3044.81371904998
"1050022420",19950101,4988.55023333333,3914.18586154368,3942.73395884041,3952.44296976215,4578.41865580001
"1050022420",19960101,4937.98873333333,3990.69272030502,4159.80707113157,4171.63357386299,4685.97209651672
"1050022420",19970101,4366.1077,3930.33236078352,4576.49244029115,4606.09336361911,4404.55402546669
"1050022420",19980101,3279.27906666667,3587.88092069623,3927.63985643721,3932.39401277277,3713.36950899998
"1050022420",19990101,4706.45836666667,3569.90836298463,5103.93686882757,5149.96534195828,4780.35058766663
"1050022420",20000101,4044.23006666667,3965.39544608581,4571.04084405733,4604.17737204913,4307.00604923338
"1050022420",20010101,2757.81766666667,3520.95951181863,2140.64276875215,2083.93155901141,2586.61725089998
"1050022420",20020101,3976.93643333333,4304.31127826021,4258.72033071278,4274.25887930348,4277.90330391671
"1050022420",20030101,4556.26653333333,3715.47978481415,3626.01146932083,3615.61297014742,4218.75728029999
"1050022420",20040101,3048.4826,3641.16195884779,3111.34719670058,3083.65820052473,3264.49888086671
"1050022420",20050101,3874.14536666667,3202.25627750154,3212.07645958247,3193.09476084704,3663.55425493337
"1050022420",20060101,3707.87653333333,3246.89032530163,3297.64517343852,3276.64310528241,3623.36015445
"1050022420",20070101,2656.8366,3135.54398526327,3883.06071596104,3888.61892613879,3042.62573476668
"1050022420",20080101,4413.23533333333,3873.8643117335,3761.60244321449,3768.25968669501,4190.7870808833
"1050022420",20090101,4002.9134,3560.54879814651,3720.49151037043,3714.94191563966,3918.04216019998
"1050022420",20100101,5347.7863,3999.14159667808,4748.32712141564,4781.42813775925,5079.31067883329
"1050022420",20110101,1838.77793333333,3455.15084277687,2326.39953842431,2276.00159603347,2118.52762064999
"1050022420",20120101,5290.0559,4595.86547424537,4658.74046991747,4694.38348608978,5066.53509626666
"1050022420",20130101,3283.81076666667,4324.93208804071,3045.7040882332,3021.36709485419,3052.46090836667
"1050022420",20140101,2228.19346666667,2559.90564951498,2994.02594435318,2969.53704268518,2458.70760446666
"1050022420",20150101,2112.18326666667,3260.71775170562,2396.16308598134,2344.25130112325,2195.56083891668
"1050022420",20160101,5903.58426666667,5931.22207366953,5287.34162599187,5345.80131578005,5549.38063748329
"1050022420",20170101,3478.0535,4172.38648099601,3765.15075557698,3764.92564640256,3587.01641934998
"1050022420",20180101,3581.95746666667,3307.38624731,3765.15075557698,3764.92564640256,3547.59956798331
"1050022420",20190101,2901.2428,2954.28980659594,3765.15075557698,3764.92564640256,2984.91783768334
"1050022420",20200101,4237.1146,3521.5026425065,3765.15075557698,3764.92564640256,3640.79238091665
"1050022420",20210101,4955.4285,4478.46671497316,3765.15075557698,3764.92564640256,3246.23338019998
"1050022420",20220101,3980.73653333333,4427.76130005467,3765.15075557698,3764.92564640256,3210.84585253331
"1050022420",20230101,5348.27333333333,3949.28526514741,3765.15075557698,3764.92564640256,3777.69279034998
"1050022420",20240101,3690.31243333333,3736.99328710208,3765.15075557698,3764.92564640256,3863.28641999998
"1050022420",20250101,3925.5409,3790.11177496918,NA,NA,3870.08416828331
"1050022420",20260101,3925.5409,3456.72028117731,4410.19564637351,4430.92616200161,3996.74751769998
"1050022430",19930101,106.3453,224.213604786252,218.181687294088,225.984550675612,186.453169580059
"1050022430",19940101,344.707166666667,241.097683442898,219.066621463451,217.014635159904,251.735823842151
"1050022430",19950101,268.6762,228.323102247874,200.677447524367,214.75432004534,158.6623834888
"1050022430",19960101,174.9791,240.920876070728,252.912820342374,249.149162383443,261.144488848852
"1050022430",19970101,198.9999,261.806777580744,228.489449792698,232.353840371921,256.497525977611
"1050022430",19980101,257.222733333333,231.316199465547,257.957399607031,259.963622330942,267.793882521162
"1050022430",19990101,230.880833333333,251.984795866329,272.231531752765,274.935181183461,266.039771618778
"1050022430",20000101,202.6933,253.269731502293,300.523257404358,288.792792427066,272.767495991569
"1050022430",20010101,288.234833333333,224.974544310788,220.650326153653,214.719176912331,261.053987952841
"1050022430",20020101,357.129033333333,241.877215022593,261.724101131894,252.114746619532,273.425792837303
"1050022430",20030101,50.4114666666667,201.206277795658,215.453278767494,216.972477840009,151.056794779986
"1050022430",20040101,342.695733333333,244.68631714364,275.568865610665,268.489235342518,280.926263477051
"1050022430",20050101,463.600366666667,233.998524496138,311.538826304417,290.455115459682,363.337602126908
"1050022430",20060101,307.372066666667,284.834872593808,243.466598866615,256.824522634291,264.652879324509
"1050022430",20070101,259.407133333333,274.047339774362,261.701073747302,246.813591692093,257.405074436658
"1050022430",20080101,261.5004,298.573972889096,227.543229356572,232.020385391965,259.049758518703
"1050022430",20090101,171.682466666667,265.124616889865,291.876919716287,265.723538458603,247.368465152936
"1050022430",20100101,92.2390333333333,237.846337584283,181.853051363953,191.178337120955,127.975251675778
"1050022430",20110101,415.421966666667,320.218766472268,391.066230799997,363.092382218816,392.16337954525
"1050022430",20120101,158.942433333333,233.538067838902,174.381722462452,181.70822471631,127.158795374369
"1050022430",20130101,217.228033333333,235.047577720214,223.63667350792,221.54030701357,262.488106299382
"1050022430",20140101,254.301133333333,185.839076750548,220.097270400205,200.083686566014,250.660589029097
"1050022430",20150101,144.817266666667,192.884531390631,168.293535077765,183.971101664342,121.65896582717
"1050022430",20160101,67.7801666666667,32.6896345654208,64.7552121211411,117.285048587209,121.42754258217
"1050022430",20170101,142.1723,176.231385501634,85.0426240717345,124.739127452226,121.501644562725
"1050022430",20180101,295.5439,222.328944361527,241.651567678213,227.41415431225,261.502870327426
"1050022430",20190101,111.713766666667,209.183506906585,168.997799679153,180.758337116447,121.891140584745
"1050022430",20200101,170.5225,189.741460758638,227.838565282443,220.043803349724,255.6496483933
"1050022430",20210101,267.669566666667,248.309709752114,171.44844443552,195.938489699875,139.612903589383
"1050022430",20220101,329.148133333333,204.77428929171,158.441186767971,172.179795966114,121.776913688281
"1050022430",20230101,321.5413,225.799149996385,186.225798453995,199.201786449245,138.82866563797
"1050022430",20240101,272.3723,178.069889132568,197.152415295586,205.128952507388,147.799086700056
"1050022430",20250101,255.761933333333,212.055832213633,135.20572152178,159.93123481132,122.483514664653
"1050022430",20260101,255.761933333333,194.395685696037,263.120844668101,243.608364969813,257.548228840734
"1050022910",19930101,18.8626333333333,164.156915225914,145.988723297649,153.839103671786,92.9374920487501
"1050022910",19940101,233.434133333333,148.664747804434,181.080092625733,142.318232471328,180.217522739464
"1050022910",19950101,321.964333333333,165.165227726586,127.638295891678,177.896106584486,228.694095710278
"1050022910",19960101,140.135833333333,204.244214096247,129.918930940757,184.320410055651,174.184480981587
"1050022910",19970101,174.295233333333,159.28773593367,150.944034517472,170.771605319799,166.476119850853
"1050022910",19980101,204.862433333333,177.849501827718,206.411117454059,215.950601164872,208.989208957579
"1050022910",19990101,132.717566666667,179.056409236447,157.654445950144,174.59785177111,152.542765030913
"1050022910",20000101,193.1557,229.314288298314,294.639788360798,204.630615017807,265.529421810119
"1050022910",20010101,145.6732,153.218520423242,123.636921255417,157.431191832721,137.771913023809
"1050022910",20020101,279.362,168.397229879631,219.413120415675,188.808793979555,252.121270587539
"1050022910",20030101,26.8303,124.733197809501,78.1217449022334,166.484676375573,83.1410867963097
"1050022910",20040101,196.158266666667,173.915690574433,162.091954335092,191.433837043758,195.083731619167
"1050022910",20050101,406.476133333333,168.358574405643,309.797412344038,183.794598175688,318.207396155437
"1050022910",20060101,202.3919,234.147088039223,258.612882786367,201.176031324613,231.982301524841
"1050022910",20070101,149.343566666667,183.875369996724,157.94773359196,186.993234148823,173.22704194998
"1050022910",20080101,241.118766666667,236.947808852474,256.996108372562,170.964915017413,220.783511617977
"1050022910",20090101,134.474733333333,184.844057568177,150.334823286908,173.527300919884,144.934131584008
"1050022910",20100101,72.8143333333333,180.459548224299,108.23232405064,146.030866921624,78.838675415377
"1050022910",20110101,371.559066666667,258.422940558489,275.735415640818,257.075412640254,297.612602455952
"1050022910",20120101,95.1127666666667,175.573992855987,148.925361622582,136.208409114822,102.604495547639
"1050022910",20130101,123.8153,189.20393941087,184.807674217035,167.716748851371,161.793370962421
"1050022910",20140101,188.326533333333,134.366920919181,171.564117691321,130.189041901406,174.709152680198
"1050022910",20150101,98.5874666666667,99.36579910357,65.9724754324181,119.751056453706,80.6599360813889
"1050022910",20160101,58.5318,134.188151545288,112.715195748015,114.166610411858,80.8016095792857
"1050022910",20170101,141.268833333333,101.872520744361,200.362953116384,118.459714297593,172.677957939663
"1050022910",20180101,111.9039,87.5641021830633,82.8389994391947,144.453306197504,83.5453898655754
"1050022910",20190101,67.1318666666667,127.872512726999,72.9805069055087,140.057784145637,75.2484898229762
"1050022910",20200101,64.4021,140.56113685354,65.4031928706833,168.571626181331,85.978125737401
"1050022910",20210101,127.978766666667,175.882185120321,63.3141153128939,166.685795499,83.0116064420042
"1050022910",20220101,191.7756,188.66699456904,165.028168133957,132.204772962121,153.747464999524
"1050022910",20230101,326.777866666667,143.845936241057,167.237169936744,149.138279981357,172.541327722123
"1050022910",20240101,334.156366666667,146.065794873223,118.291242089673,180.162642022443,217.049779402857
"1050022910",20250101,147.508383333333,141.813397922438,NA,124.773542037965,138.480868357639
"1050022910",20260101,147.508383333333,132.749977362847,142.453829140874,158.768927522691,126.663107701885
"1050022920",19930101,20.3619,139.636011927206,38.516034221622,137.991504201569,48.3801489750595
"1050022920",19940101,205.118766666667,179.137994082871,184.823158315806,138.576995846621,173.838878829941
"1050022920",19950101,273.961333333333,183.746603760143,161.456152442012,172.913038246191,210.96130230504
"1050022920",19960101,197.5659,197.62039470151,184.410838672186,184.682754450909,179.993752536111
"1050022920",19970101,127.571033333333,191.9757804551,140.442995845152,175.273009782547,162.841292936547
"1050022920",19980101,174.295,143.217648622036,175.206608907875,159.926951868345,173.76465601377
"1050022920",19990101,162.2886,225.028615864847,203.409248101182,209.236989344156,170.744256498869
"1050022920",20000101,195.133833333333,199.448745988404,259.919978559288,200.053860277213,190.976101027917
"1050022920",20010101,176.911033333333,155.610456584611,128.497968702326,159.343806904054,157.69358308744
"1050022920",20020101,219.0684,152.052497707322,133.845814891499,194.038072237079,190.262792351587
"1050022920",20030101,28.9229,109.898802537566,91.9387695249621,143.602673841711,52.3026250554562
"1050022920",20040101,149.669333333333,150.19297809401,178.677921653658,169.988966321161,178.870677376329
"1050022920",20050101,403.499966666667,158.643010149438,325.46203026649,188.840553260949,348.138924725754
"1050022920",20060101,150.408,245.047437187353,242.717153332038,192.931675890814,168.975913093095
"1050022920",20070101,173.622133333333,186.017621499343,117.251365914317,210.802099210726,141.795426048968
"1050022920",20080101,310.599566666667,265.750505966032,282.594028520521,202.580348656098,312.006466793314
"1050022920",20090101,199.513,196.375898941476,236.075070990422,206.627018696386,186.74126785502
"1050022920",20100101,58.9327666666667,196.485169134142,120.780236040003,147.882073066886,99.2940606904165
"1050022920",20110101,454.9565,326.220685716598,402.157588389298,314.677175531772,378.33444078619
"1050022920",20120101,153.290133333333,196.55546914341,132.475693488399,185.015571261036,157.767929630139
"1050022920",20130101,151.4837,204.820189322091,238.550917637844,189.565421592035,169.798232051548
"1050022920",20140101,223.8364,162.91697044426,205.357217407443,173.137166028606,206.855232424603
"1050022920",20150101,120.6204,160.921424222469,129.51281018324,156.006561592104,148.330294472182
"1050022920",20160101,25.3659,0,88.4033521377548,81.1134197364339,48.2028913329165
"1050022920",20170101,173.385833333333,106.150978359995,146.907580511494,125.123822674653,147.58884497121
"1050022920",20180101,147.880533333333,186.806272540658,169.092763959388,162.996127805449,166.03295976254
"1050022920",20190101,109.2158,176.899774887331,118.357349803468,163.591656731272,129.122532343651
"1050022920",20200101,80.7470666666667,127.285402774475,81.8914610495353,171.718324588682,88.177445360992
"1050022920",20210101,151.034533333333,225.143966390674,201.447781791372,181.615542648552,166.298795647262
"1050022920",20220101,162.632533333333,162.995639637608,274.813897834436,148.067822449775,279.612213254683
"1050022920",20230101,335.171933333333,209.19474548235,321.742121474384,185.770741511181,340.414950685893
"1050022920",20240101,326.673233333333,107.090467084362,112.311452076219,178.212020619995,135.015974633115
"1050022920",20250101,168.009183333333,177.41515789493,NA,152.527858035065,180.998431060913
"1050022920",20260101,168.009183333333,161.041903057837,118.647201580308,208.968534943219,149.656931019702
"1050023020",19930101,204.069833333333,647.774417014764,222.460375999384,208.069882485202,313.089017588888
"1050023020",19940101,443.5993,754.476315149903,514.50389132296,506.738494916229,533.921042286111
"1050023020",19950101,1117.0665,669.341533590649,777.551374327404,778.766550942961,916.99928814444
"1050023020",19960101,1413.92973333333,717.619859325457,1042.66489961309,1050.48215306847,1114.46957646944
"1050023020",19970101,593.0178,842.254679605666,569.889093884374,564.959123768907,698.707091222222
"1050023020",19980101,327.616933333333,288.877041203582,487.407650017608,477.395590045332,426.541063094445
"1050023020",19990101,1561.59343333333,1135.00803835225,1478.46714275216,1499.0161972599,1500.27152667777
"1050023020",20000101,521.918166666667,965.819166643142,944.699379237648,948.844200043831,537.000567577776
"1050023020",20010101,378.745233333333,728.266335899885,687.001545638228,682.902424653605,511.884107074995
"1050023020",20020101,651.392466666667,639.871709867436,591.29774119167,586.540732174376,669.51995852222
"1050023020",20030101,856.045066666667,523.203132024292,706.607378369234,702.990434952812,784.136267441666
"1050023020",20040101,669.016033333333,711.08186895772,676.405785575082,675.121321501078,612.842864886108
"1050023020",20050101,1219.61993333333,733.824769259347,1155.54821052617,1167.08729936646,1284.012943875
"1050023020",20060101,342.378933333333,1108.13770535999,858.935793871283,862.225444487984,601.326084283332
"1050023020",20070101,1005.3847,834.980429082403,526.413178140698,519.95846941784,784.100104533339
"1050023020",20080101,1741.93836666667,1251.62006036097,1321.36368087306,1335.985553278,1607.344352775
"1050023020",20090101,1296.6434,966.799582996662,1433.75082890149,1451.75002894356,1373.50635573333
"1050023020",20100101,334.7502,680.479604259914,864.919958313042,868.02086009528,481.164407472223
"1050023020",20110101,1653.7955,1341.54550794351,1413.7517725076,1431.57803165567,1589.74704121388
"1050023020",20120101,545.117166666667,733.594223628264,369.209596308977,359.624773011296,511.95294541111
"1050023020",20130101,439.3219,698.067134741243,498.927390782477,493.391012926365,485.634816352776
"1050023020",20140101,996.443333333333,879.987107739442,860.641630856992,860.505804664244,768.995170783336
"1050023020",20150101,574.1346,832.733228135554,449.371360454219,438.255756370641,559.41708095
"1050023020",20160101,135.026933333333,44.355473577963,180.553557617435,163.645993334967,247.752358394446
"1050023020",20170101,857.7228,471.486259583851,757.175283173224,758.476124917251,860.635030722221
"1050023020",20180101,299.731933333333,825.592978198535,906.823866301059,911.582428762077,425.709889491666
"1050023020",20190101,670.397833333333,688.917240345096,608.959143761236,605.352663442661,652.278567124999
"1050023020",20200101,360.279466666667,320.180210073731,195.441978165076,178.977517500243,282.512474705556
"1050023020",20210101,546.619466666667,854.252223209056,746.518795094563,747.230017110261,780.966790597222
"1050023020",20220101,639.288,563.177561854626,1003.23892941622,1009.48210599181,1060.56509844444
"1050023020",20230101,1320.8868,913.187911272308,1028.95019518798,1035.86046716567,1058.19109034444
"1050023020",20240101,1118.01386666667,218.639265743733,404.209693962791,396.866213305566,412.640701761111
"1050023020",20250101,645.340233333334,876.779717724228,NA,NA,682.855840955554
"1050023020",20260101,645.340233333334,780.042863819161,590.456756348856,586.490916179657,629.626927011111
"1050023050",19930101,286.849066666667,533.090039028279,273.468487864993,283.388300574279,318.480665117628
"1050023050",19940101,447.365466666667,596.841752934358,467.24206378181,481.668781488631,434.928643880224
"1050023050",19950101,560.2754,555.516283613504,507.001604470988,525.519624594922,544.720946652095
"1050023050",19960101,598.142566666667,530.268384802532,466.781469172649,437.133744585938,444.973391522831
"1050023050",19970101,392.191933333333,441.650388994526,647.527655657107,641.038831186979,589.135826818892
"1050023050",19980101,373.4886,323.620681274517,427.070210498303,449.111863859688,347.434949712049
"1050023050",19990101,1357.14766666667,581.278469995203,1213.91187807625,1116.76811747719,1163.20924493354
"1050023050",20000101,338.487733333333,634.214594571445,737.238936702132,696.065323855062,617.917820871775
"1050023050",20010101,212.099733333333,579.277095643145,432.939679224998,473.231818286866,318.760111892387
"1050023050",20020101,384.1715,433.286070283072,226.522764300323,269.99218714445,329.915206149184
"1050023050",20030101,765.167433333333,510.609783175522,733.424583131943,719.972963772969,688.983714146803
"1050023050",20040101,589.3965,495.550287549078,526.178155374047,540.222261800251,548.364534497841
"1050023050",20050101,486.257133333333,472.426787499386,341.312351213687,345.213193351989,338.197340271673
"1050023050",20060101,195.977933333333,579.104895545093,435.959391722813,421.687548175853,316.110990946485
"1050023050",20070101,436.385433333333,493.46270899502,486.049527046608,511.203991134376,432.465822172038
"1050023050",20080101,1272.62173333333,619.684191105644,774.981294602053,767.627432051087,1032.65342507006
"1050023050",20090101,709.515633333333,606.61157903644,637.701677365786,591.376669391447,585.908439589266
"1050023050",20100101,569.631333333333,427.269368319608,544.917422204873,537.749179548216,585.133168123247
"1050023050",20110101,440.303233333333,617.054841154515,453.387465657259,434.423348847609,410.530055758209
"1050023050",20120101,783.968133333333,539.858810336398,670.870717338752,658.621534469433,621.575405852838
"1050023050",20130101,305.300366666667,521.07958332493,488.288794558807,518.075071505786,441.325419353462
"1050023050",20140101,341.705433333333,562.95656834673,449.231436008941,447.48454026242,353.450377271268
"1050023050",20150101,223.304533333333,470.144936322711,52.8958374666937,106.361378939533,316.248847035547
"1050023050",20160101,271.2379,384.045086970747,341.017043161973,368.411320045558,329.93764472697
"1050023050",20170101,890.794333333333,464.720990831696,514.087127492152,511.838975029224,562.903583128746
"1050023050",20180101,292.875666666667,491.760012564245,514.087127492152,511.838975029224,503.970891703826
"1050023050",20190101,452.1272,497.986107939439,514.087127492152,511.838975029224,511.072492854565
"1050023050",20200101,646.425066666667,463.251570327225,514.087127492152,511.838975029224,562.903583128746
"1050023050",20210101,614.526933333333,524.841655929399,514.087127492152,511.838975029224,514.56243076353
"1050023050",20220101,860.701133333333,548.971393732361,514.087127492152,511.838975029224,520.990366841574
"1050023050",20230101,843.457466666667,494.35619300336,514.087127492152,511.838975029224,508.217864368556
"1050023050",20240101,927.931733333333,268.506069807877,514.087127492152,511.838975029224,552.327579573313
"1050023050",20250101,469.192166666666,433.699276246437,NA,NA,485.642897143971
"1050023050",20260101,469.192166666666,482.611466508879,567.799937586418,568.115815228454,545.563327807571
"1050023060",19930101,12.5849,29.9318503193839,15.8054491258313,15.2790686762748,16.4309673423786
"1050023060",19940101,8.4777,32.8717088033247,10.4062358730016,9.65577745198548,17.7078865051425
"1050023060",19950101,20.4066666666667,34.2647122469048,23.9143712130451,23.7384812439416,22.3091576269445
"1050023060",19960101,46.7091,32.6717875115598,41.2263746259598,41.6046094049704,38.0252242277063
"1050023060",19970101,35.5319333333333,23.8560512878665,48.3200832877989,48.9467304377041,36.5209899785546
"1050023060",19980101,10.074,24.2507699186934,14.7180742036104,14.2311921746069,16.3745920361833
"1050023060",19990101,94.6697333333333,32.0748790822661,84.6053482204396,86.307362114275,70.9287391778645
"1050023060",20000101,15.0290333333333,44.4736301670366,39.0527895530862,39.2566490044953,33.2342057391174
"1050023060",20010101,11.4233333333333,33.3896892787801,20.273519257501,19.8227932376345,19.1610929116042
"1050023060",20020101,34.4594,24.3856545678084,28.8693582129077,28.8543823904044,26.1472952963083
"1050023060",20030101,17.5149333333333,24.2800277181244,27.287991392672,27.0918688890542,23.2501466532083
"1050023060",20040101,25.7385666666667,28.8827235818967,20.8132616746287,20.3633454500269,21.5907859316919
"1050023060",20050101,16.6601666666667,30.1232662708945,10.8806780714137,10.1412486091186,16.3398410397523
"1050023060",20060101,28.322,35.2423635613141,46.1088356240517,46.6821438732853,34.896407279059
"1050023060",20070101,29.5218666666667,31.967457981372,21.8285444380223,21.6031061030459,25.2345612691065
"1050023060",20080101,80.5621666666667,44.6246591224862,51.8548272250637,52.5042846646413,66.0035824760019
"1050023060",20090101,62.8045,35.1680929695273,52.6905733733242,53.4052589942247,62.8817092564214
"1050023060",20100101,27.0217333333333,24.4481579596327,22.7042587137332,22.3599944694462,22.9890906766215
"1050023060",20110101,39.3411,47.0008683129536,44.1129808074861,44.5549646570399,39.1302726151684
"1050023060",20120101,25.9471333333333,34.2091621393163,23.2822395447778,23.0911177314735,22.4713083099195
"1050023060",20130101,12.5806666666667,32.7152723361415,31.643959114194,31.6366568868039,26.0216123378397
"1050023060",20140101,17.5462333333333,30.2309268906541,24.7167801398784,24.4197896793331,22.2349544052724
"1050023060",20150101,14.3094,19.5145953853155,0.204861728679539,0,16.4871688758153
"1050023060",20160101,26.0822666666667,21.0174907913002,31.8999186874347,32.0420006142263,26.3368733469384
"1050023060",20170101,48.6887666666667,32.6630224735104,33.2027354286129,33.2732678148611,37.1990638252976
"1050023060",20180101,37.2724333333333,32.6630224735104,33.2027354286129,33.2732678148611,37.1990638252976
"1050023060",20190101,46.2510333333333,32.6630224735104,33.2027354286129,33.2732678148611,37.1990638252976
"1050023060",20200101,28.3471666666667,32.6630224735104,33.2027354286129,33.2732678148611,37.1990638252976
"1050023060",20210101,39.7404666666667,32.6630224735104,33.2027354286129,33.2732678148611,37.1990638252976
"1050023060",20220101,55.825,32.6630224735104,33.2027354286129,33.2732678148611,37.1990638252976
"1050023060",20230101,46.7042333333333,32.6630224735104,33.2027354286129,33.2732678148611,37.1990638252976
"1050023060",20240101,29.8141666666667,32.6630224735104,33.2027354286129,33.2732678148611,37.1990638252976
"1050023060",20250101,28.3345833333333,NA,NA,NA,31.4029980288144
"1050023060",20260101,28.3345833333333,24.2804843749147,37.0358296056197,37.2260575533567,32.8741323056842
"1050023130",19930101,18.7552666666667,60.6789511255489,23.575739702096,29.7689307994865,28.9023200003704
"1050023130",19940101,28.8449666666667,62.0801649407411,37.1340646640345,29.6182974778702,29.8420346952911
"1050023130",19950101,117.002166666667,70.3790930386431,97.1753795536982,86.6626718138075,101.04115338711
"1050023130",19960101,87.5494,92.8631388760487,85.3686167656325,78.5044329328329,102.83145668623
"1050023130",19970101,28.9166333333333,12.2733479311025,55.2687125905308,46.736415290965,37.8623657783135
"1050023130",19980101,26.5987333333333,38.5075572636862,56.316083460121,57.7690863525263,41.0203171627712
"1050023130",19990101,126.576966666667,81.6749194621459,112.171911870866,114.702788720867,115.862433605258
"1050023130",20000101,28.4928333333333,123.170019403397,109.064652976237,115.800225012051,99.2709507414949
"1050023130",20010101,20.9201333333333,60.2697293588084,68.9131450073024,70.5654766797974,34.5320430230026
"1050023130",20020101,47.2884333333333,34.9408490257023,41.5983173587732,42.7111161243455,40.3851117962765
"1050023130",20030101,53.5374666666667,42.2049937217484,58.6021338140947,58.0727552554658,44.8073041189947
"1050023130",20040101,57.5331333333333,41.4169485786267,45.925700399212,52.4901743068852,41.8675675911178
"1050023130",20050101,45.7063,57.9434681175903,27.1527155299592,43.1758277262451,36.0712645046098
"1050023130",20060101,61.7590333333333,115.866949894617,98.7914643557572,97.4217231985813,97.6887530451721
"1050023130",20070101,100.803866666667,72.2968106863409,81.3953331479603,82.7285151466518,101.147911172262
"1050023130",20080101,223.605466666667,113.288919135889,132.691821167896,132.290210508278,155.532176997698
"1050023130",20090101,156.877933333333,100.737003035284,127.40893549621,110.762487200276,139.946514683333
"1050023130",20100101,24.6552666666667,50.4943110364739,16.7948427658958,34.16341134018,30.7394802997421
"1050023130",20110101,171.2574,149.411449243091,154.501882257493,154.655333910306,156.151907159616
"1050023130",20120101,57.6761333333333,60.8136239766289,60.0028961148098,60.7855698783178,40.9615791834789
"1050023130",20130101,17.5995,66.2872884167702,71.9109878343846,71.0808974635086,35.7975394685912
"1050023130",20140101,28.0009,62.5621894291182,41.3327391490251,47.7119920416909,32.5602268157672
"1050023130",20150101,21.6521666666667,20.6104697885537,14.8155946545435,10.9394323716903,30.9592128034789
"1050023130",20160101,50.9322333333333,35.4440369988681,64.8065306517344,60.157822128049,44.5515131881746
"1050023130",20170101,91.6212666666667,97.9925148520925,78.3376975069054,77.5763877313242,103.007604703439
"1050023130",20180101,132.871833333333,107.78643331503,78.3376975069054,77.5763877313242,105.119349758757
"1050023130",20190101,109.003666666667,126.700730708247,78.3376975069054,77.5763877313242,98.2508382257409
"1050023130",20200101,62.2429,141.446502205666,78.3376975069054,77.5763877313242,101.94651683631
"1050023130",20210101,130.378866666667,142.911602938236,78.3376975069054,77.5763877313242,101.94651683631
"1050023130",20220101,239.153033333333,155.690251574203,78.3376975069054,77.5763877313242,101.94651683631
"1050023130",20230101,279.0561,41.1067333428965,78.3376975069054,77.5763877313242,77.9259441150196
"1050023130",20240101,157.468333333333,15.167988903066,78.3376975069054,77.5763877313242,76.687404142275
"1050023130",20250101,59.7175833333333,36.8174374352373,NA,NA,39.6741870663094
"1050023130",20260101,59.7175833333333,37.0607719725398,78.0233895243505,73.7519264586861,52.9727377846692
"1050023140",19930101,21.7625,62.3699178877149,26.2498326317469,33.3501943606573,30.9079820711905
"1050023140",19940101,29.0091666666667,63.874849474491,38.280351627399,30.1290101958324,31.7021270077513
"1050023140",19950101,117.265566666667,72.055959003182,97.4495434514164,86.8948897561103,100.477922199854
"1050023140",19960101,91.5685333333333,94.8017350796074,88.9601652618229,81.9822329291996,102.989119790483
"1050023140",19970101,30.8134666666667,13.479765203715,57.059928996136,48.210012987975,38.8382932449537
"1050023140",19980101,26.6606,39.4680006053668,57.2623689321868,58.6905728385286,41.5404071708465
"1050023140",19990101,128.351833333333,83.5499606234278,114.355356613576,117.314871919833,119.337888337566
"1050023140",20000101,28.4652,125.460092965024,110.025721566428,117.182277565598,102.515639544444
"1050023140",20010101,21.7813333333333,61.8899491098636,69.6472339726379,71.8847761089232,35.5796495039285
"1050023140",20020101,48.8962333333333,36.184725483867,43.2003203012585,44.7276122816411,41.0107126824603
"1050023140",20030101,54.1214666666667,43.5429262293706,59.1053526706309,59.9204301223355,45.4578824223412
"1050023140",20040101,58.4170666666667,42.7684454771264,47.4255089955624,54.1209180046351,42.5655019790277
"1050023140",20050101,46.8515333333333,59.3563077002703,27.7876233403289,44.5833132587558,38.2064661490476
"1050023140",20060101,63.0933333333333,118.036962541706,100.754018273407,99.6342117670632,97.7401057247816
"1050023140",20070101,100.0886,73.8674512249901,80.9198310955871,83.3012133899253,100.472814157163
"1050023140",20080101,225.112933333333,115.464906202328,133.191338481259,132.271180203879,159.583230830694
"1050023140",20090101,164.3258,102.81381021978,132.935329289467,115.461523434153,144.023606641627
"1050023140",20100101,27.324,51.6639846179019,18.1649549918795,34.5857007985919,32.6979874947222
"1050023140",20110101,174.0872,151.894624641105,157.769554708555,158.378584293338,159.628992338194
"1050023140",20120101,59.8111,62.4928927052936,61.969974854365,61.8297487446345,42.5487087630291
"1050023140",20130101,18.5655333333333,67.8865741015636,73.3853043472118,71.6526055527951,34.7162268737037
"1050023140",20140101,30.2409333333333,64.1479064795212,44.0978527428785,49.9614957061829,34.7346769257407
"1050023140",20150101,22.8540333333333,21.6989896889419,15.4961785495048,12.1747530481266,32.5904475994048
"1050023140",20160101,51.7622666666667,36.4403094200678,66.0497577937622,61.1486897744009,45.2574220551455
"1050023140",20170101,94.2837666666667,100.033484721312,80.1767565349197,79.4125162731396,103.469069048036
"1050023140",20180101,133.508333333333,110.100740582164,80.1767565349197,79.4125162731396,105.667567515985
"1050023140",20190101,111.996566666667,128.994014625101,80.1767565349197,79.4125162731396,99.3942066196428
"1050023140",20200101,63.5689666666667,143.684126484591,80.1767565349197,79.4125162731396,102.612170011257
"1050023140",20210101,133.188466666667,145.431005062721,80.1767565349197,79.4125162731396,102.612170011257
"1050023140",20220101,242.3387,158.214585433987,80.1767565349197,79.4125162731396,102.612170011257
"1050023140",20230101,279.4041,42.3559530467749,80.1767565349197,79.4125162731396,77.0363287237035
"1050023140",20240101,158.924533333333,15.6536818077497,80.1767565349197,79.4125162731396,75.8258081094244
"1050023140",20250101,61.4522166666667,37.9379854023756,NA,NA,39.932808874365
"1050023140",20260101,61.4522166666667,38.1318300518643,80.3974435728983,74.8427488041326,59.5284198925461
"1050023300",19930101,1108.94577777778,1274.37334720028,1114.92931080639,1113.8228503453,1122.10607900001
"1050023300",19940101,1042.3422962963,1166.04222033159,1083.44518576246,1080.21748821199,1088.53634083332
"1050023300",19950101,1129.59577777778,1166.26988203791,1060.75509931824,1057.39252739241,1145.15544605554
"1050023300",19960101,1200.70296296296,1140.08531097451,1233.72932652276,1237.32369363901,1183.60039629628
"1050023300",19970101,1236.16207407407,1183.57882541278,1082.47115579903,1079.85193384045,1180.05136746295
"1050023300",19980101,1039.64374074074,1139.95798249713,1167.6203265778,1170.30390832806,1076.62597432715
"1050023300",19990101,1064.60148148148,1167.66980991254,1111.26859945275,1110.48862417925,1090.42826124073
"1050023300",20000101,1341.5167037037,1166.36506361473,1328.37756324885,1336.50690280152,1352.66480218518
"1050023300",20010101,1233.1282962963,1242.30417165526,1073.34009846786,1070.50608490678,1206.23994492593
"1050023300",20020101,1042.78785185185,1255.83373841394,1156.94960667,1157.11451768758,1078.61476708643
"1050023300",20030101,1024.63366666667,1152.4735524047,1011.9665818328,1006.47822618561,1049.10611485186
"1050023300",20040101,1259.409,1221.68954948175,1323.8731215116,1332.03246291033,1334.75245594444
"1050023300",20050101,1217.40011111111,1155.94428195836,1137.5335625685,1137.74934148852,1166.07551700618
"1050023300",20060101,1141.23114814815,1261.85152113512,1148.46856048396,1148.28445674526,1123.03418335187
"1050023300",20070101,1050.12211111111,1120.13371242171,992.746620903345,986.996225638829,1048.8097886111
"1050023300",20080101,1174.38037037037,1218.73831882553,1208.26422549778,1211.49859569519,1163.78231805554
"1050023300",20090101,1479.13640740741,1143.88350695106,1303.64067371381,1309.73178911118,1415.86746462964
"1050023300",20100101,1523.91140740741,1240.47982965442,1270.57718375575,1276.51967746203,1457.41187301852
"1050023300",20110101,1469.95011111111,1291.07110896414,1381.29631872377,1391.79079164731,1420.32541346297
"1050023300",20120101,1174.12874074074,1010.89317032064,1173.70305929288,1175.04277659205,1099.49180800925
"1050023300",20130101,1097.67659259259,1113.12107347073,1089.82789157509,1087.75765449481,1095.5040331605
"1050023300",20140101,918.220962962963,901.261630102191,1024.88723924401,1019.19895814679,934.872908283945
"1050023300",20150101,901.027481481481,991.495530043204,898.411636794769,886.982874384956,927.403105111104
"1050023300",20160101,950.057407407407,1008.85839819544,912.207104505001,901.743570092543,962.819897833336
"1050023300",20170101,1120.543,1133.83274004425,1162.72339365472,1163.51459138606,1091.72179303085
"1050023300",20180101,921.591333333333,941.393743464832,1162.72339365472,1163.51459138606,954.635247279618
"1050023300",20190101,990.03062962963,1065.35036752718,1162.72339365472,1163.51459138606,1033.48646395246
"1050023300",20200101,1135.66685185185,1013.07909379712,1162.72339365472,1163.51459138606,1012.75214026727
"1050023300",20210101,1118.37925925926,1212.57141182726,1162.72339365472,1163.51459138606,1103.01821662963
"1050023300",20220101,1396.34892592593,1064.60069075373,1162.72339365472,1163.51459138606,1033.48646395246
"1050023300",20230101,1495.00492592593,1093.58902373842,1162.72339365472,1163.51459138606,1075.05692530123
"1050023300",20240101,1585.71592592593,1027.84058174323,1162.72339365472,1163.51459138606,1018.60560293394
"1050023300",20250101,1538.71766666667,1066.63952776231,1162.72339365472,1163.51459138606,1033.48646395246
"1050023300",20260101,1135.66685185185,1113.59190928035,1210.08406230292,1212.66459021033,1143.62573835185
"1050023310",19930101,406.627294117647,545.766657049027,610.60392572946,604.507636635355,568.406793551682
"1050023310",19940101,375.557647058824,582.546427293389,399.550154233411,367.889890152542,365.793241769381
"1050023310",19950101,663.340882352941,374.411259567402,620.232354231762,612.031531099655,739.609387179243
"1050023310",19960101,1315.62488235294,417.391648691608,1067.65502960197,1017.70483278186,916.239626453688
"1050023310",19970101,1120.29891176471,766.087569195929,1071.95680446945,1043.6258709632,918.459450901401
"1050023310",19980101,197.112617647059,177.209991014082,206.669486493531,222.00148025052,195.125069205515
"1050023310",19990101,856.791617647059,443.042988126508,789.505048514099,777.782666676104,874.552782765569
"1050023310",20000101,681.452647058824,358.342591868505,723.92444428377,715.248766255496,866.819939158006
"1050023310",20010101,417.974794117647,430.047068877339,417.313279056263,421.232019018131,369.481290743984
"1050023310",20020101,273.4065,485.018917508879,201.549363568142,225.924220485266,204.215183941317
"1050023310",20030101,189.239205882353,358.484733291213,57.0593469073307,98.6178127197782,149.405104384121
"1050023310",20040101,143.990470588235,492.173421448907,340.100115311026,345.813913877287,276.430439390803
"1050023310",20050101,417.171264705882,308.219313112699,286.999767983487,292.38777749139,278.002286570804
"1050023310",20060101,175.288470588235,367.690607670605,315.243086607011,322.271418371661,262.011283016871
"1050023310",20070101,228.372029411765,290.025141112867,234.838920752008,279.662196960256,220.976476994731
"1050023310",20080101,356.852176470588,401.930419794209,390.618057744743,378.886941695828,365.422401481705
"1050023310",20090101,800.892588235294,381.09857082269,808.827302732824,770.584493556297,874.115769096451
"1050023310",20100101,134.525235294118,191.328672200117,67.4558586307513,67.9631756126043,140.389176922631
"1050023310",20110101,87.1851470588235,242.873363436396,71.2935009516914,113.514439940319,142.421979589683
"1050023310",20120101,92.6185588235294,550.782528058725,150.458899020708,189.732880733944,158.585355898302
"1050023310",20130101,124.109,412.864247390629,83.5741908520123,103.690539898234,145.934691385475
"1050023310",20140101,203.451,324.915016768883,142.534574675006,132.476315838639,159.659422211613
"1050023310",20150101,131.563,372.002485727233,218.726443308594,237.316985244675,200.020764791783
"1050023310",20160101,140.665088235294,149.636518290061,270.004561683682,280.841495264658,215.661673497496
"1050023310",20170101,287.776794117647,275.093237838472,256.01869688122,234.094378950502,231.289694643896
"1050023310",20180101,216.486411764706,393.623653211741,132.531357442915,157.957212533557,167.701178559191
"1050023310",20190101,56.7666764705882,160.824655145433,159.030422254015,134.310288308704,136.990107947958
"1050023310",20200101,552.272794117647,0,205.486865222936,206.152378643146,175.419810930596
"1050023310",20210101,413.101323529412,254.908032880079,264.633696956358,270.234689340829,229.977025819217
"1050023310",20220101,1155.93855882353,81.2998858856178,54.2459512599611,53.8343046308979,132.820793239158
"1050023310",20230101,1790.14488235294,320.915802306197,225.890644892974,201.778555078429,188.787725223069
"1050023310",20240101,726.667823529412,0,0,0,132.820793239158
"1050023310",20250101,322.314485294118,263.062979792238,NA,NA,234.965659161134
"1050023310",20260101,322.314485294118,164.023692545279,323.180403137945,269.384215742355,275.797490229668
"1050023890",19930101,252.055125,442.321761864542,381.769083492555,382.394896012302,296.617761503907
"1050023890",19940101,272.4999375,443.790696703189,479.294439520002,483.726250739657,356.96389607031
"1050023890",19950101,571.09621875,355.427726493629,528.773430685879,534.288798629883,539.733038399739
"1050023890",19960101,1003.07409375,412.67128743498,580.158418764995,587.713467460508,748.463458867183
"1050023890",19970101,451.1176875,484.093457135223,470.869780167497,474.51902141553,427.69553679427
"1050023890",19980101,219.04909375,304.268844755497,323.984542115105,321.47173394835,269.607357589845
"1050023890",19990101,470.89465625,451.900630774895,413.108223832552,415.147953844299,422.420836270835
"1050023890",20000101,424.3394375,490.257341747344,462.328639965008,465.518107808409,431.091291890623
"1050023890",20010101,526.96475,435.89233748702,519.618347367759,525.268887911949,513.152389320311
"1050023890",20020101,341.30703125,367.31773830697,222.616161782586,218.382462478205,320.120235002604
"1050023890",20030101,354.1675,345.052959960083,268.897915376906,266.152237689852,318.633444190104
"1050023890",20040101,119.0855,331.282792274921,262.049043105425,258.840436095645,197.82343952604
"1050023890",20050101,265.347625,287.164465743466,167.606432867077,161.592788962187,236.234481369791
"1050023890",20060101,536.254375,369.185418693707,424.988703231865,426.29266910202,478.80348130469
"1050023890",20070101,166.806375,316.653141866732,243.173119647722,239.035282907624,175.282244641927
"1050023890",20080101,411.16209375,425.884534707818,416.413040667756,418.173403518812,425.582647865888
"1050023890",20090101,420.42825,409.495899153079,293.211472167356,291.550702621464,388.355619632812
"1050023890",20100101,401.838625,223.602043825192,280.532764859187,278.166433362931,320.25496585677
"1050023890",20110101,253.7115,354.774625563121,404.413878331991,406.923367172013,322.481943688801
"1050023890",20120101,353.00009375,432.440626329488,272.202347225976,270.055103300615,359.366950167969
"1050023890",20130101,128.553625,342.37767542145,381.060159178721,382.151556844883,229.032844860677
"1050023890",20140101,601.08003125,343.520920954612,669.229155870973,680.720076810535,658.750274743488
"1050023890",20150101,186.99590625,308.403283499755,228.977838784542,224.81955498458,199.074331558594
"1050023890",20160101,162.4240625,168.529470123086,167.027625812106,161.370726052304,212.797279365886
"1050023890",20170101,160.67603125,258.903019394535,234.199691052954,229.544392292779,187.429171255209
"1050023890",20180101,354.49528125,358.957805299056,319.857732776541,317.60011418972,356.915483178385
"1050023890",20190101,234.4023125,266.665615594483,232.063729406311,226.87568811225,211.419740126302
"1050023890",20200101,418.09025,224.909674403997,160.659246934104,153.411153745334,220.425141522136
"1050023890",20210101,562.24884375,302.102536339536,436.708710776008,439.156393029403,365.095921270834
"1050023890",20220101,835.99459375,241.45415653163,322.415672959686,321.212447179881,298.417009846355
"1050023890",20230101,1264.077375,229.003575921548,347.446046607461,347.122486205591,312.908043303385
"1050023890",20240101,469.40278125,45.4400605921943,72.9799004289264,62.7150953372589,212.797279365886
"1050023890",20250101,378.166953125,NA,311.018535944535,308.918698244534,334.622195330729
"1050023890",20260101,378.166953125,290.158050767127,372.568453817656,372.698057605695,307.599872789062
"1050023900",19930101,529.5107,411.703179145968,533.368452526968,527.62172388986,563.911109699999
"1050023900",19940101,307.993533333333,545.097043083848,371.488623399026,369.135587515129,353.635435216669
"1050023900",19950101,587.995533333333,251.145999284343,344.168026681888,347.455236521755,487.3036294
"1050023900",19960101,510.170233333333,313.106817605672,561.521860640211,553.729735604961,540.45205588333
"1050023900",19970101,596.532733333333,340.121596972296,575.676904457167,579.429944348411,566.391302866667
"1050023900",19980101,77.4099666666667,115.055824793858,89.440321842463,88.6625554638927,87.0813975666673
"1050023900",19990101,396.182966666667,325.178423111351,404.175667130043,409.038727555779,415.875154849995
"1050023900",20000101,606.8704,488.017108978256,444.715430732966,443.675896663395,525.78084786667
"1050023900",20010101,411.056266666667,493.025266190775,483.762109640548,487.639260785903,472.885402983339
"1050023900",20020101,225.458466666667,302.09923094521,248.329198944886,245.88654719565,212.988756699999
"1050023900",20030101,228.3251,353.356228988179,217.25130052186,225.154010570278,212.056498399997
"1050023900",20040101,44.6482666666667,170.463274886586,93.2085271051309,94.1045238928725,57.0871478999993
"1050023900",20050101,194.150833333333,334.866396275912,241.513352128139,243.554712131255,204.639302099997
"1050023900",20060101,357.0673,282.310224007648,343.388830340441,346.978574465997,389.135334866666
"1050023900",20070101,65.8151,212.469092462375,125.942467982786,133.588987955021,72.2164604000004
"1050023900",20080101,420.887,482.403505398331,429.053451990871,431.282697412232,453.392067416663
"1050023900",20090101,385.757233333333,381.950327677872,494.867223793156,482.425713020058,441.863546599996
"1050023900",20100101,378.212633333333,154.619252660831,320.035645984996,311.371687118622,328.403333300003
"1050023900",20110101,227.815,301.0107731555,339.068985216039,335.951948519675,286.291253516668
"1050023900",20120101,166.0247,393.617216478392,282.792677564257,282.846157798806,199.199232233334
"1050023900",20130101,66.2969333333333,180.874255637901,17.9270444090158,22.5086124446337,73.6837627499998
"1050023900",20140101,727.104266666667,475.265828166078,522.779237881731,505.954513560924,639.27335718334
"1050023900",20150101,435.917933333333,379.986558354444,422.62080152445,417.633366631018,426.012071399996
"1050023900",20160101,111.308933333333,124.692641852471,131.009716676732,135.486029031415,108.183859183334
"1050023900",20170101,166.711633333333,133.685832232331,156.83239906194,161.663187159745,133.914338366668
"1050023900",20180101,130.0856,276.028625925015,18.0691079640196,30.8627381289077,118.959692250002
"1050023900",20190101,25.6441333333333,186.204715671938,162.687491291567,167.212273255283,73.5099831666676
"1050023900",20200101,315.227366666667,121.265174116111,65.7377075038416,73.8544303190478,89.3381247000007
"1050023900",20210101,443.496233333333,180.442927439999,276.546801446403,284.712254500472,197.960546816666
"1050023900",20220101,892.3687,261.879840547434,252.925997025061,250.86764968229,197.227776683332
"1050023900",20230101,1017.78196666667,246.530530355018,202.192844215359,203.345131007636,174.438864883333
"1050023900",20240101,395.090533333333,0,0,0,90.9737614500006
"1050023900",20250101,367.639966666667,NA,NA,NA,283.496893733334
"1050023900",20260101,367.639966666667,340.238126723279,372.89850923337,367.738418025187,375.473851966664
"1050023950",19930101,229.594387096774,456.472835717917,233.027975032212,294.866769578355,248.232373045698
"1050023950",19940101,198.654129032258,466.683604762842,241.046954362391,441.561441849403,277.451994415322
"1050023950",19950101,506.542741935484,370.616997746274,432.894404531325,298.230680770706,444.951331998655
"1050023950",19960101,483.842709677419,421.367687488908,490.829278365356,509.185981888105,546.970687994623
"1050023950",19970101,435.166516129032,488.445845742002,436.427271553743,399.943080796744,453.025051892474
"1050023950",19980101,253.637741935484,303.403103222153,190.969978161148,273.851728418353,208.88691754328
"1050023950",19990101,592.765709677419,470.601641056854,578.062868137234,592.215173310376,627.325200732527
"1050023950",20000101,726.108612903226,511.825470790068,622.021854995922,592.310170264852,665.300442961024
"1050023950",20010101,220.031258064516,454.417305994133,310.35035493847,204.692970417863,254.210486357527
"1050023950",20020101,402.571451612903,369.335806148428,530.67786361826,288.304611702314,413.320696900539
"1050023950",20030101,431.41964516129,356.239134812165,414.107773276635,338.901417623702,407.025586494624
"1050023950",20040101,191.870548387097,330.601898754953,154.234802005933,314.308658845031,194.939452376344
"1050023950",20050101,160.436967741935,293.542200837623,150.679418059072,153.363080740424,163.104538904838
"1050023950",20060101,286.962193548387,382.044846549119,254.303200302694,287.640977751378,275.734716326613
"1050023950",20070101,37.7131612903226,323.525464984647,389.445250465752,184.463219109924,147.170938111559
"1050023950",20080101,481.381322580645,442.193872412284,514.637568052041,408.970300462998,473.948052439515
"1050023950",20090101,642.976612903226,425.694914336624,733.453599666798,459.212139077955,602.052250228494
"1050023950",20100101,748.590161290323,216.663599333035,565.865537804636,636.524767245737,633.639205877688
"1050023950",20110101,231.659161290323,361.174559435659,396.361701352258,304.335098382448,311.754522444894
"1050023950",20120101,747.081516129032,442.169795097024,576.940911428225,694.884059984429,686.495633243281
"1050023950",20130101,233.466096774194,352.165118408079,220.39455539061,176.27576919506,221.364378012096
"1050023950",20140101,646.284806451613,358.432407673251,331.146576823128,505.438454435762,534.636755962362
"1050023950",20150101,88.036935483871,322.456957543628,232.182882514483,126.06451225186,124.979287114248
"1050023950",20160101,96.9518064516129,165.157781739979,110.653552517756,273.045405217354,178.147562588709
"1050023950",20170101,194.857935483871,266.708393815626,136.773319491246,361.909285956731,191.908135094623
"1050023950",20180101,519.431193548387,371.94035962033,375.573418461959,361.909285956731,426.195244586022
"1050023950",20190101,137.848709677419,273.919712840472,258.357165766087,361.909285956731,181.765691108064
"1050023950",20200101,326.015677419355,226.413199204761,114.159066761331,361.909285956731,212.401381467203
"1050023950",20210101,873.381064516129,302.32946360207,370.443966107309,361.909285956731,258.626557845699
"1050023950",20220101,780.332838709677,242.395271374579,444.547090412241,361.909285956731,346.665538324192
"1050023950",20230101,1076.71296774194,229.892778936121,113.05726641853,361.909285956731,213.678950547848
"1050023950",20240101,289.296709677419,21.0234353250976,239.543909282996,361.909285956731,206.809013008332
"1050023950",20250101,364.293564516129,NA,NA,NA,372.890816635753
"1050023950",20260101,364.293564516129,292.376279910116,408.757559698819,445.859269582867,346.138112604836
"1050023960",19930101,349.41376,383.067109309158,352.800066802287,356.355751714293,321.868932600001
"1050023960",19940101,252.028,417.65682302898,376.362560823128,368.036345374464,284.228547859999
"1050023960",19950101,426.53928,298.827149384371,317.614628963131,319.776595627247,390.754483030004
"1050023960",19960101,364.0356,274.988276535134,352.444995135841,318.918728303667,358.599045670002
"1050023960",19970101,492.79208,324.391217016615,386.017194156974,357.719089957455,426.07804843
"1050023960",19980101,201.82688,133.012770739541,166.8310998919,183.634430597502,236.07583906
"1050023960",19990101,535.44488,505.581716402873,414.644067517541,400.57743708149,510.114624240002
"1050023960",20000101,458.41608,392.721458365408,291.475522753525,308.515474121051,385.808807949999
"1050023960",20010101,538.91772,522.004155235451,468.905236216347,492.824396725424,511.743813940004
"1050023960",20020101,241.92368,429.047561711417,361.934645670072,381.794833298713,272.745650960002
"1050023960",20030101,439.4752,510.546447958972,406.620364072487,427.385849145266,468.538181939996
"1050023960",20040101,170.2768,225.643946403026,258.493744394171,274.539457667193,229.300365259999
"1050023960",20050101,441.633,458.065502298476,403.702936717583,397.577454210234,428.522338089995
"1050023960",20060101,424.67772,465.798524988753,531.364206404675,512.022417406359,457.131105199996
"1050023960",20070101,229.88872,305.150278315992,248.096048308829,272.01930818058,280.086808699997
"1050023960",20080101,242.35032,415.757264141088,468.469010979162,479.05221942832,266.652259149999
"1050023960",20090101,267.49288,416.978745289452,564.697816461568,510.305359256441,274.128871290001
"1050023960",20100101,355.88752,305.795814885864,335.454811935247,359.307359884088,355.811676849999
"1050023960",20110101,343.06936,425.522221794644,424.446119588796,452.201456415663,312.14159422
"1050023960",20120101,209.64516,371.634807785411,415.161078157268,404.592863758816,263.615327509997
"1050023960",20130101,334.95708,128.79362931009,164.881743220567,203.0642045803,291.448615559999
"1050023960",20140101,1345.26452,637.072971505392,807.56319928465,736.728102236748,1043.42538287999
"1050023960",20150101,400.79296,646.70595338653,588.076153187648,546.623902598625,517.758264399998
"1050023960",20160101,311.79748,420.545751879985,338.153522357321,347.617736085906,313.196064850001
"1050023960",20170101,617.6394,495.351617243574,585.109392952131,544.930402986402,547.911070459995
"1050023960",20180101,356.58772,293.58003719336,168.741273389866,210.155997130708,320.803988060002
"1050023960",20190101,196.5356,356.100582942991,341.829317845857,339.947529112982,260.856768070001
"1050023960",20200101,323.88512,182.398520143452,81.6285742737196,130.457390263233,245.766905719999
"1050023960",20210101,583.10568,306.808644431003,350.026863417339,372.945833527082,341.30819272
"1050023960",20220101,646.01628,399.79518013126,264.573326356043,305.857198951497,343.910971319998
"1050023960",20230101,644.79952,432.355682781692,431.843173709029,428.872345678692,297.68842531
"1050023960",20240101,324.53832,172.076571314776,0,13.2507542328582,250.187188559999
"1050023960",20250101,356.23762,NA,NA,NA,286.03492124
"1050023960",20260101,356.23762,345.204684947449,365.656262811427,399.322317114061,321.538651920003
"1050024070",19930101,376.24792,342.645466112076,343.650137698487,345.236640039552,357.376014879997
"1050024070",19940101,281.60048,328.568601389457,313.376962790086,322.239129398761,293.3012391
"1050024070",19950101,300.7142,327.281302583872,279.419192448433,282.374681049234,307.238909019997
"1050024070",19960101,295.63272,335.37845244109,285.534414018574,293.023140954947,306.323258799998
"1050024070",19970101,299.24636,310.303901267,294.121372069809,297.098117238758,299.741383819997
"1050024070",19980101,286.62688,313.594710918322,296.930884076307,302.976800834777,298.983717159998
"1050024070",19990101,332.75488,325.710019518665,351.404264801247,349.360032997282,339.100259379999
"1050024070",20000101,326.08108,328.845445514164,281.230988590363,285.830206644567,315.345716539999
"1050024070",20010101,301.98564,327.888415661401,326.109016927372,320.338135405246,305.375674400002
"1050024070",20020101,311.28936,317.693847770214,313.56193556618,318.614370344317,311.218113559999
"1050024070",20030101,370.5932,326.463893600805,298.387780243066,300.933355142747,343.474017920001
"1050024070",20040101,298.3826,326.729014879818,327.943155547534,329.112935239838,299.900247961336
"1050024070",20050101,350.48724,338.215374327085,369.227697092219,367.876239041788,352.928111119996
"1050024070",20060101,319.96424,316.552904333039,318.992203403784,315.817740778946,316.84863068
"1050024070",20070101,280.20404,305.924884416738,343.059876305353,338.392665119731,302.092119565333
"1050024070",20080101,313.405,318.339597729105,325.824869498769,321.695742621264,307.619287865335
"1050024070",20090101,366.61188,327.976837019799,383.185722889554,378.134204212655,354.376754819999
"1050024070",20100101,292.63344,303.371160173227,279.197284956171,291.84105967596,295.72757372
"1050024070",20110101,323.04632,336.188198556452,298.41031261607,287.623977203797,324.5040296
"1050024070",20120101,330.97176,343.690407480069,322.247915853288,314.378476905315,326.316003519996
"1050024070",20130101,537.95404,336.885287143314,435.654045302025,425.937465447905,467.125161899995
"1050024070",20140101,337.12964,344.500578744181,356.55069745488,349.903311030451,343.648708819999
"1050024070",20150101,295.66996,320.624954549328,284.723742617668,284.575679770113,304.941824520001
"1050024070",20160101,363.70716,395.707551286839,350.689680569359,353.934370721704,355.312159099997
"1050024070",20170101,280.83216,313.079306748857,325.95889810631,325.723161362259,287.184526987999
"1050024070",20180101,286.3324,283.53236231939,325.95889810631,325.723161362259,291.27352195867
"1050024070",20190101,304.01112,287.669569282338,325.95889810631,325.723161362259,296.006006878668
"1050024070",20200101,356.09896,286.075227358491,325.95889810631,325.723161362259,296.006006878668
"1050024070",20210101,287.05976,283.547319844023,325.95889810631,325.723161362259,291.27352195867
"1050024070",20220101,299.37116,274.912789753669,325.95889810631,325.723161362259,291.27352195867
"1050024070",20230101,328.73184,288.815600811275,325.95889810631,325.723161362259,296.006006878668
"1050024070",20240101,288.769,268.780504078919,325.95889810631,325.723161362259,291.27352195867
"1050024070",20250101,297.431708333333,279.202030734145,325.95889810631,325.723161362259,291.27352195867
"1050024070",20260101,304.01112,284.764794233354,310.815992344469,313.708878093568,303.173783484001
"1050024080",19930101,50.9696129032258,74.8823791864939,83.7979152468214,87.8372771775347,54.640651954301
"1050024080",19940101,91.517935483871,114.182620469114,87.9949526203485,99.5480634587485,84.9989471317204
"1050024080",19950101,119.293806451613,86.8905327418019,120.458177416444,123.065853772795,93.4363756532265
"1050024080",19960101,84.2456774193548,77.5184886422094,60.1799224623522,61.229107962665,68.3301996666669
"1050024080",19970101,101.418129032258,43.3570870641514,95.009443908943,84.7046653233304,84.2976608548387
"1050024080",19980101,18.3436129032258,0,32.0349503710057,29.1356608094573,25.9763298521506
"1050024080",19990101,171.250193548387,183.255824498409,111.756292169604,107.826594416862,145.132814395162
"1050024080",20000101,68.5934516129032,83.1558047796702,73.9476437328939,70.0251941129215,62.8581010268817
"1050024080",20010101,226.686225806452,96.2507679627119,238.526289033441,237.939448169649,289.559401034947
"1050024080",20020101,24.1326774193548,28.8960141615637,0,0,27.9783690376344
"1050024080",20030101,98.7803225806452,103.968297566028,126.319698363824,133.161684655378,86.6583399838707
"1050024080",20040101,0.459806451612903,69.3748538111691,11.9106454175482,14.4500642191235,11.5293820833333
"1050024080",20050101,86.0372258064516,87.3304795388788,74.5649790189703,74.5593918449312,72.3432231263442
"1050024080",20060101,143.095225806452,113.139562474489,171.724976577069,173.826980560926,208.256075779571
"1050024080",20070101,14.9086129032258,67.2093894985619,66.88923261823,67.9560657546883,43.0453528494627
"1050024080",20080101,1.55212903225806,80.9252684519334,138.777368166602,134.245130673643,39.8655271532256
"1050024080",20090101,6.34303225806452,130.721366850374,64.5285146736823,58.1232971225638,35.1420657231182
"1050024080",20100101,42.925935483871,42.2109485818631,10.0253172439363,13.8971557334995,30.4029046505377
"1050024080",20110101,34.1624838709677,100.734121573313,83.0611625308276,73.4613560723295,43.0995130349462
"1050024080",20120101,7.15,75.529825342855,0,0,15.3629727392473
"1050024080",20130101,120.694774193548,65.1643087753556,59.1503018491512,58.1782216319916,75.8235183897849
"1050024080",20140101,464.70964516129,120.045127999073,183.614097038245,183.881531477987,310.944997723118
"1050024080",20150101,89.1671612903226,145.869839937482,151.996086657649,158.026193842781,137.353289639785
"1050024080",20160101,59.3561612903226,71.3894138555587,126.793620598778,127.605262312389,61.8506821881719
"1050024080",20170101,246.975,137.805808904287,164.493790941075,164.42179401214,212.374637384409
"1050024080",20180101,75.0033225806452,118.121022320359,70.5061798224808,67.901932778882,69.793428373656
"1050024080",20190101,7.24838709677419,102.764858002114,77.9908646641278,82.5744299396725,43.4724191370968
"1050024080",20200101,89.538935483871,58.9641463663579,80.6916080632355,84.9820275974328,72.7247132741934
"1050024080",20210101,180.420096774194,90.9561681649375,50.3659794023915,47.0933724769261,36.2626653172042
"1050024080",20220101,110.761935483871,61.574608352732,31.4947437693598,29.3596098071166,16.4902317876344
"1050024080",20230101,262.903322580645,115.685788556298,131.247781293996,126.943630853025,90.7336673978494
"1050024080",20240101,51.6290967741935,7.09624191844219,0,0,27.6111862473119
"1050024080",20250101,85.1414516129032,NA,NA,NA,62.7906717473119
"1050024080",20260101,85.1414516129032,131.21307341244,80.7011294537664,83.825914914809,79.1210637150537
"1050024310",19930101,422.961322580645,747.19294142484,458.559797804339,473.775493790879,507.155493543663
"1050024310",19940101,668.265096774194,783.837829306451,883.103212114999,898.633814772599,721.413824195161
"1050024310",19950101,661.161709677419,872.083035931761,911.184236398144,898.330610498316,749.142373478571
"1050024310",19960101,910.547387096774,801.816847861394,992.155609395889,992.182935983398,1035.93393133978
"1050024310",19970101,746.109774193548,724.812770589963,787.534811996366,806.99161221354,672.480067943106
"1050024310",19980101,792.717580645161,777.916552328047,882.138319673983,865.522742805515,714.434396194796
"1050024310",19990101,1395.49864516129,1020.42552014562,1127.9398307281,1090.02871689303,1312.71918479125
"1050024310",20000101,1039.53077419355,685.133210836702,986.51320351278,1013.16593799136,1045.77664800973
"1050024310",20010101,1141.42277419355,791.289322769754,991.007815658922,990.156620849915,1048.37875725895
"1050024310",20020101,1141.39009677419,785.290644085753,1088.37734771697,1090.29762379676,1208.9899088114
"1050024310",20030101,1444.6785483871,938.58122129646,1310.69311168265,1286.70302982657,1361.73679366133
"1050024310",20040101,345.935967741935,889.667624260322,699.193839237095,721.287823049067,574.337486488901
"1050024310",20050101,462.358290322581,849.867370624073,608.877327248012,591.893120463082,468.85721063268
"1050024310",20060101,1428.09187096774,910.82976597763,1472.24717149993,1451.03214815225,1358.0981901992
"1050024310",20070101,814.197290322581,868.891067377827,429.525251707731,450.03238453913,566.851843319258
"1050024310",20080101,221.725193548387,704.501901782762,533.36360047637,576.952486041313,398.648263706124
"1050024310",20090101,345.289548387097,879.785170080404,256.232922406999,336.307324998935,510.742658287519
"1050024310",20100101,1007.40087096774,904.008963144807,937.176820599738,959.141082122551,998.476414446428
"1050024310",20110101,738.716709677419,807.187231713393,511.854245687334,521.073546658845,531.523550669488
"1050024310",20120101,357.185870967742,782.049122976085,535.506154817456,577.403326132588,454.563188959158
"1050024310",20130101,1609.98141935484,837.083490728494,1098.06323110127,1095.01060264344,1324.49641079159
"1050024310",20140101,1369.64058064516,907.339582362913,1402.23598031323,1376.8651446819,1357.31460912854
"1050024310",20150101,374.571870967742,1042.4004119607,558.891940122014,530.342425145094,472.23101883986
"1050024310",20160101,870.617096774194,1013.49573649581,928.213569177691,928.724410738975,884.71159396588
"1050024310",20170101,1663.69977419355,1119.07965490324,1229.94407989633,1176.83898121078,1359.71965561748
"1050024310",20180101,986.297064516129,919.881328040528,945.708775271777,933.521300087956,981.581542712347
"1050024310",20190101,728.171322580645,1047.66516211709,1319.09468274755,1263.31871726783,1186.85804338115
"1050024310",20200101,1213.33987096774,947.783363338329,886.912014945947,870.15291564639,705.28084002498
"1050024310",20210101,1322.98029032258,951.388549916982,1463.96609722753,1448.952296104,1353.94629993733
"1050024310",20220101,1315.87909677419,900.920068659509,684.600900509596,687.133347337034,568.224683620142
"1050024310",20230101,1598.60238709677,1011.9956642424,801.754214595228,785.846541776216,684.23373830167
"1050024310",20240101,570.468548387097,1060.08780558406,564.470897219321,543.495087578617,472.20819170478
"1050024310",20250101,890.582241935484,NA,336.523976748986,342.430877476216,540.780425728302
"1050024310",20260101,890.582241935484,1166.63321242557,693.409804554721,683.21273019276,655.720658520182
"1050024320",19930101,250.604133333333,341.534765173398,363.910872053917,363.46355619722,309.372913677921
"1050024320",19940101,305.746633333333,321.029911980435,413.698561784658,413.83376238512,307.365766316404
"1050024320",19950101,153.216966666667,396.950200563825,328.463267416481,327.960122829027,290.328877226687
"1050024320",19960101,1165.68606666667,557.819509153053,450.639237190284,451.328631637179,686.439298828808
"1050024320",19970101,237.594533333333,464.155287245216,408.361152847459,408.783987060073,357.231667255005
"1050024320",19980101,596.1884,559.619379540254,498.755672541531,500.482074410784,696.877403402451
"1050024320",19990101,488.595133333333,444.533417278276,423.061653370559,423.720999369941,363.399263586033
"1050024320",20000101,273.002066666667,401.922332400856,430.050050454818,430.478476937101,329.775010993535
"1050024320",20010101,239.4069,221.092120955847,305.015536792962,304.156614662423,273.832913047624
"1050024320",20020101,247.0107,284.254539763876,453.488823750847,454.434931627569,395.854656438174
"1050024320",20030101,534.088266666667,222.927377417012,382.468692608371,382.407065360294,322.780418071553
"1050024320",20040101,231.0808,358.410481507639,391.403664399781,391.470527722374,302.999253163187
"1050024320",20050101,194.106133333333,329.317905863369,386.983317460491,386.664921008958,303.203773690541
"1050024320",20060101,359.643566666667,449.491970299218,342.948652772708,341.933920828171,362.26959025782
"1050024320",20070101,306.944933333333,297.864133516379,309.891801342359,308.999578788795,269.575188381104
"1050024320",20080101,309.1046,338.775950439723,411.223872902792,411.390303066475,307.097137525847
"1050024320",20090101,314.550833333333,297.570144228371,397.895375460246,397.973934509494,306.338618934024
"1050024320",20100101,372.1491,428.64684311704,497.594431585737,499.117750153917,442.603860955705
"1050024320",20110101,596.747166666667,396.312069250331,565.498500103071,567.121889308347,515.132046507013
"1050024320",20120101,626.6609,592.909314175594,357.077612834469,356.518022293875,642.762107735768
"1050024320",20130101,625.179433333333,556.13903217397,330.891745501894,330.299880902086,604.278533337385
"1050024320",20140101,492.200633333333,498.749314324932,366.902436589797,366.351138959171,416.218802995747
"1050024320",20150101,375.2027,396.10906837318,392.522291162434,392.380506852976,319.44383533242
"1050024320",20160101,383.129233333333,506.553528313606,354.813922481875,354.846717238068,419.521250463773
"1050024320",20170101,427.543833333333,517.671700546105,286.205281321983,285.515027809776,387.593599130109
"1050024320",20180101,201.6961,190.849894839553,306.498045412275,305.466017993254,273.656961890762
"1050024320",20190101,213.713666666667,332.819697891274,251.047834993562,249.68686124193,268.092041467803
"1050024320",20200101,245.046366666667,324.203272667939,356.600727194462,356.638079513596,311.749663700712
"1050024320",20210101,623.2776,392.123027274255,400.18132099465,400.276155698192,319.775588500879
"1050024320",20220101,523.366266666667,366.541340495268,514.849369288242,516.38825435447,452.626680245026
"1050024320",20230101,327.440166666667,320.517167341832,448.781335497333,449.45755008753,396.790964326924
"1050024320",20240101,269.1884,347.162045598027,403.217269590902,404.216507577945,305.922556279864
"1050024320",20250101,320.9955,197.87730513179,NA,NA,311.688343810941
"1050024320",20260101,320.9955,137.759043001008,434.47662619597,435.001712178936,325.149163920539
"1050024870",19930101,622.070733333333,702.284893125402,605.242113804139,650.052213354137,654.328895861389
"1050024870",19940101,1046.60616666667,918.810599923342,721.604422882628,839.60719834451,914.475299802226
"1050024870",19950101,233.745066666667,603.111798016413,449.858781962694,633.501715381296,413.363356636389
"1050024870",19960101,887.759033333333,1061.23848543322,912.190590544142,1025.76430954271,997.601245932222
"1050024870",19970101,646.430866666667,778.612800576077,806.512232791379,809.878210276844,708.360332056944
"1050024870",19980101,1086.47843333333,751.470577393678,849.472389329543,766.733570933684,891.376670559167
"1050024870",19990101,1131.31866666667,896.653148700435,912.851890690608,865.396906327604,1042.60081164055
"1050024870",20000101,862.961,1084.06022169805,782.097283626213,1088.99916849532,919.782950175556
"1050024870",20010101,661.099,684.99350878975,653.225337858333,659.318717082504,663.971329705
"1050024870",20020101,795.249566666667,637.128210867768,607.756591023368,644.982814865794,675.050070548611
"1050024870",20030101,770.568033333333,443.680374173639,686.938165807233,509.822983580363,593.822387899721
"1050024870",20040101,559.0801,725.808987114154,709.129897763634,791.180599709264,659.097424838611
"1050024870",20050101,524.0535,835.612251306266,543.577794182596,841.716947177733,676.773212475279
"1050024870",20060101,826.528833333333,1017.74262116561,807.832487300374,936.150025780224,909.233840876666
"1050024870",20070101,379.8203,562.323106044947,690.579437720483,458.4398815599,478.694446672778
"1050024870",20080101,920.291166666667,815.418372008505,1011.61837193767,842.364747198932,923.81833943
"1050024870",20090101,857.829333333333,712.681922641105,1074.77813822272,845.393443829133,890.9154632375
"1050024870",20100101,886.886833333333,893.953700024258,1076.90180780377,886.865270388275,984.685673216665
"1050024870",20110101,1277.9687,984.656907801437,985.30527056715,946.748747659663,1090.82146639278
"1050024870",20120101,1562.52746666667,1231.49940752625,1371.12068162472,1220.32228575033,1372.085540435
"1050024870",20130101,1136.35306666667,1124.25370751574,932.68785425127,1100.5719665922,1087.064003635
"1050024870",20140101,1107.28326666667,1141.73010501147,1252.1105717454,1053.93088853332,1107.56832076
"1050024870",20150101,348.280066666667,425.738662877979,327.293397791509,454.719516555562,415.58234436
"1050024870",20160101,972.110066666667,1048.09905043845,854.99350883903,1030.45156409502,981.092833058889
"1050024870",20170101,853.702466666667,780.653953479027,812.422106387544,813.939296485537,763.88724547139
"1050024870",20180101,458.723433333333,608.317939234307,812.422106387544,623.415456195926,519.428475727697
"1050024870",20190101,523.732066666667,765.069656004553,812.422106387544,736.63132131028,662.905535866588
"1050024870",20200101,829.710066666667,704.434521592823,812.422106387544,706.030977965671,652.182829467976
"1050024870",20210101,800.748933333333,1007.95916725168,812.422106387544,1017.88114371906,911.498736380554
"1050024870",20220101,710.012833333333,803.705607184915,812.422106387544,838.561250995419,782.795433612501
"1050024870",20230101,668.103933333333,848.997242865944,812.422106387544,864.302016935713,818.785070166112
"1050024870",20240101,596.101666666667,435.719371469849,812.422106387544,535.667561678501,571.19430526611
"1050024870",20250101,813.638883333333,465.123060322127,NA,605.496710761242,574.713643538808
"1050024870",20260101,813.638883333333,517.49114777486,690.150777433454,676.196349660628,685.039958256942
"1050870170",19930101,947.960777777778,1113.64090295518,823.421005210876,812.113303077535,950.85828508935
"1050870170",19940101,906.131611111111,945.538705685025,889.12013158047,880.742212660915,905.416981324537
"1050870170",19950101,1151.58455555556,1245.28861015831,1259.98225617023,1265.45538859281,1235.73373410602
"1050870170",19960101,1112.05405555556,1150.76247888806,1153.39037084584,1155.49812832962,1084.75489619538
"1050870170",19970101,1133.12841666667,1124.39560803691,1172.41490733353,1175.60504968723,1089.06608514769
"1050870170",19980101,1306.64619444444,1301.21820194555,1365.77771552581,1375.52881113796,1416.73555050555
"1050870170",19990101,1408.09480555556,1296.33068823232,1333.76170592002,1342.83898991546,1423.51569293101
"1050870170",20000101,1002.22802777778,1020.440506534,1061.03831794346,1060.06859591776,1029.51213949954
"1050870170",20010101,945.265444444444,1087.66408585263,1171.11364607463,1173.67801310168,1016.5363584264
"1050870170",20020101,868.033388888889,1055.92955932245,880.605123472135,871.624003839806,901.335715791205
"1050870170",20030101,1500.19458333333,1171.37336387161,1356.1138794832,1364.94928552276,1423.90470234213
"1050870170",20040101,1233.44288888889,1168.54233144153,1258.80596580207,1265.13245550912,1234.35658113889
"1050870170",20050101,1231.28369444444,1065.33541026257,1225.37116282846,1229.12193889343,1203.59983604583
"1050870170",20060101,973.813277777778,1084.85729173253,919.010869884466,911.987245838331,948.752033755552
"1050870170",20070101,1038.1925,1044.9059654064,987.276668388358,982.990085595035,1005.54675555417
"1050870170",20080101,1454.68011111111,1076.70078411268,1286.39608079663,1294.02263139746,1359.97192742778
"1050870170",20090101,1051.92861111111,1072.79259287079,1071.44881738464,1070.7610370052,1054.2468666338
"1050870170",20100101,896.677,1009.98734443288,923.782742378135,916.623288039408,905.140023941203
"1050870170",20110101,893.317888888889,1079.14289768702,966.969682423016,961.505347919908,919.922549179629
"1050870170",20120101,1098.87372222222,915.599546574453,1078.93153980152,1078.76179071803,1068.49453900231
"1050870170",20130101,1100.59227777778,1086.05273723884,1073.53758425827,1072.69430679435,1062.2586132625
"1050870170",20140101,964.625083333333,1082.6703927262,949.768689517612,945.315702311835,950.391789097219
"1050870170",20150101,1089.42472222222,1310.13732826383,1136.91093343682,1137.29273313779,1090.2487232926
"1050870170",20160101,921.896972222222,913.418637797304,948.078973142906,941.583970362018,909.342105333796
"1050870170",20170101,1561.91716666667,1326.88433191663,1447.6745678145,1460.23453381138,1452.43751562731
"1050870170",20180101,984.438277777778,923.776432942611,1045.52770773947,1043.85465183663,1016.40594717593
"1050870170",20190101,1031.56288888889,1181.57104096071,1079.38819268963,1078.48385261029,1071.42192851528
"1050870170",20200101,1054.68416666667,1085.99158632347,1043.80468610575,1041.92611193857,1035.11354628287
"1050870170",20210101,936.838916666667,982.441194602493,1107.84971404412,1109.18037956829,1069.51016829074
"1050870170",20220101,1221.20244444444,992.902577282127,1164.28729108982,1167.71789858262,1019.51509547316
"1050870170",20230101,1717.80380555556,1013.43494302963,1094.14557578479,1094.45552999341,1068.14060118796
"1050870170",20240101,1117.44547222222,1184.16247001196,1334.78347444625,1343.5883606789,1420.17931226389
"1050870170",20250101,1072.05444444444,1017.19706123838,1243.99768114979,1250.04090804404,1214.30958675972
"1050870170",20260101,1072.05444444444,1025.08561103987,1014.42415104218,1011.57603532514,1035.23968496945
"1050873640",19930101,228.1371,183.885199631241,252.047013851525,242.568468018431,248.355075316666
"1050873640",19940101,375.071233333333,291.463538104469,338.537624463642,332.016603329457,377.452700249996
"1050873640",19950101,525.371533333333,280.953372603482,424.663642514142,421.312830610808,453.880095749997
"1050873640",19960101,616.7725,535.30699050861,554.790149279395,557.375370437866,593.545508950001
"1050873640",19970101,522.7055,546.437969761347,529.769359563801,532.214851977664,539.529983366666
"1050873640",19980101,228.816,469.432823074345,321.890439601617,315.424954994584,292.363302816665
"1050873640",19990101,704.223433333333,537.144106697711,638.741606023431,644.725950002433,647.613034616664
"1050873640",20000101,538.1913,700.708906915131,638.016192098318,643.658861996939,597.854890666665
"1050873640",20010101,285.7097,343.882038220837,503.919525781453,502.977123506469,356.18821316667
"1050873640",20020101,449.9884,556.170939023924,448.83855203097,447.49166011913,427.847936233329
"1050873640",20030101,824.465033333333,661.923618133547,677.015914837776,683.780242039474,760.779365483326
"1050873640",20040101,300.3472,525.664557442727,446.351815477206,444.069528808949,366.752090683333
"1050873640",20050101,623.241833333333,452.099857905378,602.221593346682,605.97561964599,593.071119533331
"1050873640",20060101,438.6178,386.667653316995,337.526236006388,330.99575077427,403.307629766667
"1050873640",20070101,319.224666666667,458.750388240075,235.564030616371,225.65837522344,276.428991866667
"1050873640",20080101,861.758866666667,573.126018631369,732.072400274814,740.883897697672,825.735840116668
"1050873640",20090101,505.5799,652.611282502661,474.647207393649,475.430641484893,489.025353866672
"1050873640",20100101,610.7294,478.636676119696,659.737856932991,666.799716062064,649.688374749997
"1050873640",20110101,482.538933333333,623.452361377973,500.865376147212,500.416265160668,480.798951916673
"1050873640",20120101,715.196533333333,588.922819805799,595.327413897172,599.416021961523,657.060511149995
"1050873640",20130101,283.064433333333,294.019512668016,435.852099467795,433.333616009024,334.125957916668
"1050873640",20140101,192.362566666667,584.948327078682,187.341535865603,176.177132013021,240.621342983336
"1050873640",20150101,181.9203,324.013353143222,280.566450527264,271.138032314257,215.028021533332
"1050873640",20160101,1141.9985,834.907839824864,1119.26908649876,1143.94986020038,1006.43320519999
"1050873640",20170101,486.7317,491.830728636048,503.671664914135,502.598753053722,456.23405081667
"1050873640",20180101,430.932333333333,491.830728636048,610.502695997405,616.830353429423,509.577750600008
"1050873640",20190101,460.925566666667,491.830728636048,392.136404322124,388.116930527702,461.60939308333
"1050873640",20200101,574.624066666667,491.830728636048,203.149412125342,192.031877627073,252.751578033336
"1050873640",20210101,538.628633333333,491.830728636048,615.603102549999,620.749490750738,509.785443133341
"1050873640",20220101,967.562466666667,491.830728636048,482.649350564585,482.664668775944,472.798203583338
"1050873640",20230101,701.347633333333,491.830728636048,458.631299334084,456.782784071191,424.278958249998
"1050873640",20240101,676.733966666667,491.830728636048,356.807469748574,351.438035498418,417.246642183332
"1050873640",20250101,514.1427,NA,463.344000144391,462.109251688373,457.314481750002
"1050873640",20260101,514.1427,488.142630026415,406.881078935017,403.427555266411,483.929303633335
"1050874640",19930101,796.236233333333,937.699608271913,699.723083602168,727.346861325155,750.697590966676
"1050874640",19940101,577.238566666667,790.146144128839,733.264840540048,719.004766266992,698.822826300006
"1050874640",19950101,1283.2898,774.165121115665,907.544210223862,912.895130963273,1081.04813925001
"1050874640",19960101,1285.63726666667,1215.41229713491,1224.50760425027,1224.08944526956,1352.08243858332
"1050874640",19970101,960.687266666667,964.119435188043,1033.1066838866,1041.27535128686,980.946754258336
"1050874640",19980101,957.462966666667,1209.92437556993,1078.66898380131,1065.62304809693,995.729275741666
"1050874640",19990101,712.156033333333,683.641031662142,692.569059638712,691.208473242382,720.66720873334
"1050874640",20000101,734.343333333333,822.695144782036,705.536451316875,692.946717596803,731.949831000005
"1050874640",20010101,725.9031,579.361263934165,724.346049865218,724.984656381081,729.968361166666
"1050874640",20020101,457.323533333333,900.79034257335,795.852928009401,814.937493213967,552.30774625833
"1050874640",20030101,1061.0199,758.974139925287,1094.65121152785,1099.81850528477,1086.47100344999
"1050874640",20040101,1074.53623333333,707.595533105939,713.444225070184,715.587785155899,904.964880099993
"1050874640",20050101,876.4455,490.007607570778,709.955257863112,684.159306316275,785.802797216669
"1050874640",20060101,1341.4707,1112.40410979705,939.340262557376,933.819029506013,1150.47115443332
"1050874640",20070101,271.8493,595.660283170539,430.168823733288,434.53406456438,336.728428466668
"1050874640",20080101,530.9512,532.1982381486,708.374916351735,706.854918946647,635.656993133337
"1050874640",20090101,515.838333333333,684.869371351614,565.065278653368,581.475278437017,469.80820403333
"1050874640",20100101,1502.64,1318.41133394502,1335.05918708237,1350.01203829897,1442.83550154166
"1050874640",20110101,295.6222,690.037032405099,659.90995612326,664.329891721786,450.560537249997
"1050874640",20120101,1526.72266666667,954.720803546825,1138.91757616512,1111.96797834388,1350.75499173333
"1050874640",20130101,431.906266666667,940.773248400861,951.589219699786,933.616732960304,763.498847350007
"1050874640",20140101,451.7579,609.667423333406,544.823235880243,535.362907058642,438.61412821667
"1050874640",20150101,173.613766666667,270.094947360056,115.470159929567,113.862879393115,248.741249833336
"1050874640",20160101,2157.81493333333,2205.51486815176,2102.38654321346,2118.35427640387,1816.78611262499
"1050874640",20170101,1168.75926666667,1297.26015057221,1511.57344955969,1499.77725825105,1274.203780175
"1050874640",20180101,1448.206,1247.53825776028,1458.32057908192,1466.64585647792,1384.264862925
"1050874640",20190101,1514.17986666667,1273.39763480053,1195.64190938501,1201.21538811335,1448.91441561666
"1050874640",20200101,1018.45003333333,1266.37231447897,1123.25613345389,1121.04514251565,1365.29824003333
"1050874640",20210101,2333.14476666667,1589.53816641431,1694.76722790434,1689.43567316061,1305.51135724167
"1050874640",20220101,1332.2014,1313.58399402624,1343.89126094261,1331.54967558006,1443.63812367499
"1050874640",20230101,1462.96526666667,1112.47670175989,1165.06057529023,1153.11180813695,1415.7909132
"1050874640",20240101,497.7976,1555.48212795424,1515.36252375449,1512.5055505731,1285.890613075
"1050874640",20250101,959.075116666667,1183.27815891511,1349.63604143511,1349.36950928923,1383.65142051666
"1050874640",20260101,959.075116666667,1225.60750229316,1022.87556298818,1026.98121112313,991.011844258326
"1050887720",19930101,9.48826923076923,12.9122323862884,14.492086137367,14.3618986018819,12.3064122862717
"1050887720",19940101,16.3846538461538,12.066762334195,11.2572846844509,11.749399150925,9.96087273776452
"1050887720",19950101,1.51234615384615,8.17582469587392,6.95318597611334,9.89178143429466,7.02366704498844
"1050887720",19960101,14.1908461538462,9.06056014297965,8.68843670570012,14.0188151593041,9.08856260195737
"1050887720",19970101,14.6785769230769,17.8856070901391,11.5885232923448,11.0018949841517,13.0019967751417
"1050887720",19980101,5.53284615384615,9.28168637198747,8.59094560490824,11.7212760240573,7.35178936772156
"1050887720",19990101,22.219,6.87379272155512,18.6794814616073,10.1408900739615,15.6167107421593
"1050887720",20000101,10.0382307692308,18.3878020925417,15.4883906183361,10.4625336028085,15.9456209963268
"1050887720",20010101,43.4416923076923,18.7309263859316,16.458216874272,13.1747659071978,21.7188650961498
"1050887720",20020101,4.2805,20.1548987863828,13.7351802073134,11.9149978694769,15.0693230019341
"1050887720",20030101,0.816846153846154,12.0246001511625,9.95115605387849,12.4204923039039,8.18129515600682
"1050887720",20040101,9.94969230769231,9.38379397109307,12.5342339089013,13.3752277394053,9.93445420626049
"1050887720",20050101,9.29165384615385,12.6215142228118,0.487986279702826,10.2943469591799,10.2218374740321
"1050887720",20060101,10.397,11.8155017332054,7.31378388048861,10.9263422950077,8.08600388434855
"1050887720",20070101,13.3229615384615,9.76758388328132,12.7042613763694,11.835170027553,8.8715636000264
"1050887720",20080101,15.9748846153846,21.4311291381136,17.8863072399813,10.7836483945908,21.1307977758343
"1050887720",20090101,5.41930769230769,8.5460461893821,0,14.8406075488542,8.14180160702689
"1050887720",20100101,38.5638461538462,12.2627570897707,30.322982945944,15.473533514802,29.8663201554655
"1050887720",20110101,8.31607692307692,17.1045878721639,5.99941014546113,13.1268644030562,10.9667504281773
"1050887720",20120101,44.673,17.5042499186629,35.5300825428561,16.0277108413183,31.0534494182513
"1050887720",20130101,2.53023076923077,9.72401878005538,11.8448455790066,11.2388895564848,8.12038887852528
"1050887720",20140101,9.53576923076923,16.7742396283391,24.3025240731711,14.8996492660557,18.546557873095
"1050887720",20150101,0.219153846153846,10.8390112897346,0.0314763648627077,11.647302873689,7.24044559012908
"1050887720",20160101,16.2512307692308,10.0216012362195,6.49294743040756,12.7953396826508,8.50092565841122
"1050887720",20170101,2.33623076923077,4.65144048543446,11.176171699173,11.9700175886343,6.74786850211201
"1050887720",20180101,2.13411538461538,8.90234813997937,11.176171699173,10.8291809137831,6.91610586805061
"1050887720",20190101,3.44484615384615,6.16275094041668,11.176171699173,13.6751127530867,8.31980979614987
"1050887720",20200101,15.1726923076923,6.38352128322388,11.176171699173,11.9217457150598,6.89775663230578
"1050887720",20210101,28.0345,13.2176042717282,11.176171699173,12.569184608313,10.0336938919126
"1050887720",20220101,8.41834615384615,17.2521314297257,11.176171699173,13.9439739594815,12.0907509646621
"1050887720",20230101,6.99207692307692,10.4158427601087,11.176171699173,10.8452305677245,7.82396282585055
"1050887720",20240101,5.86615384615385,5.81952247130416,11.176171699173,14.1033486470977,8.41538803837634
"1050887720",20250101,9.51201923076923,NA,NA,11.0720087851307,7.95871558332239
"1050887720",20260101,9.51201923076923,11.3885592453758,10.2305208929591,9.85813745296183,8.14593060878251
"1050888070",19930101,773.2204,719.21039848591,614.992128191298,644.215998531987,835.527422216667
"1050888070",19940101,463.524466666667,648.146265410485,861.463118709884,592.145075155708,608.527531423611
"1050888070",19950101,691.274933333333,502.245168946972,588.783546231619,513.151820024262,572.853829726389
"1050888070",19960101,960.6304,702.988242352475,668.915511741629,665.021331542935,879.950239866668
"1050888070",19970101,295.096566666667,678.273590784877,528.518545858461,696.886155711089,535.009698586112
"1050888070",19980101,474.006566666667,520.197091412852,523.790232901888,476.945609131176,469.53179321889
"1050888070",19990101,480.720666666667,437.284181641708,374.94166649915,381.213923095192,375.01048888
"1050888070",20000101,702.348733333333,598.479866497568,505.662138761885,659.920357712371,621.827097055555
"1050888070",20010101,356.928366666667,417.2222178522,490.405764885686,348.405579728259,364.676157425555
"1050888070",20020101,862.433233333333,533.567607445456,622.930802119087,616.641663848094,758.585575900278
"1050888070",20030101,418.214366666667,380.180364543561,409.178856654435,440.440371334384,381.074570109722
"1050888070",20040101,322.907266666667,333.203422862163,394.441677742048,377.838997556042,320.48329166111
"1050888070",20050101,271.975566666667,261.756996474872,331.658104543048,269.714236604022,238.578058783889
"1050888070",20060101,322.535133333333,524.205202911364,259.645750085564,524.474512028625,316.974734655556
"1050888070",20070101,225.286966666667,407.56405753315,380.172616979151,197.743405610726,269.599967826388
"1050888070",20080101,452.6142,491.093875864758,477.224076465922,457.592059068579,440.026833778056
"1050888070",20090101,701.132933333333,573.923495553547,527.440838868082,738.671016796548,642.276886009442
"1050888070",20100101,842.776466666667,630.639895613934,600.061526676088,676.639873711433,795.48366170111
"1050888070",20110101,75.8753666666667,402.723564704383,312.701489331301,383.382298702863,215.562563860556
"1050888070",20120101,1007.13153333333,709.931500515551,754.519045013852,720.607480381705,890.605313831112
"1050888070",20130101,461.802833333333,503.291537439918,706.075634960065,557.120212775567,568.572616003888
"1050888070",20140101,264.702833333333,245.880023649364,219.847748610728,265.761257044288,248.6052812
"1050888070",20150101,191.429433333333,210.376851832356,252.749227266558,248.481187501649,230.347225284444
"1050888070",20160101,893.441,1039.37847960932,935.700798436463,969.444261320592,887.363205589445
"1050888070",20170101,362.510766666667,436.940290392884,503.879032755273,424.34439723488,421.562134605556
"1050888070",20180101,395.011366666667,554.225386071328,427.70915767699,508.956280530603,428.61820135889
"1050888070",20190101,272.483933333333,291.37079905311,241.265605064168,253.733742944266,245.502410560555
"1050888070",20200101,497.495266666667,338.998014648045,462.483931114997,296.802707431619,345.054306690277
"1050888070",20210101,803.171466666667,530.682814061834,630.765969724772,546.637344111025,591.144206999723
"1050888070",20220101,566.242466666667,442.306160699711,716.707839958313,390.430453129547,543.835076005278
"1050888070",20230101,593.354633333333,331.075634822998,463.263045728191,303.098947032814,347.198741736388
"1050888070",20240101,503.556666666667,328.119645360336,425.90600065698,281.445687184257,331.843967045555
"1050888070",20250101,468.765516666667,321.623174625689,378.407662978809,334.876763133374,293.86953066
"1050888070",20260101,468.765516666667,256.481441210594,496.107173636341,401.288711038817,412.545678013056
"1050892990",19930101,1186.63375757576,1329.20319571209,1254.04280874164,1244.55461826107,1134.12275572754
"1050892990",19940101,974.172606060606,1334.93710065149,1251.73381013134,1259.22770324764,1117.83394403977
"1050892990",19950101,1353.40806060606,1268.77924516484,1366.94440871001,1355.81010033978,1385.30801126759
"1050892990",19960101,1547.83006060606,1298.8159762645,1264.96020757425,1262.33897421427,1341.81006097788
"1050892990",19970101,1464.43878787879,1511.19585802742,1603.18874763102,1544.80184941782,1530.34508368451
"1050892990",19980101,1429.22115151515,1346.88402045409,1395.02760067769,1427.26176157403,1406.06767754205
"1050892990",19990101,1639.99606060606,1334.79344520538,1528.24080343064,1486.76355797028,1449.00959732444
"1050892990",20000101,1176.22984848485,1384.16503816823,1406.22030570768,1410.46266832544,1357.72672500507
"1050892990",20010101,1461.65833333333,1392.77284344322,1402.58468494136,1389.40513164906,1396.79894140664
"1050892990",20020101,1138.66357575758,1576.02111358024,1546.64157784781,1514.53907777532,1388.46815890825
"1050892990",20030101,1874.06184848485,1537.7083200932,1602.84986902524,1599.61971365397,1713.15614780336
"1050892990",20040101,1591.6136969697,1583.94819072776,1568.07534302451,1563.46813939011,1503.1367347592
"1050892990",20050101,1716.09854545455,1411.83977153593,1383.55657432647,1396.36655228678,1529.21458884906
"1050892990",20060101,1103.40045454545,1242.75065778281,1256.50906599807,1289.11375342422,1196.70605604993
"1050892990",20070101,1363.35478787879,1280.82202543719,1364.57732763834,1385.39097631393,1370.42584312711
"1050892990",20080101,1841.64533333333,1254.1707360038,1352.37595566002,1343.50959460889,1647.78493395354
"1050892990",20090101,1090.51575757576,1413.8475542418,1119.35128526634,1159.76308059063,1153.6942199586
"1050892990",20100101,1321.3366969697,1369.46597394694,1340.64945259758,1356.34968833484,1378.87379340114
"1050892990",20110101,1038.08936363636,1221.27290417158,1160.48961389466,1173.4783761831,1100.00746334899
"1050892990",20120101,1564.20121212121,1441.06715615201,1539.23491536559,1482.38700602069,1527.80615838539
"1050892990",20130101,1414.50163636364,1409.06913665911,1322.34159976754,1309.155221992,1437.54412752991
"1050892990",20140101,1083.90509090909,1240.52377704985,1175.20283369676,1227.13757299675,1108.37907548982
"1050892990",20150101,1332.53363636364,1325.35181773394,1564.90416320478,1543.40761529863,1408.58839227269
"1050892990",20160101,1101.48524242424,1112.26783478382,1101.83093445362,1168.51397492546,1104.10697795328
"1050892990",20170101,1823.88306060606,1644.85945514922,1684.32631380548,1619.85827217626,1744.67683937574
"1050892990",20180101,1170.87636363636,1336.48959257335,1151.98256768201,1190.56650421668,1116.18398350238
"1050892990",20190101,1167.16590909091,1305.46746724715,1386.68114748648,1382.63158520936,1334.2740498456
"1050892990",20200101,1719.03487878788,1477.68126550542,1467.40857438626,1462.95870083272,1530.68651509767
"1050892990",20210101,1016.78124242424,1422.07318132206,1533.2415295405,1487.85816711226,1525.83149143005
"1050892990",20220101,1358.48657575758,1458.69647752569,1549.27002156798,1512.2142136345,1504.82841184448
"1050892990",20230101,2074.65181818182,1391.57789528965,1513.78843959971,1484.02957181811,1459.92596940795
"1050892990",20240101,1292.03463636364,1515.55322260561,1652.71644414719,1642.93805569612,1720.62079365617
"1050892990",20250101,1355.94731818182,1511.5223136995,1634.31422856488,1599.26855593733,1710.43030175213
"1050892990",20260101,1355.94731818182,1418.37798900875,1232.34427868276,1240.98512657269,1240.35501309736
"1050893000",19930101,86.2384705882353,64.0271857772851,58.4453144652035,56.3270217379087,64.0356504307773
"1050893000",19940101,14.4817647058824,43.318541898263,37.1747266777734,31.7037702375309,18.4361016638655
"1050893000",19950101,28.2123529411765,64.6314958887362,70.4808779029676,70.5786154785185,59.48491878757
"1050893000",19960101,36.325,69.7680010761434,54.9747859170026,52.6542375414702,47.0911057289565
"1050893000",19970101,80.2735882352941,100.443866052269,87.5750001383584,90.5362654486241,92.7853294829133
"1050893000",19980101,148.655529411765,139.732644610292,126.616011108685,136.408682478076,147.20011988743
"1050893000",19990101,110.328764705882,56.2546913666914,58.4452500705501,56.8018772391944,66.4404782121147
"1050893000",20000101,17.7861176470588,51.4207992287497,39.2642168804019,34.4167204973642,26.5695465303571
"1050893000",20010101,121.696294117647,59.8247146532891,72.6029276469777,73.1314446204312,91.7722973514354
"1050893000",20020101,145.456764705882,104.975108957621,126.060572700891,135.056912975998,147.167528674195
"1050893000",20030101,213.806823529412,69.4927360530317,164.151400622006,179.733089251385,156.651863425525
"1050893000",20040101,68.7377647058824,95.615066786513,103.807764436122,109.804488695103,94.9841262759456
"1050893000",20050101,160.656588235294,91.2848150650452,154.423904670582,168.587569306802,152.056413913866
"1050893000",20060101,19.2622352941176,66.5483464147169,58.016036907956,56.0144209101981,44.8310328806022
"1050893000",20070101,154.639294117647,87.36169700168,128.526557950472,138.307623458776,148.085484968102
"1050893000",20080101,22.6642941176471,64.2143625298397,56.5845895223636,54.6016456446581,41.9918209485994
"1050893000",20090101,6.88129411764706,43.9858183280159,18.5337840894962,10.2725928258878,15.3436194405112
"1050893000",20100101,103.835235294118,118.551075458288,56.31802586977,53.7558597791485,73.5390193845937
"1050893000",20110101,19.1684705882353,56.0191867113054,54.8060828293828,52.2948398577918,33.6625669279762
"1050893000",20120101,100.856470588235,70.4111042089817,39.5899376898212,34.8180472872036,55.5092631387956
"1050893000",20130101,26.6862352941176,85.427277412299,45.1441634007457,41.2486430099745,49.6185976696079
"1050893000",20140101,38.3866470588235,53.858564638954,37.7699469234534,32.8567205010426,28.6225941294467
"1050893000",20150101,9.22858823529412,75.8990191727503,34.1649860513284,28.1620486692732,32.1806469843137
"1050893000",20160101,129.388176470588,109.035457501842,133.424773432197,143.931996880051,147.446774882038
"1050893000",20170101,12.45,13.6010401769027,21.2527922930808,13.3647429525272,15.6579164354692
"1050893000",20180101,13.0476470588235,0,71.0161300710047,71.0574250708584,41.4594138107842
"1050893000",20190101,16.7827058823529,8.44972861493424,22.6503753100685,14.826631603049,15.8189762010854
"1050893000",20200101,82.3976470588235,23.1649069225902,44.3806383541707,40.3445107050905,26.430120792577
"1050893000",20210101,12.0524705882353,16.3658518231802,38.240447705763,33.122175208036,22.6615936478991
"1050893000",20220101,15.9425294117647,21.9090001360733,47.6374584919571,44.2067266393211,25.546166557563
"1050893000",20230101,42.7163529411765,87.3266264477292,11.6022787978391,2.09770908908213,44.2643495650559
"1050893000",20240101,37.5289411764706,160.374722425031,107.291157892664,113.75261215651,108.985477947899
"1050893000",20250101,37.9577941176471,100.134124734988,55.3372260864828,53.1448215295963,59.5691213190476
"1050893000",20260101,37.9577941176471,95.1946902035988,12.0699761860432,2.63697780585834,44.4467688730741
"1050908780",19930101,1591.3358,1658.49128060816,1399.78889671099,1451.60669325436,1524.05578772778
"1050908780",19940101,984.669666666667,1399.3243107791,1298.42540491049,1301.82684994707,1125.67553792778
"1050908780",19950101,1978.58876666667,1239.43632875922,1417.51700713365,1408.78412883331,1643.28808676388
"1050908780",19960101,2314.18036666667,1899.70468383797,1885.23057359284,1883.5417673227,2173.49931444723
"1050908780",19970101,1267.55776666667,1623.68539632417,1712.39656747268,1729.21064280536,1378.44540846389
"1050908780",19980101,1308.40996666667,1628.10825815579,1439.88382008504,1430.21898811514,1395.79395268889
"1050908780",19990101,1082.651,1086.61731839531,1004.04709359402,1036.7947925308,980.385661711107
"1050908780",20000101,1361.00183333333,1382.05804187188,1286.43287741185,1307.99313530555,1263.63844512778
"1050908780",20010101,1041.25103333333,928.676730354087,998.801449649048,987.459637743849,991.496074508332
"1050908780",20020101,1270.5471,1367.06800423783,1348.65484563471,1392.99420353504,1332.472324675
"1050908780",20030101,1375.54533333333,1056.38100970755,1444.29533153747,1440.50506505457,1371.91093100277
"1050908780",20040101,1188.43996666667,953.767139875066,992.490502726204,981.352258039202,1012.01709018055
"1050908780",20050101,1112.94853333333,685.822338341825,889.934664868386,897.323611242849,1024.57839011111
"1050908780",20060101,1530.45323333333,1533.99627887995,1360.24962908341,1359.83528335522,1512.22578884166
"1050908780",20070101,459.696466666667,944.385280108414,544.66477581006,535.696498066501,538.52144950278
"1050908780",20080101,1005.03193333333,998.379967793929,1116.15650772577,1098.62134004757,923.803876491665
"1050908780",20090101,1212.05113333333,1243.46879247497,1313.33076067854,1343.49636114024,1352.88082253333
"1050908780",20100101,2281.28383333333,1893.56890302308,1983.13184589962,1970.40574597285,2349.36256675555
"1050908780",20110101,340.557133333333,1054.98373649545,1024.37567208933,1033.78839947491,697.337114174997
"1050908780",20120101,2535.62246666667,1709.91957599638,1915.26605295436,1876.39853867368,2247.84002518333
"1050908780",20130101,888.757733333333,1408.19759248944,1483.33795651273,1459.71992074332,1150.11828772779
"1050908780",20140101,709.571733333333,820.242203382952,776.309470102937,759.794687251036,774.205873511108
"1050908780",20150101,342.775766666667,477.729822076663,374.893299083816,367.770803021744,533.474525758336
"1050908780",20160101,3166.3257,3370.56708458453,3173.27964067927,3184.77652593481,2686.25846316943
"1050908780",20170101,1435.83363333333,1642.25799626855,1878.67420624093,1816.67407317365,1577.6968308139
"1050908780",20180101,1725.5619,1744.06499806914,1893.77439450209,1902.5039022387,1998.13169958057
"1050908780",20190101,1685.79073333333,1423.16677298881,1307.12519795896,1293.60118720199,1420.45835366668
"1050908780",20200101,1435.1021,1462.09835994101,1275.92978148798,1250.23101976654,1337.50230796945
"1050908780",20210101,3051.28713333333,1993.04650313237,2087.01157931342,2052.97035310008,2349.62573902222
"1050908780",20220101,1711.90343333333,1651.7212854405,1592.46273343103,1556.35217533776,1362.26544857501
"1050908780",20230101,1985.56606666667,1340.33531005931,1349.06277707393,1313.97656685381,1320.56973727222
"1050908780",20240101,973.451866666667,1719.35811148602,1611.64167257406,1568.89543781391,1571.707400575
"1050908780",20250101,1334.7059,1399.72837863528,1567.33261782487,1532.63392733445,1144.77148315834
"1050908780",20260101,1334.7059,1357.07658745308,1268.67798868412,1278.4513933073,1259.94278347222
"1050909040",19930101,793.497966666667,853.652176213277,699.908004444059,699.669022891276,734.062787631556
"1050909040",19940101,473.8816,782.189096588187,540.518535567024,536.131535883272,505.107118549441
"1050909040",19950101,511.1747,753.957995542088,675.309722008676,673.296572370755,671.342309526173
"1050909040",19960101,875.483833333333,872.799046355332,1141.59687188145,1153.55382101748,1100.10907396471
"1050909040",19970101,1216.85553333333,1099.1342330628,1318.52573263418,1333.67850867176,1177.31233434014
"1050909040",19980101,376.4615,842.64747783284,637.161285875989,634.711836769033,586.962692962805
"1050909040",19990101,1488.10343333333,811.143213873779,1161.9791964423,1175.58545135448,1152.38311509864
"1050909040",20000101,1384.13583333333,867.658249006253,1256.23358101289,1269.53182060332,1174.12589410937
"1050909040",20010101,291.067766666667,755.60016446853,808.759987828287,808.219634894464,756.61679769941
"1050909040",20020101,1410.81463333333,935.415143561006,1245.95824884219,1258.42415989986,1177.51232551571
"1050909040",20030101,996.8425,648.523999848538,485.575688303228,476.764688013195,524.905283711685
"1050909040",20040101,436.045766666667,954.008598579877,1002.05026969231,1008.60251202567,1067.61768633478
"1050909040",20050101,490.386466666667,778.001320291781,417.447924507759,406.948270218387,497.186007314771
"1050909040",20060101,601.53,920.323504334789,482.025629390547,474.710955819822,562.681546776411
"1050909040",20070101,438.3042,805.637724302965,531.654664285309,524.458495376627,514.884569535887
"1050909040",20080101,1148.71793333333,963.440859422629,856.378491848669,857.911130420595,1015.48555266916
"1050909040",20090101,1485.20766666667,748.118577885553,883.660275101037,888.496550172619,1038.8304664196
"1050909040",20100101,1484.1357,810.720360294983,793.041780304401,795.143124301094,798.027806618605
"1050909040",20110101,311.255033333333,867.748919894538,856.315466382992,861.359960315363,841.487442974482
"1050909040",20120101,1193.1659,922.89053461754,642.22830376701,639.908554487493,746.670328759619
"1050909040",20130101,665.299933333333,906.5214786486,545.284325228767,539.91916937871,557.441132238097
"1050909040",20140101,180.6621,600.715694217182,617.679733453526,614.327535887537,382.899729274523
"1050909040",20150101,217.5232,596.522130678324,622.81381393108,620.283880644771,382.899729274523
"1050909040",20160101,1037.3726,618.422927025687,926.297927656104,930.871868056245,1046.57196181549
"1050909040",20170101,293.293433333333,216.329591880566,262.445342165622,248.886918712666,361.220446176546
"1050909040",20180101,137.828366666667,159.552967327281,377.368977087351,368.298903332581,361.629213879242
"1050909040",20190101,143.447966666667,172.828252366199,255.709340137346,241.022499007601,360.963594213801
"1050909040",20200101,829.0381,78.590326553283,500.043958582474,493.203756265165,375.377922972543
"1050909040",20210101,1054.8468,411.006095536224,752.194176254636,752.557902531863,627.042212537933
"1050909040",20220101,833.513,341.827646979871,1148.35733589601,1159.91366338728,993.924536542937
"1050909040",20230101,1072.89763333333,728.844041201869,687.170971772359,684.966335431734,684.830541120559
"1050909040",20240101,1073.3464,664.673192604825,985.142996370951,992.671079175467,1055.71544272081
"1050909040",20250101,811.268033333334,708.621433032266,NA,NA,685.210046975853
"1050909040",20260101,811.268033333334,629.259361878873,849.834480219881,853.04621947331,808.901110262883
"1050909890",19930101,3561.07686666667,3490.18843131733,2988.47841297669,2968.32300007592,3358.76161841672
"1050909890",19940101,2275.89933333333,4084.58802335924,2746.05576615812,2713.35339337451,2634.55381386666
"1050909890",19950101,4148.93343333333,3568.26125375373,3632.06238267732,3637.87366048007,3994.42714828336
"1050909890",19960101,4749.3818,3682.53358084041,4220.58753139274,4254.92774627013,4573.64127735002
"1050909890",19970101,4006.45156666667,3729.89717317443,4642.54825780724,4692.4805403509,4410.7244213167
"1050909890",19980101,3168.08156666667,3426.27324948863,3572.92824634092,3573.1082616642,3261.52753281669
"1050909890",19990101,4317.8685,3208.17877204005,3637.03178615406,3641.09765979144,4004.66104706666
"1050909890",20000101,3757.021,3637.38038769827,3969.41541415308,3995.13231053046,3925.97622593338
"1050909890",20010101,2744.0873,3308.69485348599,2888.31151138195,2865.15383072733,2951.57281146665
"1050909890",20020101,3836.23226666667,4217.95572239,3792.12221981151,3802.16539851935,3834.26979315004
"1050909890",20030101,4307.88576666667,3568.6219758777,4049.09682880754,4072.04733245643,4222.56699611671
"1050909890",20040101,3009.16716666667,3500.97803582021,3321.12668031006,3317.67679014404,3112.22678075
"1050909890",20050101,3442.55826666667,2901.20900157469,3026.27783506108,3001.91953959342,3132.1217071167
"1050909890",20060101,3120.79566666667,2867.02095256848,3127.31747964341,3109.17040203407,3113.63548688336
"1050909890",20070101,2327.85323333333,2815.79091100461,2017.11829514957,1944.34971426456,2261.49082386669
"1050909890",20080101,4113.0164,3521.48799961214,4002.00855624992,4028.08605527178,4043.58167950004
"1050909890",20090101,3683.33126666667,3237.78294848046,3819.04945097509,3837.33352619378,3749.08934436669
"1050909890",20100101,5257.03143333333,3960.66138066184,4495.00114718028,4533.62713171638,4892.45953138333
"1050909890",20110101,1623.84623333333,3114.40103227296,3013.83903748056,2993.25447548602,2317.64916183333
"1050909890",20120101,5304.6186,4355.4263509727,4294.93471999975,4334.38645427119,5133.83804156667
"1050909890",20130101,3008.5347,4112.81611489097,3536.22887376633,3538.8190844,3193.19876248336
"1050909890",20140101,2009.1779,2295.55144637247,2013.69253328021,1946.32274649836,2172.92895251668
"1050909890",20150101,1914.7609,2967.5750898394,2361.56362078142,2302.28790933823,2140.8229498667
"1050909890",20160101,5609.9699,5654.83970667695,5738.15517116864,5847.16376492745,5321.8941819333
"1050909890",20170101,3437.80133333333,4104.10530306511,3762.62494172887,3773.18407918902,3674.00573186669
"1050909890",20180101,2971.17906666667,2929.79317049016,3875.93367648233,3885.07316085719,3283.08165490004
"1050909890",20190101,2906.35816666667,2650.40995941101,2700.76757586298,2657.90846659041,2607.13492333334
"1050909890",20200101,3955.506,3365.77609692246,2381.85956131954,2327.39226502731,2444.39890218335
"1050909890",20210101,4895.08983333333,4346.24019988039,4279.18385836278,4313.34021275408,5133.83804156667
"1050909890",20220101,3727.90156666667,4341.43836746578,3568.61303976528,3568.42959589506,3310.1326188167
"1050909890",20230101,5019.93766666667,3758.43752623695,2957.85506487184,2931.71095567197,3364.83450256671
"1050909890",20240101,3333.1618,3757.41845868579,3351.03776143986,3338.49620882649,3177.32731318334
"1050909890",20250101,3622.20406666667,3692.17484350661,3406.26867579058,3401.99269157852,3190.55263738334
"1050909890",20260101,3622.20406666667,3322.70087286004,2990.84574721835,2968.8972649834,3352.19078000005
"1050909900",19930101,2364.9818,2163.03034014859,2238.36938242165,2242.31452831855,2370.45852098592
"1050909900",19940101,1311.5825,2705.12438161863,2895.97740824671,2922.51269711922,2460.84450339374
"1050909900",19950101,2729.08226666667,2293.65366971996,2140.61723680834,2141.83571087648,2392.67826102001
"1050909900",19960101,3200.60903333333,2372.99497067389,2334.39227658306,2343.61021988891,2467.00307310252
"1050909900",19970101,2496.29906666667,2221.961225844,2253.02192538652,2257.6695416652,2380.18263895176
"1050909900",19980101,1705.29873333333,2019.65741105677,2109.92978526594,2109.21065454688,2213.36864385142
"1050909900",19990101,2607.28973333333,1853.09579054824,1893.48777175551,1885.207075576,2084.72589769289
"1050909900",20000101,2616.1221,2223.24403630551,2294.83415408619,2303.12695645229,2388.04400495295
"1050909900",20010101,1286.4015,1888.3528738447,1859.91499248365,1850.55007188134,1923.1597362002
"1050909900",20020101,2638.11006666667,2596.86251744606,2475.10424198676,2489.8796331708,2350.18193832746
"1050909900",20030101,2330.80813333333,1963.42297713418,1823.94365979246,1814.06058496764,2022.21939369584
"1050909900",20040101,1407.26996666667,1861.77228791058,1868.73337048055,1861.15222015225,1914.50208381881
"1050909900",20050101,1600.69723333333,1426.77697383566,1362.51027417046,1338.50998785238,1157.96331145706
"1050909900",20060101,2054.76573333333,1627.91845080491,1762.40739380865,1750.07044643099,1908.29374037384
"1050909900",20070101,914.1453,1513.40513086714,1354.27949436527,1332.70277627047,1135.50605305438
"1050909900",20080101,2248.24753333333,2264.02322543155,2395.66700482852,2405.9683710912,2375.97049886878
"1050909900",20090101,2602.98596666667,1810.8190523179,1783.75514827134,1777.17362896986,1930.77382134422
"1050909900",20100101,3842.0248,2503.60786674201,2723.37781336902,2740.11202280129,2900.58379389712
"1050909900",20110101,585.390466666667,1876.49613085427,1577.98056615454,1566.70915915136,1223.05252798574
"1050909900",20120101,3701.25246666667,2893.69198978314,2698.30965585266,2719.37509199095,3252.62009488033
"1050909900",20130101,1552.93356666667,2675.74588483565,2614.66095466536,2632.21084510986,2249.01061025122
"1050909900",20140101,901.335433333333,1026.0393041736,921.199323066794,881.609566014142,1125.40355596072
"1050909900",20150101,555.671533333333,1597.76897257082,1603.96045948273,1582.87228035369,1184.59196226617
"1050909900",20160101,4417.06903333333,4451.4873454222,4296.85983561991,4371.81251023627,3535.2809863896
"1050909900",20170101,1656.32513333333,2467.47768879298,2426.83320329023,2432.459421984,2392.26714400086
"1050909900",20180101,1804.485,1581.47362451386,1925.92280574358,1917.15104827747,2042.17696170228
"1050909900",20190101,1747.48473333333,1331.6854186281,1384.13359694164,1354.14655941472,1169.73932573343
"1050909900",20200101,2170.98026666667,1834.4734660975,1764.07070681188,1750.15042254713,1930.77382134422
"1050909900",20210101,3932.56356666667,2906.12852961278,2960.69555918414,2986.95862654221,3172.38243609249
"1050909900",20220101,2386.31643333333,2827.59365248379,2945.23328736517,2969.8367481044,3172.38243609249
"1050909900",20230101,2959.90473333333,2334.893185741,2377.32471703722,2383.58372986077,2459.56834591696
"1050909900",20240101,2011.20616666667,2164.12467814712,2015.14686067091,2009.80409603761,2267.94090594413
"1050909900",20250101,2209.6139,2156.45973379364,2366.80692903808,2369.75557056738,2371.11726486667
"1050909900",20260101,2209.6139,1876.6931915084,2068.09899840527,2064.26912276911,2120.52366366115
"1050915980",19930101,680.801516129032,566.1692599221,587.090607274334,661.801676789577,661.276375324732
"1050915980",19940101,732.909903225806,788.561378506973,807.462266216289,760.091471114989,740.566786459678
"1050915980",19950101,877.09564516129,705.976018991067,812.538707152151,809.24476219543,808.270728206453
"1050915980",19960101,1019.11035483871,904.988256355657,881.272305806309,954.351388015272,974.249465001611
"1050915980",19970101,1049.30367741935,1028.28290136025,1020.22237378511,959.553228137398,997.4676106043
"1050915980",19980101,634.144225806452,926.063640805328,890.856109066787,724.749459314865,696.084618065591
"1050915980",19990101,893.236838709677,826.85252495598,1004.74519651133,886.643940141521,861.110661423656
"1050915980",20000101,870.563870967742,1197.90131877259,1279.94710582738,978.621833460748,968.181612125803
"1050915980",20010101,789.438903225806,688.370475835192,658.672714427449,888.143680582271,796.04941401183
"1050915980",20020101,748.07035483871,897.027145285466,906.303775524006,759.59868600436,786.160679733335
"1050915980",20030101,1063.96625806452,866.951662381588,825.633276550389,996.679165647258,982.731451518816
"1050915980",20040101,799.575967741936,1064.72935162933,957.670072222738,930.676957417549,864.055971669354
"1050915980",20050101,1331.32961290323,1010.83604529856,978.259551630483,1140.71219723278,1265.82558386022
"1050915980",20060101,701.211580645161,729.361954191089,759.808775527626,636.024153394477,661.503842812904
"1050915980",20070101,649.051903225806,784.498169353135,827.453486814998,655.641697444356,656.837624350538
"1050915980",20080101,1458.29458064516,1075.32066939566,1104.16095608791,1212.4293392063,1311.78160218602
"1050915980",20090101,1048.56435483871,1041.85725314855,971.051664840644,1027.84787174302,1003.62628113602
"1050915980",20100101,1144.58970967742,902.190924857145,920.492281178398,1114.77772304936,1187.56235797151
"1050915980",20110101,898.503935483871,1027.35078474531,861.218070259472,1022.84122135065,973.48686259516
"1050915980",20120101,1195.41529032258,1034.21414539901,1006.82526899821,1168.88170851124,1276.04940867904
"1050915980",20130101,665.439967741935,823.847497995058,832.47291034573,853.368679857337,777.758867738173
"1050915980",20140101,459.192225806452,865.602008987682,790.557089340095,527.953213705574,536.872576158067
"1050915980",20150101,437.865451612903,609.741619453038,571.766851484961,518.747900082764,515.394619090325
"1050915980",20160101,1295.56596774194,1096.31501279846,1151.25875062565,1221.91426542448,1308.15828540807
"1050915980",20170101,891.047580645161,889.587954209829,895.202481283848,914.896869391525,861.21619530215
"1050915980",20180101,909.814096774194,889.587954209829,895.202481283848,1068.6753222192,975.195012381722
"1050915980",20190101,845.057322580645,889.587954209829,895.202481283848,751.888298377553,803.115353183871
"1050915980",20200101,925.508516129032,889.587954209829,895.202481283848,704.555959805002,708.995163088172
"1050915980",20210101,898.559322580645,889.587954209829,895.202481283848,1051.37470608647,973.992414474733
"1050915980",20220101,1181.43603225806,889.587954209829,895.202481283848,1030.88614627535,981.745983478495
"1050915980",20230101,982.254161290323,889.587954209829,895.202481283848,984.943284254862,965.248472406452
"1050915980",20240101,1157.29651612903,889.587954209829,895.202481283848,909.9980115583,861.21619530215
"1050915980",20250101,895.870387096774,NA,NA,1109.32076010634,1177.91402353548
"1050915980",20260101,895.870387096774,853.257600817276,891.683872520965,838.274774059127,844.17741488871
"1050915990",19930101,280.2829,230.334273536272,207.210368300274,210.787960050298,178.463131652231
"1050915990",19940101,186.9519,204.618841899177,192.898231249916,176.224508372819,165.91116784103
"1050915990",19950101,136.074566666667,226.38620028472,225.638977124589,221.806336554207,168.657457972808
"1050915990",19960101,206.157366666667,251.957194395855,204.706518507285,193.66002423712,190.384698944861
"1050915990",19970101,328.7977,317.818713326601,321.661001038246,263.992509718876,358.848806809025
"1050915990",19980101,181.128266666667,309.410701102942,231.109499063758,219.702467897179,234.280388991451
"1050915990",19990101,90.4767333333333,197.706954918606,26.0787914194598,88.4482856060098,153.390570874235
"1050915990",20000101,106.770733333333,245.211213645841,236.64125175819,219.067984007868,183.467908239554
"1050915990",20010101,180.453533333333,163.114701965899,231.595406366851,222.104707168965,165.404013762698
"1050915990",20020101,49.6329666666667,221.813717773443,157.198978641798,184.445834160606,157.893774981217
"1050915990",20030101,222.227333333333,167.903082674726,130.011145305835,163.414870821323,165.658604961023
"1050915990",20040101,206.875766666667,255.970466738876,119.941665204255,156.996245024419,224.689074325457
"1050915990",20050101,564.308233333333,253.92782691119,358.22669337207,337.730096870738,382.404415735012
"1050915990",20060101,103.270166666667,210.545982005532,229.714494873338,228.994006048954,164.230092107333
"1050915990",20070101,170.155266666667,240.642728777799,242.40906748729,250.136347790237,209.442595584839
"1050915990",20080101,443.8833,242.246734487392,324.826702796902,266.73370480678,343.943587376864
"1050915990",20090101,251.9791,240.761331146095,225.310642507873,261.011747393007,241.457505688253
"1050915990",20100101,212.467633333333,181.588406441712,136.029500554371,128.685085730346,166.277852812882
"1050915990",20110101,128.377933333333,252.839893603121,147.088424900096,167.548445415638,179.957165227742
"1050915990",20120101,455.328566666667,272.823283821463,292.38049992893,265.216192647296,352.239250159466
"1050915990",20130101,211.2381,237.670171619076,247.471195600362,225.377446163881,203.751035542573
"1050915990",20140101,114.414766666667,127.94968890699,217.545428363727,227.812567254534,149.928751542779
"1050915990",20150101,84.2011333333333,142.779804255357,148.523445341722,176.143349692992,143.830056780822
"1050915990",20160101,305.270866666667,201.301969167159,247.278726386315,263.471880790935,270.794502536872
"1050915990",20170101,271.909933333333,221.759690927476,271.721658209367,298.319607716686,301.343874845901
"1050915990",20180101,222.849833333333,221.759690927476,317.837464015418,305.075601692641,318.105304704081
"1050915990",20190101,293.687,221.759690927476,314.133212469539,260.050709151986,297.211740894031
"1050915990",20200101,168.102333333333,221.759690927476,314.642922386952,263.09046967833,308.426537329726
"1050915990",20210101,178.121333333333,221.759690927476,262.47757654161,220.747007890704,206.464106259236
"1050915990",20220101,92.1858,221.759690927476,132.484478089497,114.44387055612,168.39657443955
"1050915990",20230101,52.8356333333333,221.759690927476,243.750704453196,236.273965217139,179.469947117049
"1050915990",20240101,236.514466666667,221.759690927476,68.5375786936611,108.153757098241,157.727148037948
"1050915990",20250101,196.554633333333,NA,NA,NA,165.49770463929
"1050915990",20260101,196.554633333333,143.12327714506,200.537242545557,222.767710546996,162.406294558832
