"YYYY","Q","pred","HYBAS_ID","p_below","p_normal","p_above","class_hat","entropy"
19930101,1909.40086666667,1852.53798241665,"1050021910",0.340602510057885,0.652111242838389,0.00728624710372572,"normal",0.681507158007214
19940101,2153.02986666667,2163.99561595001,"1050021910",0.148709819342732,0.816271511247398,0.0350186694098692,"normal",0.566492998972622
19950101,2683.02743333333,2497.92236698332,"1050021910",0.0428363630198367,0.828970181174914,0.128193455805249,"normal",0.553778040283132
19960101,3570.9438,3594.46633079999,"1050021910",4.06039762200554e-05,0.138443545353409,0.861515850670371,"above",0.402573102144619
19970101,4302.9823,3914.99963151661,"1050021910",2.21238785555292e-06,0.0412169538352197,0.958780833776925,"above",0.17182352132472
19980101,1703.7466,1672.44263653331,"1050021910",0.481711226678048,0.515794657192277,0.00249411612967465,"normal",0.708276273758116
19990101,3466.62156666667,3252.46943293336,"1050021910",0.000581594486709121,0.346170445728153,0.653247959785137,"above",0.649710645492912
20000101,3098.9989,3114.97392901667,"1050021910",0.00149325063199795,0.452542263219219,0.545964486148784,"above",0.698943775696411
20010101,1598.6216,1694.01200259999,"1050021910",0.464314791345913,0.532831055805181,0.00285415284890622,"normal",0.708385519842494
20020101,2764.77216666667,2927.38976846664,"1050021910",0.00481292424164925,0.599552947965762,0.395634127792589,"normal",0.699255669212678
20030101,2306.59413333333,2294.66914091665,"1050021910",0.0956419415410343,0.843409732354639,0.060948326104327,"normal",0.538636986282306
20040101,1561.12716666667,1587.83467856666,"1050021910",0.549974664575265,0.448580557459292,0.00144477796544373,"below",0.697881326203382
20050101,2963.53696666667,2947.90056034997,"1050021910",0.00426230838717659,0.58400858362355,0.411729107989274,"normal",0.702730533506623
20060101,3127.11293333333,3061.46070418334,"1050021910",0.00211366549963536,0.4950824487823,0.502803885718064,"above",0.706782422454562
20070101,2118.3404,2154.43067820002,"1050021910",0.153248587357342,0.813205043607526,0.0335463690351323,"normal",0.569479580655266
20080101,2865.54753333333,2936.01679156664,"1050021910",0.00457403673410562,0.593042105858195,0.4023838574077,"normal",0.700810128404753
20090101,2514.41843333333,2487.31900681664,"1050021910",0.0448301752212348,0.831423269634168,0.123746555144597,"normal",0.55125716159109
20100101,2974.14026666667,2935.50614599999,"1050021910",0.00458787646679933,0.593428625029689,0.401983498503511,"normal",0.700721828045784
20110101,3044.32363333333,3154.06843719998,"1050021910",0.00115051540154415,0.421664828967364,0.577184655631092,"above",0.689129186915007
20120101,3696.32363333333,3358.82414303331,"1050021910",0.000266814240673784,0.270786579929998,0.728946605829328,"above",0.586417733324613
20130101,1666.87636666667,1615.98362203334,"1050021910",0.527327678507363,0.470934513238156,0.001737808254481,"below",0.703129208517657
20140101,689.8611,740.098990516661,"1050021910",0.967373367713212,0.0326253133386852,1.31894810284638e-06,"below",0.143771932820603
20150101,1046.13423333333,1248.81694209999,"1050021910",0.79177941376037,0.208097525768826,0.000123060470803904,"below",0.512627333329037
20160101,1906.2651,2174.51999471664,"1050021910",0.143820627133479,0.819479869987023,0.036699502879498,"normal",0.563333372383413
20170101,739.7871,745.592718049996,"1050021910",0.966553040888079,0.0334455663893507,1.39272257015932e-06,"below",0.146542597826116
20180101,1496.71433333333,1567.12267953332,"1050021910",0.566539151983857,0.432202063628127,0.00125878438801585,"below",0.692876278564861
20190101,614.114533333333,689.966744300001,"1050021910",0.974119199984006,0.0258800017735913,7.98242402400007e-07,"below",0.120127068482769
20200101,3616.7906,3424.72174229999,"1050021910",0.000161064062327066,0.228528146966568,0.771310788971105,"above",0.539017704525764
20210101,1681.8859,1544.02956403334,"1050021910",0.58486981415228,0.414052773386409,0.00107741246131021,"below",0.686162383786801
20220101,1932.93343333333,2212.89692673333,"1050021910",0.126918214304742,0.8296860812952,0.0433957044000574,"normal",0.553044524521817
20230101,2177.9998,2149.60184115,"1050021910",0.155574483166079,0.811602854601306,0.0328226622326152,"normal",0.571027098078313
20240101,3558.88786666667,3556.41739933333,"1050021910",5.58408472868495e-05,0.15617993843746,0.843764220715253,"above",0.433873908948894
20250101,2242.29696666666,2298.62853493332,"1050021910",0.0942861917047725,0.843791862724992,0.0619219455702357,"normal",0.538226370630719
20260101,2242.29696666666,2188.12104426666,"1050021910",0.137664473761394,0.823366670505264,0.0389688557333419,"normal",0.559457789539101
19930101,26.1199655172414,35.4447046206898,"1050021920",0.380975136267085,0.610594875459301,0.00842998827361352,"normal",0.709129991450512
19940101,94.3780344827586,89.5400663103444,"1050021920",8.98389801215309e-05,0.146004996805424,0.853905164214455,"above",0.416629027513959
19950101,78.8454137931034,77.5952371551722,"1050021920",0.00141451098309307,0.383322772737951,0.615262716278956,"above",0.675677044484535
19960101,61.7601034482759,64.4575986896542,"1050021920",0.0157957352730743,0.690682735089454,0.293521529637471,"normal",0.680925106639539
19970101,90.5406206896552,87.0405849310355,"1050021920",0.000167309641062039,0.185428768052591,0.814403922306347,"above",0.481114167701853
19980101,40.1078965517241,43.4167468793098,"1050021920",0.208875958062977,0.761229126301431,0.0298949156355928,"normal",0.639715175122765
19990101,36.678724137931,36.9319722068966,"1050021920",0.345468881104898,0.64366699473444,0.0108641241606622,"normal",0.699896046436794
20000101,51.6383103448276,51.621923982758,"1050021920",0.0913359678913489,0.821764062046774,0.0868999700618769,"normal",0.592196516858745
20010101,48.8317586206897,50.3613969310347,"1050021920",0.10522250567248,0.819889779736992,0.074887714590528,"normal",0.593836707227793
20020101,30.3418620689655,37.1194101896552,"1050021920",0.341081658705391,0.647707720932793,0.0112106203618164,"normal",0.698534168821438
20030101,30.7999310344828,32.1834570862065,"1050021920",0.462019250058985,0.533283032019694,0.00469771792132101,"normal",0.717207159415729
20040101,35.6835862068965,33.947141568965,"1050021920",0.417769324447849,0.575754276677671,0.00647639887447971,"normal",0.715137413036423
20050101,149.131206896552,128.541525224136,"1050021920",2.35649975702673e-10,0.000203342927654115,0.999796656836696,"above",0.00193186799946926
20060101,62.4085517241379,57.0895721034485,"1050021920",0.0464223036281688,0.797829777069967,0.155747919301864,"normal",0.612328992514796
20070101,65.7780689655172,60.9612340000001,"1050021920",0.0269895511845042,0.751072212073007,0.221938236742489,"normal",0.646587625380696
20080101,82.8861034482759,86.9882381379302,"1050021920",0.000169459368669763,0.186319075054114,0.813511465577216,"above",0.482447246355362
20090101,44.1446206896552,43.8830449137932,"1050021920",0.20045232221085,0.767582209666479,0.0319654681226704,"normal",0.635255941194837
20100101,67.1942413793103,60.7684617931028,"1050021920",0.0277631785906383,0.753932639055793,0.218304182353569,"normal",0.644684125733854
20110101,82.349,89.0272356551723,"1050021920",0.000102263908868274,0.153598538426487,0.846299197664645,"above",0.429925464526906
20120101,71.0393103448276,70.1460004482762,"1050021920",0.00600927974404488,0.565833986726917,0.428156733529038,"normal",0.716141681897976
20130101,51.5651034482759,50.9562267413788,"1050021920",0.0984901594487514,0.821121660157967,0.0803881803932814,"normal",0.592759904154183
20140101,18.1479655172414,22.2089125862067,"1050021920",0.705234163301795,0.294151594242197,0.000614242456008274,"below",0.610769614290505
20150101,17.185724137931,28.6679320517237,"1050021920",0.551087450748682,0.446519414563651,0.00239313468766744,"below",0.702831152385928
20160101,28.8150344827586,29.8801824310345,"1050021920",0.520437482725337,0.476526995757899,0.00303552151676412,"below",0.71070476091134
20170101,22.8982068965517,22.8624585000001,"1050021920",0.690728988416242,0.308561087723477,0.000709923860281236,"below",0.623539328713875
20180101,46.903,51.76880775862,"1050021920",0.0898106426466934,0.821800928447722,0.0883884289055842,"normal",0.59216414638614
20190101,24.9907931034483,24.7569422413791,"1050021920",0.647038442552018,0.351891281327128,0.00107027612085342,"below",0.656535293915396
20200101,115.906,88.4393681034485,"1050021920",0.000118487365421381,0.162618142971987,0.837263369662592,"above",0.445154627870005
20210101,29.3824482758621,23.072573689655,"1050021920",0.686000171860993,0.313256336993145,0.000743491145861808,"below",0.62750129668303
20220101,36.7219310344828,23.0516253965515,"1050021920",0.686473020927931,0.312786899026782,0.00074008004528725,"below",0.627109513681647
20230101,45.431275862069,58.5582623965516,"1050021920",0.0380266796186096,0.782823171753231,0.17915014862816,"normal",0.62405425421674
20240101,76.0936551724138,60.0878675517236,"1050021920",0.0306437248465305,0.76360487870374,0.20575139644973,"normal",0.638062099269818
20250101,47.8673793103448,61.7658626034483,"1050021920",0.0239520894048311,0.738573550376045,0.237474360219124,"normal",0.654611183756936
20260101,47.8673793103448,42.7728101379308,"1050021920",0.22084511732816,0.751935305401468,0.0272195772703716,"normal",0.646015909708481
19930101,511.49,468.54286986408,"1050021940",0.100243549776687,0.761290010684514,0.138466439538799,"normal",0.711976158839735
19940101,725.450068965517,613.290194383909,"1050021940",0.0042320143056633,0.391050896787257,0.60471708890708,"above",0.6944622386475
19950101,727.014206896552,749.49550988908,"1050021940",4.69272747236445e-05,0.0619097669346431,0.938043305790633,"above",0.232701943372064
19960101,485.840965517241,469.198194827586,"1050021940",0.0991709851985196,0.761005037348186,0.139823977453295,"normal",0.712102953075482
19970101,393.202586206897,285.136601818391,"1050021940",0.667838817993942,0.329616745118531,0.00254443688752737,"below",0.650629029239867
19980101,410.442137931034,441.405414938503,"1050021940",0.152319056991207,0.757698368262544,0.0899825747462492,"normal",0.713559697504194
19990101,260.307344827586,190.32118195115,"1050021940",0.906599171411783,0.0932875946131497,0.00011323397506724,"below",0.311209831078046
20000101,513.785206896552,394.303824944827,"1050021940",0.278828375402941,0.683721497547682,0.0374501270493774,"normal",0.739076311848949
20010101,484.262344827586,493.631803011206,"1050021940",0.0649309542175232,0.738171057914311,0.196897987868165,"normal",0.721615864251735
20020101,362.729551724138,405.653339924714,"1050021940",0.244343602731777,0.708689466880153,0.0469669303880693,"normal",0.731992180351573
20030101,538.797275862069,605.013787799425,"1050021940",0.00529986835598647,0.420050470435355,0.574649661208658,"above",0.710468118432991
20040101,246.053310344828,351.903696304598,"1050021940",0.424633722991379,0.560638934999988,0.0147273420086325,"normal",0.750260987169526
20050101,793.475827586207,765.445438614368,"1050021940",2.50648080569704e-05,0.0457168785316145,0.954258056660328,"above",0.185994715800833
20060101,869.884103448276,745.816911527873,"1050021940",5.40675685276372e-05,0.0662143403930703,0.933731592038402,"above",0.244316254970634
20070101,602.470931034483,529.168078819538,"1050021940",0.032390288352777,0.666297748681468,0.301311962965755,"normal",0.743081227380643
20080101,669.024310344828,644.269536826438,"1050021940",0.00173611421158492,0.287673791425672,0.710590094362743,"above",0.612235670270798
20090101,437.987068965517,451.524599228159,"1050021940",0.131120102253781,0.762550605530503,0.106329292215716,"normal",0.711412900113447
20100101,354.167275862069,351.292992886782,"1050021940",0.426871191072216,0.558612917327197,0.0145158916005871,"normal",0.750102046436922
20110101,482.05824137931,460.930246211206,"1050021940",0.113328096230187,0.763318000130341,0.123353903639473,"normal",0.711068114526225
20120101,579.008689655172,604.165445335633,"1050021940",0.00542184447446904,0.42303830716787,0.571539848357661,"above",0.711955629366099
20130101,360.326655172414,360.766351240229,"1050021940",0.392471296757019,0.589421706034223,0.0181069972087577,"normal",0.751286853595188
20140101,160.695172413793,209.883492418966,"1050021940",0.872287329367261,0.12748408422901,0.000228586403728914,"below",0.383689674981028
20150101,180.972586206897,247.110905882758,"1050021940",0.785043966143977,0.214158322661766,0.0007977111942572,"below",0.52571001434176
20160101,263.772137931034,401.43956265833,"1050021940",0.256872883514442,0.69989799747531,0.0432291190102472,"normal",0.734666080788576
20170101,128.493965517241,195.941075751724,"1050021940",0.897525349510373,0.10233564751861,0.000139002971016988,"below",0.331543288955322
20180101,483.330620689655,459.033903177586,"1050021940",0.116769082364339,0.763454692050433,0.119776225585228,"normal",0.711006548995817
20190101,46.8535862068966,154.192834812644,"1050021940",0.951316649043579,0.0486548822201667,2.84687362546165e-05,"below",0.194860438571417
20200101,796.29275862069,417.977881371837,"1050021940",0.209665127132602,0.730933247475823,0.059401625391575,"normal",0.724363267593872
20210101,422.970551724138,389.082944528735,"1050021940",0.29545039499273,0.670914848075287,0.0336347569319824,"normal",0.742095709933325
20220101,321.354413793103,213.147193769541,"1050021940",0.865802791110915,0.133940988695542,0.000256220193542989,"below",0.396148425527803
20230101,471.354379310345,460.705699659481,"1050021940",0.11373172744724,0.763341868543708,0.122926404009052,"normal",0.711057367565572
20240101,471.272068965517,367.059010455747,"1050021940",0.370059774010446,0.609050242504876,0.0208899834846779,"normal",0.750685903230065
20250101,471.313224137931,465.603528827873,"1050021940",0.105158563103594,0.762353293705127,0.132488143191279,"normal",0.711501318913074
20260101,471.313224137931,537.783850871551,"1050021940",0.0269715934832949,0.643098864023294,0.329929542493411,"normal",0.747198963643988
19930101,3699.25313333333,3752.94157369998,"1050022420",0.0775370435969052,0.831541697430598,0.0909212589724965,"normal",0.569667353333882
19940101,2549.9019,2637.31290809998,"1050022420",0.763640814328475,0.236103760633745,0.000255425037779755,"below",0.548846658446867
19950101,4988.55023333333,4894.22186976668,"1050022420",0.0001525468344127,0.196400603488802,0.803446849676785,"above",0.496831694908567
19960101,4937.98873333333,4836.81833770005,"1050022420",0.000231905841445981,0.228239197974913,0.771528896183641,"above",0.539252625845226
19970101,4366.1077,4600.35316338332,"1050022420",0.00115467481579443,0.384629068563136,0.614216256621069,"above",0.674687982183382
19980101,3279.27906666667,3333.84793463332,"1050022420",0.26829835046418,0.715482641442027,0.0162190080937931,"normal",0.659378160800225
19990101,4706.45836666667,4971.47926273332,"1050022420",8.52545213410398e-05,0.158041677505371,0.841873067973288,"above",0.437277627467239
20000101,4044.23006666667,3994.31990413336,"1050022420",0.0297267075099294,0.778699981868054,0.191573310622016,"normal",0.615858223670478
20010101,2757.81766666667,2576.25713219998,"1050022420",0.798190352493457,0.201645643985893,0.00016400352064927,"below",0.504231770333134
20020101,3976.93643333333,3712.65663131671,"1050022420",0.0893829904831392,0.831697121441031,0.0789198880758294,"normal",0.569518196866718
20030101,4556.26653333333,4602.93111796665,"1050022420",0.0011358209798999,0.382758007364121,0.616106171655979,"above",0.673686244554306
20040101,3048.4826,3273.68157510004,"1050022420",0.307636159201034,0.680277600868679,0.0120862399302878,"normal",0.67810198976164
20050101,3874.14536666667,3819.69009613337,"1050022420",0.0605868123129682,0.825711049753414,0.113702137933618,"normal",0.575206282694531
20060101,3707.87653333333,3572.28441881665,"1050022420",0.141116868849474,0.812562209160044,0.046320921990482,"normal",0.587293422559779
20070101,2656.8366,2591.54587300001,"1050022420",0.789835131117071,0.209981400327968,0.000183468554961319,"below",0.515650696036831
20080101,4413.23533333333,4396.34709473331,"1050022420",0.00395417646450537,0.536263006937208,0.459782816598287,"normal",0.713291981420161
20090101,4002.9134,3866.45197283331,"1050022420",0.0505482747001247,0.817535345637488,0.131916379662387,"normal",0.582787541125861
20100101,5347.7863,5060.55267124993,"1050022420",4.24769955411133e-05,0.120347729473686,0.879609793530773,"above",0.368081871839299
20110101,1838.77793333333,2075.53468189998,"1050022420",0.963722153540248,0.0362751965331974,2.64992655474305e-06,"below",0.155956808904498
20120101,5290.0559,5390.08270746666,"1050022420",2.53280720397642e-06,0.0355259521389861,0.96447151505381,"above",0.153489950493012
20130101,3283.81076666667,3425.11245148332,"1050022420",0.213882221903333,0.761347840246133,0.0247699378505344,"normal",0.629072100511459
20140101,2228.19346666667,2404.22763791664,"1050022420",0.878020105422824,0.121936001549677,4.38930274986316e-05,"below",0.371243270368118
20150101,2112.18326666667,2200.17783538334,"1050022420",0.940209680752906,0.0597822838244376,8.03542265670476e-06,"below",0.226469856891015
20160101,5903.58426666667,5539.17941186663,"1050022420",6.23449938460231e-07,0.0182590586483991,0.981740317901662,"above",0.0911935852599497
20170101,3478.0535,3536.01628664998,"1050022420",0.157268234028627,0.802775163655901,0.0399566023154723,"normal",0.595928006907128
20180101,3581.95746666667,3780.0060269333,"1050022420",0.0702747493607552,0.830012626414975,0.0997126242242703,"normal",0.571130585369519
20190101,2901.2428,2839.04946891665,"1050022420",0.629719386652692,0.369273236538628,0.00100737680867957,"below",0.666061349732726
20200101,4237.1146,4372.26425736665,"1050022420",0.00453023273075356,0.553972589701504,0.441497177567743,"normal",0.71260886848885
20210101,4955.4285,4984.82687836666,"1050022420",7.69388238632997e-05,0.151947843543657,0.847975217632479,"above",0.426866050963738
20220101,3980.73653333333,3833.82983896664,"1050022420",0.0573991640412846,0.823590941398022,0.119009894560693,"normal",0.577193009229564
20230101,5348.27333333333,5448.65195791666,"1050022420",1.47411385043805e-06,0.0275885731834419,0.972409952702708,"above",0.126278419373198
20240101,3690.31243333333,4002.77906213335,"1050022420",0.0286476670313037,0.775322359566526,0.19602997340217,"normal",0.61850575283002
20250101,3925.5409,3803.97992419997,"1050022420",0.0642891222459177,0.827705607995055,0.108005269759027,"normal",0.57332391717115
20260101,3925.5409,3857.78391516663,"1050022420",0.0523017178512526,0.819301896611221,0.128396385537527,"normal",0.581167741523003
19930101,106.3453,157.339620706666,"1050022430",0.485098994052656,0.509833688206584,0.00506731774075975,"normal",0.72116223717241
19940101,344.707166666667,334.055416109445,"1050022430",0.000269252764957021,0.196762265638386,0.802968481596657,"above",0.498304510908448
19950101,268.6762,309.016335568333,"1050022430",0.00146132991091846,0.355275096916873,0.643263573172209,"above",0.661009520593701
19960101,174.9791,186.073663368889,"1050022430",0.276250090833571,0.701773662325762,0.0219762468406663,"normal",0.687811507182384
19970101,198.9999,222.153438405556,"1050022430",0.0980084943774437,0.807833740236173,0.0941577653863834,"normal",0.622509778665804
19980101,257.222733333333,227.023949284443,"1050022430",0.0826693421605802,0.806329916256009,0.111000741583411,"normal",0.623663237261016
19990101,230.880833333333,244.115874040555,"1050022430",0.0428567396169744,0.770438628459259,0.186704631923767,"normal",0.649253706439129
20000101,202.6933,185.119639174445,"1050022430",0.282464509214108,0.696510526070639,0.0210249647152531,"normal",0.690200270708866
20010101,288.234833333333,295.929913594445,"1050022430",0.0032420791449319,0.451505328820055,0.545252592035013,"above",0.70830377792554
20020101,357.129033333333,331.162610950556,"1050022430",0.000331072361177441,0.212617947938445,0.787050979700378,"above",0.520309465946113
20030101,50.4114666666667,85.8939939694446,"1050022430",0.910967909712608,0.0889938710820216,3.82192053699493e-05,"below",0.300627235654201
20040101,342.695733333333,339.534333757222,"1050022430",0.000180562682449058,0.168746462229877,0.831072975087674,"above",0.455596509462261
20050101,463.600366666667,409.029472506668,"1050022430",4.47806876453693e-07,0.0105904861978511,0.989409065995272,"above",0.0587046022174928
20060101,307.372066666667,311.215353972223,"1050022430",0.00127074049334953,0.339706683437643,0.659022576069007,"above",0.650056295411376
20070101,259.407133333333,195.577376292222,"1050022430",0.218245882836537,0.748161313302863,0.0335928038606004,"normal",0.663263556110777
20080101,261.5004,274.502711726666,"1050022430",0.0105237021218999,0.607932369322384,0.381543928555716,"normal",0.718117863655902
20090101,171.682466666667,151.963681972223,"1050022430",0.526624295062343,0.469643121938097,0.00373258299955925,"below",0.713522743533229
20100101,92.2390333333333,123.560495186111,"1050022430",0.731394213309412,0.267977234502267,0.000628552188320697,"below",0.586302509666867
20110101,415.421966666667,412.522706862223,"1050022430",3.16344772561899e-07,0.00883614237502717,0.9911635412802,"above",0.0505873130663254
20120101,158.942433333333,164.726556888333,"1050022430",0.428393625855442,0.564017213109154,0.00758916103540352,"normal",0.723193747298188
20130101,217.228033333333,222.415760958333,"1050022430",0.0971325397275206,0.807853522742307,0.0950139375301723,"normal",0.622494561619533
20140101,254.301133333333,245.949581836665,"1050022430",0.0397169705911102,0.763891583184445,0.196391446224445,"normal",0.653520130363712
20150101,144.817266666667,138.808783538333,"1050022430",0.626134852648476,0.372171400646199,0.00169374670532418,"below",0.671811751828597
20160101,67.7801666666667,88.6829779700002,"1050022430",0.901944148376338,0.0980080070438131,4.78445798485216e-05,"below",0.321202786064748
20170101,142.1723,165.040579539445,"1050022430",0.426007190846477,0.566275401116688,0.00771740803683518,"normal",0.723077659891793
20180101,295.5439,311.122291392222,"1050022430",0.00127832175448991,0.340360664342936,0.658361013902575,"above",0.650536080193609
20190101,111.713766666667,115.947207510556,"1050022430",0.777722937859864,0.221905409774801,0.000371652365334874,"below",0.532522474793873
20200101,170.5225,189.350177908888,"1050022430",0.255431989637803,0.719043557768694,0.0255244525935029,"normal",0.679404600006948
20210101,267.669566666667,310.657744598334,"1050022430",0.00131678792575087,0.343631807109234,0.655051404965015,"above",0.652909824632035
20220101,329.148133333333,397.146151161112,"1050022430",1.41301096183573e-06,0.0190143777122718,0.980984209276766,"above",0.0941984764581119
20230101,321.5413,314.161202803889,"1050022430",0.00105100446364628,0.319246776974881,0.679702218561473,"above",0.634154216394127
20240101,272.3723,394.712722971112,"1050022430",1.77665193829847e-06,0.0213104167140152,0.978687806634046,"above",0.103121384015036
20250101,255.761933333333,232.263620368333,"1050022430",0.0682640896045456,0.800318590190923,0.131417320204532,"normal",0.628208785766372
20260101,255.761933333333,247.441636944999,"1050022430",0.0373024969632914,0.758203613539281,0.204493889497427,"normal",0.657126021014051
19930101,18.8626333333333,35.7523074166669,"1050022910",0.900182568363255,0.0995492611079216,0.000268170528823108,"below",0.326536883143931
19940101,233.434133333333,222.025962549999,"1050022910",0.0050420743285903,0.341894196863085,0.653063728808325,"above",0.671869317992502
19950101,321.964333333333,296.10234405,"1050022910",2.01131866337172e-05,0.0269790249046661,0.9730008619087,"above",0.124315846641951
19960101,140.135833333333,145.2100023,"1050022910",0.162808410576235,0.721410467283348,0.115781122140417,"normal",0.780731507255991
19970101,174.295233333333,163.909295383335,"1050022910",0.0853400172500981,0.705489598410913,0.209170384338989,"normal",0.783419982598686
19980101,204.862433333333,205.331701283332,"1050022910",0.0129606163939148,0.467871756374776,0.519167627231309,"above",0.752031084606508
19990101,132.717566666667,120.523448358335,"1050022910",0.318458198747264,0.637659636186329,0.0438821650664073,"normal",0.788502121571536
20000101,193.1557,206.216286816668,"1050022910",0.0123616436529399,0.461178425249445,0.526459931097615,"above",0.749011221770102
20010101,145.6732,145.643467875,"1050022910",0.160610256150461,0.721849346407691,0.117540397441848,"normal",0.780649526873921
20020101,279.362,310.947239233333,"1050022910",5.08710044033592e-06,0.0127327488262036,0.987262164073356,"above",0.0682787107965273
20030101,26.8303,52.4892996500004,"1050022910",0.82540652585697,0.173675284688519,0.000918189454511165,"below",0.468829765466048
20040101,196.158266666667,207.407779299999,"1050022910",0.0115928499000002,0.452139292914687,0.536267857185313,"above",0.744725955476364
20050101,406.476133333333,370.155181650003,"1050022910",8.55533057545089e-09,0.000270472300258673,0.999729519144411,"above",0.00249262534393576
20060101,202.3919,211.313518549999,"1050022910",0.00935642457745724,0.422410587565431,0.568232987857112,"above",0.728913049511246
20070101,149.343566666667,141.3130474,"1050022910",0.183443154978729,0.715756440794335,0.100800404226936,"normal",0.781749995486891
20080101,241.118766666667,223.585326133336,"1050022910",0.00459094701241324,0.330506273319819,0.664902779667767,"above",0.661985858736913
20090101,134.474733333333,132.415298466668,"1050022910",0.236331156587346,0.691684604997699,0.0719842384149547,"normal",0.785297801167028
20100101,72.8143333333333,77.0141379000001,"1050022910",0.665874029877582,0.329570639895947,0.0045553302264707,"below",0.661152450355731
20110101,371.559066666667,365.218650233332,"1050022910",1.5406237224957e-08,0.000393336269860933,0.999606648323902,"above",0.00347764042399618
20120101,95.1127666666667,106.478547800001,"1050022910",0.428061782487068,0.549080663285868,0.0228575542270631,"normal",0.778751145764502
20130101,123.8153,131.068177491667,"1050022910",0.24501185718792,0.686751579635989,0.0682365631760915,"normal",0.785865733739088
20140101,188.326533333333,180.455538183336,"1050022910",0.0434023862718894,0.636285543397599,0.320312070330511,"normal",0.788495759513798
20150101,98.5874666666667,89.6463430833327,"1050022910",0.566348367273696,0.424174012819601,0.00947761990670293,"below",0.729926098548332
20160101,58.5318,60.9554529499994,"1050022910",0.77665165625439,0.22170865301712,0.00163969072849046,"below",0.540804764517559
20170101,141.268833333333,144.278555475001,"1050022910",0.167597751890248,0.720338058883372,0.11206418922638,"normal",0.780930058240053
20180101,111.9039,99.2033613916668,"1050022910",0.487743282369153,0.496423550658716,0.0158331669721303,"normal",0.763480083713873
20190101,67.1318666666667,86.240145633334,"1050022910",0.593899249899088,0.3982743520372,0.00782639806371266,"below",0.71406561089601
20200101,64.4021,91.1422129333328,"1050022910",0.554138022727902,0.435567772119934,0.0102942051521643,"below",0.736241237704608
20210101,127.978766666667,104.292221616667,"1050022910",0.445887738288522,0.533599267035813,0.0205129946756648,"normal",0.775025114008278
20220101,191.7756,210.230922199999,"1050022910",0.00993497225860244,0.430656614277975,0.559408413463422,"above",0.733567850044245
20230101,326.777866666667,309.358525383333,"1050022910",5.91889125196186e-06,0.0138539879673744,0.986140093141374,"above",0.0731183973280803
20240101,334.156366666667,283.146285416668,"1050022910",6.20179811203245e-05,0.0485277492278919,0.951410232790988,"above",0.194817025856032
20250101,147.508383333333,142.345007750001,"1050022910",0.177826264347419,0.717551270725581,0.104622464927,"normal",0.781434263304915
20260101,147.508383333333,147.166096191667,"1050022910",0.15304319504159,0.72308691742636,0.12386988753205,"normal",0.780416091414343
19930101,20.3619,41.0685526927778,"1050022920",0.955529294269313,0.0438016754744277,0.000669030256259417,"below",0.185372574676946
19940101,205.118766666667,198.499798625834,"1050022920",0.0723892458117689,0.446934169158593,0.480676585029638,"above",0.902132735942929
19950101,273.961333333333,256.134213805,"1050022920",0.00446402241249296,0.129441736755347,0.86609424083216,"above",0.413315816095096
19960101,197.5659,192.831364121388,"1050022920",0.0893974992051548,0.475030776008498,0.435571724786348,"normal",0.93146798620867
19970101,127.571033333333,131.977982694444,"1050022920",0.45093231048357,0.46579265961929,0.0832750298971401,"normal",0.922001033314043
19980101,174.295,172.938191547222,"1050022920",0.172260390710998,0.540480644687355,0.287258964601646,"normal",0.99383699545404
19990101,162.2886,152.758806208611,"1050022920",0.294487144241111,0.538580248153746,0.166932607605142,"normal",0.992136897971429
20000101,195.133833333333,178.58541698361,"1050022920",0.144892000779399,0.528062127806731,0.327045871413871,"normal",0.982611430052194
20010101,176.911033333333,177.638306085,"1050022920",0.149265319683597,0.530517362723709,0.320217317592694,"normal",0.984852629166035
20020101,219.0684,280.406732408333,"1050022920",0.000961469074307122,0.0543720146322377,0.944666516293455,"above",0.218779092708158
20030101,28.9229,36.9558510491667,"1050022920",0.962750743041347,0.0367487120845644,0.00050054487408846,"below",0.161755732760063
20040101,149.669333333333,165.0769106575,"1050022920",0.215490175745104,0.548490366181922,0.236019458072974,"normal",1.00093290494927
20050101,403.499966666667,371.482348293332,"1050022920",4.12132655141397e-07,0.000309426917136202,0.999690160950209,"above",0.00281626369876778
20060101,150.408,155.088635627777,"1050022920",0.278576130667276,0.542534035305937,0.178889834026787,"normal",0.995666817850063
20070101,173.622133333333,183.667989466389,"1050022920",0.122904434462462,0.512458480965764,0.364637084571773,"normal",0.968112328021083
20080101,310.599566666667,283.930748583333,"1050022920",0.00075540002226642,0.0471092489917809,0.952135350985953,"above",0.19606264945248
20090101,199.513,198.367967416389,"1050022920",0.0727544285114386,0.447623084268396,0.479622487220166,"above",0.902871611449691
20100101,58.9327666666667,70.5062593466666,"1050022920",0.866558775592,0.129005274582616,0.00443594982538364,"below",0.412337370519111
20110101,454.9565,371.583336919999,"1050022920",4.07878983295298e-07,0.000307129258097616,0.999692462862919,"above",0.00279762640139042
20120101,153.290133333333,163.806586292222,"1050022920",0.223023114344448,0.548737532078566,0.228239353576986,"normal",1.00115009357352
20130101,151.4837,152.173547203333,"1050022920",0.298548974589152,0.537439168459518,0.16401185695133,"normal",0.99111302325623
20140101,223.8364,198.323104733333,"1050022920",0.0728790228033527,0.447857171511611,0.479263805685036,"above",0.903122446237579
20150101,120.6204,138.868282043611,"1050022920",0.396823978535628,0.496629300362816,0.106546721101556,"normal",0.952942426525235
20160101,25.3659,41.3630525052778,"1050022920",0.954971636376308,0.0443454555933726,0.000682908030319673,"below",0.187145971232028
20170101,173.385833333333,174.971252076666,"1050022920",0.162049691903905,0.536631762059363,0.301318546036732,"normal",0.990387157119193
20180101,147.880533333333,115.445225249444,"1050022920",0.582566268573487,0.374274293086925,0.0431594383395881,"below",0.818235739969637
20190101,109.2158,167.539037927779,"1050022920",0.201317749050484,0.547175929273071,0.251506321676445,"normal",0.99977610637691
20200101,80.7470666666667,129.319256368888,"1050022920",0.472115722780323,0.452486658477324,0.0753976187423523,"below",0.908059423580428
20210101,151.034533333333,159.054642592778,"1050022920",0.252493391475593,0.547057107486327,0.20044950103808,"normal",0.999671386715801
20220101,162.632533333333,157.015446527222,"1050022920",0.265741873807499,0.545082456350114,0.189175669842387,"normal",0.997927493744795
20230101,335.171933333333,282.560788917778,"1050022920",0.00083012343424723,0.0498360195493939,0.949333857016359,"above",0.204708296429189
20240101,326.673233333333,370.89789639611,"1050022920",4.3760171942505e-07,0.000323041225056775,0.999676521173224,"above",0.00292635219056303
20250101,168.009183333333,153.918122300833,"1050022920",0.286517461786038,0.540665939788997,0.172816598424966,"normal",0.994002420276374
20260101,168.009183333333,159.646931776389,"1050022920",0.248711614930677,0.547490239416456,0.203798145652867,"normal",1.00005299488502
19930101,204.069833333333,227.823024416669,"1050023020",0.736985901643781,0.262773411355285,0.000240687000934714,"below",0.57811055404346
19940101,443.5993,430.229905483331,"1050023020",0.403948880580709,0.591572643420866,0.00447847599842499,"normal",0.700946379234187
19950101,1117.0665,1170.37625746666,"1050023020",0.000279370669768284,0.275957234786322,0.72376339454391,"above",0.591569613758006
19960101,1413.92973333333,1384.8875906,"1050023020",5.91847566339231e-06,0.0637812006291095,0.936212880895227,"above",0.237324067136535
19970101,593.0178,531.240589183327,"1050023020",0.247963162288095,0.737256158159271,0.0147806795526337,"normal",0.632800987992296
19980101,327.616933333333,312.648489066669,"1050023020",0.605054453028644,0.394051321025621,0.000894225945734961,"below",0.677248498815472
19990101,1561.59343333333,1555.58200301666,"1050023020",1.52485258002242e-07,0.0118017559661791,0.988198091548563,"above",0.0641283613780281
20000101,521.918166666667,466.579144249993,"1050023020",0.344329922425161,0.648648495287149,0.00702158228769034,"normal",0.68270424732303
20010101,378.745233333333,392.104113033328,"1050023020",0.468952212080024,0.528320855626319,0.00272693229365684,"normal",0.708313428363409
20020101,651.392466666667,759.822489583327,"1050023020",0.0473041842500752,0.83473806069281,0.117957755057115,"normal",0.547243596731409
20030101,856.045066666667,813.047791550002,"1050023020",0.0285692865615067,0.801536281199351,0.169894432239142,"normal",0.580046933050506
20040101,669.016033333333,655.765288816666,"1050023020",0.111119490007476,0.837985374302931,0.0508951356895929,"normal",0.543828991077617
20050101,1219.61993333333,1224.15938488333,"1050023020",0.000114808832751897,0.203960904949232,0.795924286218016,"above",0.506974801888474
20060101,342.378933333333,347.752475683331,"1050023020",0.545505324164108,0.453011218493366,0.00148345734252631,"below",0.69897352155301
20070101,1005.3847,906.801096150012,"1050023020",0.0104837099439742,0.697759997940943,0.291756292115083,"normal",0.658289998917532
20080101,1741.93836666667,1642.15484099999,"1050023020",1.94746455272812e-08,0.00416097750891276,0.995839003016442,"above",0.0269631743257146
20090101,1296.6434,1254.85449064998,"1050023020",6.75383421885439e-05,0.168414302258445,0.831518159399367,"above",0.454066593520732
20100101,334.7502,351.446231083334,"1050023020",0.539154902804955,0.459282444408411,0.00156265278663437,"below",0.700524128367913
20110101,1653.7955,1531.71468081666,"1050023020",2.62546360862803e-07,0.0153830625800112,0.984616674873628,"above",0.0794847819893331
20120101,545.117166666667,575.184033066664,"1050023020",0.19177835667472,0.784675548327749,0.0235460949975318,"normal",0.595247158037489
20130101,439.3219,401.844869699997,"1050023020",0.452194099561449,0.544703070016044,0.00310283042250781,"normal",0.707716232046353
20140101,996.443333333333,944.775160616676,"1050023020",0.00669643343848425,0.642697154966652,0.350606411594863,"normal",0.685115604701222
20150101,574.1346,583.03739548333,"1050023020",0.182627374085392,0.791869912831261,0.025502713083347,"normal",0.588880677238789
20160101,135.026933333333,210.057632650001,"1050023020",0.761481060304607,0.23833901733572,0.000179922359672346,"below",0.550840157152102
20170101,857.7228,869.680890849997,"1050023020",0.0158690433175052,0.745011525890371,0.239119430792124,"normal",0.627180066001954
20180101,299.731933333333,369.234577499997,"1050023020",0.508461425165981,0.489537822061656,0.00200075277236311,"below",0.706012834729841
20190101,670.397833333333,755.334986100006,"1050023020",0.0492544995511434,0.836587175129917,0.11415832531894,"normal",0.545303754864296
20200101,360.279466666667,466.575483966661,"1050023020",0.344335762903009,0.648642964774714,0.00702127232227712,"normal",0.682706543090101
20210101,546.619466666667,666.158618983331,"1050023020",0.102820964315584,0.841395803900969,0.0557832317834465,"normal",0.540203016110875
20220101,639.288,766.31920861667,"1050023020",0.0445908304646643,0.831793713947258,0.123615455588078,"normal",0.550307689216428
20230101,1320.8868,1160.0557637,"1050023020",0.000329415921041994,0.291060172048855,0.708610412030103,"above",0.605955560913317
20240101,1118.01386666667,1216.61619233332,"1050023020",0.000130462628819304,0.213333573179509,0.786535964191671,"above",0.519606103449207
20250101,645.340233333334,623.093447966665,"1050023020",0.140294251215083,0.82199014882688,0.0377155999580377,"normal",0.560291648906275
20260101,645.340233333334,626.171776399998,"1050023020",0.13734193964968,0.823833489476037,0.0388245708742827,"normal",0.558439971869752
19930101,286.849066666667,339.794472916667,"1050023050",0.473466233766909,0.496081443914177,0.0304523223189133,"normal",0.808086446244391
19940101,447.365466666667,457.950565787777,"1050023050",0.187953722353047,0.666398632748548,0.145647644898405,"normal",0.865244854579646
19950101,560.2754,504.940954932777,"1050023050",0.112921313630871,0.654264002898342,0.232814683470787,"normal",0.86318672291625
19960101,598.142566666667,586.204603459999,"1050023050",0.0380025956612486,0.528074732819355,0.433922671519396,"normal",0.823734497174313
19970101,392.191933333333,362.052202703334,"1050023050",0.412616013005623,0.544661017734951,0.0427229692594264,"normal",0.830901129931001
19980101,373.4886,523.480594338332,"1050023050",0.0901828118579265,0.635935940934458,0.273881247207616,"normal",0.859526276770173
19990101,1357.14766666667,1047.03360189778,"1050023050",3.37866481709472e-07,0.00123273406808821,0.99876692806543,"above",0.00949484054981651
20000101,338.487733333333,323.894737274445,"1050023050",0.517402987695556,0.458990440454372,0.0236065718500719,"below",0.786797417302746
20010101,212.099733333333,348.317836850556,"1050023050",0.45001155426119,0.515235274478779,0.0347531712600315,"normal",0.817747685587031
20020101,384.1715,425.064262787778,"1050023050",0.255417685958331,0.644872879737326,0.0997094343043423,"normal",0.861394794364654
20030101,765.167433333333,786.639458207223,"1050023050",0.000779417915846919,0.109931713474137,0.889288868610016,"above",0.352639116787493
20040101,589.3965,572.640870143888,"1050023050",0.0464451502900898,0.556277977078144,0.397276872631767,"normal",0.835547449003768
20050101,486.257133333333,428.700870396667,"1050023050",0.247385045138215,0.648419945170764,0.104195009691021,"normal",0.862092172798452
20060101,195.977933333333,301.492773248333,"1050023050",0.578828588870693,0.4049796416211,0.0161917695082073,"below",0.749305221648282
20070101,436.385433333333,430.507974461111,"1050023050",0.243444263233269,0.650078116537009,0.106477620229723,"normal",0.862409606668531
20080101,1272.62173333333,1024.76623231889,"1050023050",7.40126715604284e-07,0.00203135080940609,0.997967909063878,"above",0.0146329267341076
20090101,709.515633333333,712.303976623889,"1050023050",0.0040448180790296,0.235564726284335,0.760390455636636,"above",0.571149148923294
20100101,569.631333333333,493.943492791666,"1050023050",0.128204887105686,0.661624301985859,0.210170810908455,"normal",0.864469481388873
20110101,440.303233333333,367.721712646111,"1050023050",0.397387798214892,0.556195009572719,0.0464171922123886,"normal",0.835515340515955
20120101,783.968133333333,761.423740662779,"1050023050",0.00140065552489051,0.145920317921774,0.852679026553336,"above",0.425948730952353
20130101,305.300366666667,349.525418790556,"1050023050",0.446700684003585,0.517898288377509,0.0354010276189062,"normal",0.819021326338549
20140101,341.705433333333,317.490874396111,"1050023050",0.535069540313087,0.44368941018079,0.0212410495061239,"below",0.776982550739437
20150101,223.304533333333,276.671376990556,"1050023050",0.644654018491755,0.344948137325588,0.0103978441826571,"below",0.697657474786418
20160101,271.2379,299.040400977223,"1050023050",0.585464911286867,0.399018254529953,0.0155168341831802,"below",0.744665828655557
20170101,890.794333333333,917.63547110278,"1050023050",2.33663543293398e-05,0.0165357460590915,0.983440887586579,"above",0.0845038780182347
20180101,292.875666666667,308.991205616112,"1050023050",0.558405714818862,0.423180696938181,0.0184135882429569,"below",0.762838901426795
20190101,452.1272,407.162555846111,"1050023050",0.296855384632878,0.623472439333347,0.079672176033775,"normal",0.856651336527834
20200101,646.425066666667,567.470604193888,"1050023050",0.0500353419167815,0.56643951100554,0.383525147077679,"normal",0.839364203201332
20210101,614.526933333333,549.216250167221,"1050023050",0.0645077207106167,0.599253667849119,0.336238611440265,"normal",0.8501517150134
20220101,860.701133333333,885.585242582224,"1050023050",5.92367438524993e-05,0.0281029731363132,0.971837790119834,"above",0.128718932456003
20230101,843.457466666667,848.352452760001,"1050023050",0.000164570118526618,0.0492590247206127,0.950576405160861,"above",0.197917686507189
20240101,927.931733333333,979.001120939447,"1050023050",3.45081927534987e-06,0.00529141822964752,0.994705130951077,"above",0.0330600897842771
20250101,469.192166666666,451.595153849444,"1050023050",0.200057811851435,0.664130488650809,0.135811699497756,"normal",0.864882040142952
20260101,469.192166666666,445.749337411667,"1050023050",0.211594990746346,0.661230034916686,0.127174974336968,"normal",0.864403461473056
19930101,12.5849,12.7728835533598,"1050023060",0.630467634351228,0.361218727993689,0.00831363765508319,"below",0.698470514846934
19940101,8.4777,12.4732887056217,"1050023060",0.641238912261935,0.351075798702327,0.00768528903573784,"below",0.689841660706255
19950101,20.4066666666667,25.765225099914,"1050023060",0.181236397162604,0.693916433429157,0.124847169408239,"normal",0.82286804180699
19960101,46.7091,47.5075865395833,"1050023060",0.00138552143196935,0.174721898826353,0.823892579741677,"above",0.473532295160318
19970101,35.5319333333333,42.9608207969444,"1050023060",0.00528205966587019,0.305003737224135,0.689714203109995,"above",0.646080756272364
19980101,10.074,14.1450325363757,"1050023060",0.579938623596097,0.408258685071249,0.0118026913326538,"below",0.7341071839847
19990101,94.6697333333333,69.6834198377248,"1050023060",1.56914195641549e-07,0.00113194834019426,0.99886789474561,"above",0.00881285070201567
20000101,15.0290333333333,12.9109997489682,"1050023060",0.625466670690179,0.365915126666994,0.00861820264282742,"below",0.702348838050437
20010101,11.4233333333333,12.8665468485317,"1050023060",0.627078589002776,0.364402284183741,0.00851912681348266,"below",0.70110752720962
20020101,34.4594,26.1985160660913,"1050023060",0.170512429387978,0.695904705394594,0.133582865217428,"normal",0.822829281712126
20030101,17.5149333333333,15.4959038641204,"1050023060",0.528865249829616,0.454720445056818,0.0164143051135658,"below",0.762707510446377
20040101,25.7385666666667,22.6078451620371,"1050023060",0.271458559433151,0.655477829748214,0.0730636108186352,"normal",0.822000494587481
20050101,16.6601666666667,22.1043790964352,"1050023060",0.287667787070914,0.645724822228767,0.0666073907003191,"normal",0.821283103193792
20060101,28.322,26.6803541382738,"1050023060",0.159074582051569,0.697144820333944,0.143780597614487,"normal",0.822800996597342
20070101,29.5218666666667,26.710239534795,"1050023060",0.158382113384679,0.697187933641659,0.144429952973662,"normal",0.822799956514676
20080101,80.5621666666667,67.0649049710978,"1050023060",5.74378963591144e-07,0.00253466501531752,0.997464760605719,"above",0.0176917281010421
20090101,62.8045,65.389473069484,"1050023060",1.27626442485398e-06,0.00411800988531874,0.995880713850256,"above",0.0267458079681036
20100101,27.0217333333333,25.7207860312368,"1050023060",0.182359658784353,0.6936660133912,0.123974327824447,"normal",0.822872347455019
20110101,39.3411,45.3728218904629,"1050023060",0.0026542127801876,0.231283251490759,0.766062535729054,"above",0.558517493590622
20120101,25.9471333333333,25.7244070880886,"1050023060",0.182267968896896,0.69368674119218,0.124045289910924,"normal",0.822871995963582
20130101,12.5806666666667,13.0257976052381,"1050023060",0.621293863083678,0.369827385745195,0.00887875117112769,"below",0.705523848637297
20140101,17.5462333333333,23.7201985191336,"1050023060",0.237337535619935,0.673650171223675,0.0890122931563896,"normal",0.822796632716833
20150101,14.3094,17.1537260993122,"1050023060",0.465619753679877,0.510272828335463,0.0241074179846593,"normal",0.789035543202218
20160101,26.0822666666667,28.7142501317593,"1050023060",0.116439939619228,0.691076944400412,0.19248311598036,"normal",0.822909296431956
20170101,48.6887666666667,48.8191717449669,"1050023060",0.000911603487978143,0.14460455060501,0.854483845907012,"above",0.420385062362847
20180101,37.2724333333333,37.0259900651124,"1050023060",0.0233696399080718,0.50576720755065,0.470863152541279,"normal",0.787202930740402
20190101,46.2510333333333,42.5750505848412,"1050023060",0.00586997392919106,0.317566492105912,0.676563533964897,"above",0.658782687489677
20200101,28.3471666666667,41.339591883234,"1050023060",0.00816186736097356,0.35882651508545,0.633011617553576,"above",0.696466698583355
20210101,39.7404666666667,42.6040348940079,"1050023060",0.00582386581548032,0.316616570360254,0.677559563824266,"above",0.657843004633068
20220101,55.825,65.5726714264153,"1050023060",1.17098478325483e-06,0.00390968606003006,0.996089142955187,"above",0.0255956579572554
20230101,46.7042333333333,46.7878783611508,"1050023060",0.0017324939142389,0.192775231315073,0.805492274770688,"above",0.502597294083666
20240101,29.8141666666667,27.6560658035251,"1050023060",0.137488362099045,0.696508863460033,0.166002774440922,"normal",0.822815895892164
20250101,28.3345833333333,27.785749553988,"1050023060",0.13477750190164,0.696107281153235,0.169115216945125,"normal",0.822824876881774
20260101,28.3345833333333,25.5764795682474,"1050023060",0.186037120083754,0.692793436288809,0.121169443627437,"normal",0.822886342268645
19930101,18.7552666666667,20.4233904500002,"1050023130",0.616957773299849,0.382028018203861,0.00101420849628975,"below",0.672565036817459
19940101,28.8449666666667,34.4642129666669,"1050023130",0.409760360813938,0.585011718266314,0.00522792091974811,"normal",0.706685753727978
19950101,117.002166666667,107.164550125001,"1050023130",0.00158925525786087,0.434305545790822,0.564105198951317,"above",0.695414209840271
19960101,87.5494,91.7345176333351,"1050023130",0.00883997319918655,0.652559510082847,0.338600516717967,"normal",0.687028614522392
19970101,28.9166333333333,35.255685216667,"1050023130",0.398283453575889,0.596025544247633,0.00569100217647811,"normal",0.70449872283495
19980101,26.5987333333333,29.0675310333334,"1050023130",0.48958086720627,0.507550396760649,0.00286873603308047,"normal",0.710654663534287
19990101,126.576966666667,131.328103,"1050023130",5.79682895859693e-05,0.143148518736061,0.856793512974353,"above",0.411252574350866
20000101,28.4928333333333,27.2215251166669,"1050023130",0.517145693242798,0.480538015348438,0.00231629140876344,"below",0.707238253935732
20010101,20.9201333333333,30.83508155,"1050023130",0.463232377957843,0.533261325737292,0.00350629630486465,"normal",0.711576035956074
20020101,47.2884333333333,46.0610580166671,"1050023130",0.253881326625456,0.72937594323947,0.016742730135074,"normal",0.646683455815696
20030101,53.5374666666667,54.6297511833339,"1050023130",0.162773897235481,0.801721462113756,0.0355046406507636,"normal",0.59119203559336
20040101,57.5331333333333,56.5634997166663,"1050023130",0.145594447992431,0.812859690304103,0.0415458617034659,"normal",0.5811278642637
20050101,45.7063,52.3892258916668,"1050023130",0.184262379097623,0.786311742570178,0.0294258783321981,"normal",0.60444339823646
20060101,61.7590333333333,70.6932248083339,"1050023130",0.0565391537258472,0.829172227226078,0.114288619048075,"normal",0.565648837187212
20070101,100.803866666667,100.713483958335,"1050023130",0.00338032972700268,0.528552747388273,0.468066922884724,"normal",0.711575463371328
20080101,223.605466666667,192.299099799999,"1050023130",4.19937652412721e-10,0.000406012409534418,0.999593987170528,"above",0.00357654186396272
20090101,156.877933333333,148.311248183334,"1050023130",3.55481388160444e-06,0.044389077709138,0.95560736747698,"above",0.181698374516827
20100101,24.6552666666667,24.2954682000003,"1050023130",0.560618363326817,0.437746267753449,0.00163536891973404,"below",0.696559656185653
20110101,171.2574,163.599292283335,"1050023130",2.06641661673697e-07,0.0114768930692575,0.988522900289081,"above",0.062686261687759
20120101,57.6761333333333,59.2369963833337,"1050023130",0.123920814512894,0.824837485785316,0.0512416997017902,"normal",0.569848071243402
20130101,17.5995,19.8451196333335,"1050023130",0.625193551951849,0.373863666565267,0.000942781482883848,"below",0.668048740462826
20140101,28.0009,28.2493268499999,"1050023130",0.501800085100385,0.495589245580769,0.00261066931884557,"below",0.709454172336685
20150101,21.6521666666667,21.0758259666668,"1050023130",0.607602029333263,0.391297234214715,0.00110073645202191,"below",0.677376097399751
20160101,50.9322333333333,57.2149832249999,"1050023130",0.14009170710034,0.816148713481335,0.0437595794183248,"normal",0.578077757228657
20170101,91.6212666666667,101.536692633335,"1050023130",0.00307917636467564,0.516584953746291,0.480335869889033,"normal",0.71123528006053
20180101,132.871833333333,137.795124100002,"1050023130",2.09562459613849e-05,0.0953925213325946,0.904586522421444,"above",0.315084339407748
20190101,109.003666666667,108.803242650001,"1050023130",0.00130076740845651,0.410569998432432,0.588129234159111,"above",0.686320421700571
20200101,62.2429,97.7799216250011,"1050023130",0.00468048112697503,0.570648131280025,0.424671387593,"normal",0.708936769565711
20210101,130.378866666667,137.881956566668,"1050023130",2.0664040717626e-05,0.0948427722788774,0.905136563680405,"above",0.313842816081483
20220101,239.153033333333,164.358849983334,"1050023130",1.77928716401852e-07,0.010649586683837,0.989350235387447,"above",0.0589685356412958
20230101,279.0561,164.358849983334,"1050023130",1.77928716401852e-07,0.010649586683837,0.989350235387447,"above",0.0589685356412958
20240101,157.468333333333,100.994177950001,"1050023130",0.00327479288917719,0.524477692480922,0.472247514629901,"normal",0.711514317442167
20250101,59.7175833333333,56.2891185500003,"1050023130",0.14795492599363,0.811403982219491,0.0406410917868794,"normal",0.582466427554733
20260101,59.7175833333333,57.0859997249998,"1050023130",0.141169790238877,0.815516308623643,0.0433139011374809,"normal",0.578666998563251
19930101,21.7625,23.4835545416669,"1050023140",0.579191479505052,0.419222645981491,0.00158587451345671,"below",0.69098534215685
19940101,29.0091666666667,61.9213618916658,"1050023140",0.11023217984507,0.826196005317883,0.0635718148370468,"normal",0.575997861731539
19950101,117.265566666667,111.031665350001,"1050023140",0.0011591247868366,0.382704107651491,0.616136767561673,"above",0.673807067659725
19960101,91.5685333333333,79.2347843750002,"1050023140",0.0309363719298172,0.780594254733842,0.188469373336341,"normal",0.615403786981751
19970101,30.8134666666667,29.9762287333333,"1050023140",0.483689080058499,0.512945345164976,0.00336557477652555,"normal",0.712908884888343
19980101,26.6606,28.1550041166665,"1050023140",0.510621340076619,0.486638742545994,0.00273991737738633,"below",0.709860814441494
19990101,128.351833333333,121.986485741667,"1050023140",0.00027794734187395,0.241214168969235,0.758507883688891,"above",0.554952467088639
20000101,28.4652,28.8386904833331,"1050023140",0.500510066571501,0.496528632389614,0.00296130103888537,"below",0.711284595127124
20010101,21.7813333333333,24.3941357499998,"1050023140",0.565947030393725,0.432284883244222,0.00176808636205328,"below",0.695918498085828
20020101,48.8962333333333,48.7678378083333,"1050023140",0.230374418099075,0.747575790547885,0.0220497913530402,"normal",0.63979333761079
20030101,54.1214666666667,53.9270045583329,"1050023140",0.176471605646915,0.789290417431708,0.0342379769213774,"normal",0.608402766545238
20040101,58.4170666666667,57.310985666667,"1050023140",0.145859059655288,0.80923561480082,0.0449053255438917,"normal",0.591432529861875
20050101,46.8515333333333,50.235098291667,"1050023140",0.214176116268865,0.760752432519627,0.025071451211508,"normal",0.630475807293136
20060101,63.0933333333333,60.6954051166661,"1050023140",0.119031784246433,0.822867212319008,0.0581010034345585,"normal",0.579100211038796
20070101,100.0886,103.639531583334,"1050023140",0.00278533706883947,0.488726054657209,0.508488608273952,"above",0.710189363096505
20080101,225.112933333333,184.977846666666,"1050023140",3.56708268444103e-09,0.00119481071340322,0.998805185719514,"above",0.00923496790427522
20090101,164.3258,136.833548233335,"1050023140",3.13068337086871e-05,0.105257184800236,0.894711508366055,"above",0.336835503227249
20100101,27.324,27.9863963416669,"1050023140",0.51311414047789,0.484198190031728,0.00268766949038168,"below",0.709457565933165
20110101,174.0872,156.109872216666,"1050023140",1.19423220966618e-06,0.0246094810098401,0.97538932475795,"above",0.115490465859018
20120101,59.8111,76.3105540583336,"1050023140",0.0393067745226398,0.800087033367994,0.160606192109366,"normal",0.599374625221444
20130101,18.5655333333333,25.5699099750001,"1050023140",0.548737320878907,0.449231183064177,0.00203149605691566,"below",0.701392628656538
20140101,30.2409333333333,30.1207865666669,"1050023140",0.481552930761013,0.515026715596204,0.00342035364278281,"normal",0.713049400651463
20150101,22.8540333333333,23.7032732333332,"1050023140",0.576003262875274,0.422368534963752,0.00162820216097415,"below",0.692230819985271
20160101,51.7622666666667,66.3614826666665,"1050023140",0.082277167813618,0.830940896657968,0.0867819355284143,"normal",0.571513976383405
20170101,94.2837666666667,87.9884582999998,"1050023140",0.0141985025084776,0.697720523039843,0.288080974451679,"normal",0.67006511811465
20180101,133.508333333333,128.089982933333,"1050023140",0.000117276566693161,0.176637318818685,0.823245404614622,"above",0.467411942503189
20190101,111.996566666667,105.992192908335,"1050023140",0.00212312597476044,0.454673780042367,0.543203093982872,"above",0.702931742519911
20200101,63.5689666666667,51.7906170833334,"1050023140",0.197749596697097,0.773604014426138,0.0286463888767647,"normal",0.620856612564221
20210101,133.188466666667,123.923386533334,"1050023140",0.00021247731147075,0.219453022030217,0.780334500658312,"above",0.528171454114713
20220101,242.3387,173.448753633333,"1050023140",4.15458665247982e-08,0.00453335289969958,0.995466605554434,"above",0.0289871117816357
20230101,279.4041,185.184508116666,"1050023140",3.40797491633001e-09,0.00116479059410513,0.99883520599792,"above",0.0090325914885271
20240101,158.924533333333,92.6428096666672,"1050023140",0.00903154242148245,0.641381181477355,0.349587276101163,"normal",0.694786175976435
20250101,61.4522166666667,61.0091393999997,"1050023140",0.116734026959101,0.823801462220402,0.0594645108204968,"normal",0.578233118656692
20260101,61.4522166666667,59.9376325916664,"1050023140",0.124712822671764,0.82037819070402,0.0549089866242163,"normal",0.581396591567246
19930101,1108.94577777778,1112.56229011112,"1050023300",0.193911575982428,0.713491628010785,0.0925967960067866,"normal",0.77928135189409
19940101,1042.3422962963,1043.61518653703,"1050023300",0.490536791742766,0.494260985282748,0.015202222974486,"normal",0.76133011281576
19950101,1129.59577777778,1144.33616833331,"1050023300",0.105538153369787,0.72031209689546,0.174149749734753,"normal",0.77802096322534
19960101,1200.70296296296,1194.59494990739,"1050023300",0.0312440357299846,0.596425579848549,0.372330384421467,"normal",0.784375384125169
19970101,1236.16207407407,1215.98970983332,"1050023300",0.0168590231177709,0.509084502063976,0.474056474818253,"normal",0.766386554480402
19980101,1039.64374074074,1040.14156799999,"1050023300",0.507415665554359,0.478930572225188,0.0136537622204527,"below",0.755457570131151
19990101,1064.60148148148,1057.39159074073,"1050023300",0.424053550388036,0.553032227291772,0.0229142223201922,"normal",0.777900250643289
20000101,1341.5167037037,1352.7720820185,"1050023300",7.54505434716338e-05,0.0546044063696596,0.945320143086869,"above",0.212643068697794
20010101,1233.1282962963,1226.63367114816,"1050023300",0.0121269826344185,0.462127994236205,0.525745023129377,"above",0.748252882528533
20020101,1042.78785185185,1032.78013237037,"1050023300",0.54310506842716,0.446078803214842,0.0108161283579979,"below",0.740602807956939
20030101,1024.63366666667,1033.30780200001,"1050023300",0.540554949724972,0.448444128958333,0.0110009213166953,"below",0.741778193083628
20040101,1259.409,1246.91001488889,"1050023300",0.00620844559547921,0.371476958808173,0.622314595596348,"above",0.694582009992569
20050101,1217.40011111111,1223.2204945,"1050023300",0.0135004046471713,0.47732395467774,0.509175640675089,"above",0.754803700996512
20060101,1141.23114814815,1148.47275022223,"1050023300",0.0966293459602528,0.715967076911853,0.187403577127894,"normal",0.77883576332869
20070101,1050.12211111111,1047.26108907406,"1050023300",0.472839510416552,0.51017307199238,0.0169874175910681,"normal",0.766734119425668
20080101,1174.38037037037,1180.84740092591,"1050023300",0.0450038694618127,0.644041864763276,0.310954265774911,"normal",0.786158893323302
20090101,1479.13640740741,1472.74202511113,"1050023300",7.5661255650444e-08,0.00109763103881089,0.998902293299933,"above",0.00857826221658727
20100101,1523.91140740741,1479.38084512963,"1050023300",4.8619094381939e-08,0.000835204916848187,0.999164746464057,"above",0.00675551667404248
20110101,1469.95011111111,1440.92819474075,"1050023300",5.76882686353238e-07,0.0037368594208953,0.996262563696418,"above",0.0246259428102439
20120101,1174.12874074074,1155.94767285184,"1050023300",0.081953357408449,0.705162067408345,0.212884575183206,"normal",0.780681052103513
20130101,1097.67659259259,1081.7703895926,"1050023300",0.312600054348705,0.642835456291105,0.0445644893601904,"normal",0.786180394091316
20140101,918.220962962963,946.121747907406,"1050023300",0.877757701293687,0.121841662224345,0.000400636481968086,"below",0.37406083807999
20150101,901.027481481481,915.857162222213,"1050023300",0.937301100305283,0.0625996856790896,9.92140156272914e-05,"below",0.235068900604152
20160101,950.057407407407,940.739851351854,"1050023300",0.89054051155499,0.10914397077619,0.000315517668819432,"below",0.347544328295954
20170101,1120.543,1131.72711127777,"1050023300",0.136316398018981,0.726153726868776,0.137529875112243,"normal",0.776860096351878
20180101,921.591333333333,921.799975851843,"1050023300",0.927870832203467,0.0719973412453173,0.000131826551215908,"below",0.260074782110459
20190101,990.03062962963,1008.7356761111,"1050023300",0.655843851548433,0.33935247927445,0.00480366917711661,"below",0.66904370959886
20200101,1135.66685185185,1142.00075924072,"1050023300",0.110822884327411,0.72224021935651,0.166936896316079,"normal",0.777646082448936
20210101,1118.37925925926,1118.72388999999,"1050023300",0.173961235572643,0.720366618638085,0.105672145789272,"normal",0.778010474958056
20220101,1396.34892592593,1391.63977777777,"1050023300",1.00835991267618e-05,0.0190050927936277,0.980984823607245,"above",0.0942673393471701
20230101,1495.00492592593,1472.07229037039,"1050023300",7.90854413937398e-08,0.00112792515043092,0.998871995764128,"above",0.00878431257711921
20240101,1585.71592592593,1472.13324007409,"1050023300",7.87677244518571e-08,0.00112513685703219,0.998874784375243,"above",0.00876538188087833
20250101,1538.71766666667,1472.13324007409,"1050023300",7.87677244518571e-08,0.00112513685703219,0.998874784375243,"above",0.00876538188087833
20260101,1135.66685185185,1140.44744022222,"1050023300",0.11444124262758,0.723310972630084,0.162247784742335,"normal",0.777434371366227
19930101,406.627294117647,315.045043514705,"1050023310",0.143667573730454,0.657268851203111,0.199063575066435,"normal",0.875897007058221
19940101,375.557647058824,362.627428316174,"1050023310",0.0871487312360249,0.621839894953733,0.291011373810242,"normal",0.867296515173416
19950101,663.340882352941,633.708336095589,"1050023310",0.00119657690822429,0.128552701346889,0.870250721744887,"above",0.392708184637698
19960101,1315.62488235294,1172.09416327941,"1050023310",9.50211656752706e-11,4.09363050846157e-06,0.99999590627447,"above",5.48818106751406e-05
19970101,1120.29891176471,1120.53055019119,"1050023310",7.24242820300506e-10,1.7285977610304e-05,0.999982713298147,"above",0.000206853168901735
19980101,197.112617647059,180.512603161766,"1050023310",0.408571704760979,0.544728964315677,0.0466993309233438,"normal",0.839700332958654
19990101,856.791617647059,783.837766933818,"1050023310",3.65681496809742e-05,0.0198118978831023,0.980151533967217,"above",0.0977155763472921
20000101,681.452647058824,694.472730411769,"1050023310",0.000321649554847597,0.0660059993656708,0.933672351079482,"above",0.246069321040055
20010101,417.974794117647,429.58967591177,"1050023310",0.0381122828518998,0.515950024651806,0.445937692496295,"normal",0.826077297284377
20020101,273.4065,306.960227470589,"1050023310",0.155305645263667,0.659305183136797,0.185389171599536,"normal",0.876316995530462
20030101,189.239205882353,168.74937925,"1050023310",0.437068659725131,0.522919708166165,0.0400116321087038,"normal",0.82955041289261
20040101,143.990470588235,164.851292463235,"1050023310",0.446592156474963,0.515432517618977,0.0379753259060597,"normal",0.825814914530119
20050101,417.171264705882,399.80988299265,"1050023310",0.0560656498535596,0.569552725707545,0.374381624438895,"normal",0.84996391723116
20060101,175.288470588235,240.094813683826,"1050023310",0.274240241601076,0.63047867908036,0.095281079318564,"normal",0.869621745678711
20070101,228.372029411765,200.206411970586,"1050023310",0.361996741176572,0.578128984194755,0.0598742746286733,"normal",0.853199236558016
20080101,356.852176470588,344.188246764705,"1050023310",0.106679094324167,0.640158871369818,0.253162034306015,"normal",0.872051262956935
20090101,800.892588235294,682.943347448536,"1050023310",0.000416932634722711,0.0756055866334338,0.923977480731843,"above",0.271532120224265
20100101,134.525235294118,157.487626022059,"1050023310",0.464662385254964,0.500978067512311,0.0343595472327254,"normal",0.818232048266638
20110101,87.1851470588235,129.750390000001,"1050023310",0.533074627915371,0.443737514420054,0.0231878576645751,"below",0.783182525742031
20120101,92.6185588235294,213.750916514706,"1050023310",0.331067245243289,0.59842075829949,0.0705119964572205,"normal",0.86023460047598
20130101,124.109,136.292559970587,"1050023310",0.516951743386462,0.45754714500697,0.0255011116065673,"below",0.792396992328437
20140101,203.451,399.994587301472,"1050023310",0.0559366393156434,0.569248336610455,0.374815024073902,"normal",0.849846191776969
20150101,131.563,147.53568192647,"1050023310",0.489193500308807,0.480879350438041,0.0299271492531511,"below",0.806856472716819
20160101,140.665088235294,159.64618867647,"1050023310",0.459356085541603,0.505255015952264,0.0353888985061337,"normal",0.820527191111309
20170101,287.776794117647,286.270915124998,"1050023310",0.1878432759547,0.659022809315983,0.153133914729317,"normal",0.876259232104174
20180101,216.486411764706,182.646287970587,"1050023310",0.403449570924052,0.548546976190584,0.0480034528853643,"normal",0.841367118367339
20190101,56.7666764705882,114.91666557353,"1050023310",0.569390557594604,0.412019320559478,0.0185901218459178,"below",0.760089644764957
20200101,552.272794117647,467.159718970593,"1050023310",0.0224502095276314,0.439060059693963,0.538489730778406,"above",0.779947987107669
20210101,413.101323529412,644.039211867648,"1050023310",0.000966028134890435,0.115757559250995,0.883276412614115,"above",0.365939251516899
20220101,1155.93855882353,1080.02541491176,"1050023310",3.33026333977142e-09,5.00546226650522e-05,0.999949942047072,"above",0.000545782387482381
20230101,1790.14488235294,1165.94195104412,"1050023310",1.21712368980285e-10,4.88628006356517e-06,0.999995113598224,"above",6.4643874671988e-05
20240101,726.667823529412,799.486134551468,"1050023310",2.42531645494191e-05,0.0156055129125814,0.984370233922869,"above",0.0806856959812468
20250101,322.314485294118,307.238191926471,"1050023310",0.154895467355269,0.659255123172138,0.185849409472594,"normal",0.876306766236451
20260101,322.314485294118,340.202803044114,"1050023310",0.111286647833303,0.643378016977835,0.245335335188862,"normal",0.872818342508834
19930101,252.055125,246.143231580209,"1050023890",0.433848143236083,0.542130955469464,0.0240209012944526,"normal",0.783777842922169
19940101,272.4999375,255.328651477084,"1050023890",0.39558054492339,0.574282232918091,0.0301372221585193,"normal",0.790918745208282
19950101,571.09621875,526.481023126563,"1050023890",0.000777605548031136,0.152945541626018,0.846276852825951,"above",0.433999862683181
19960101,1003.07409375,815.978751044785,"1050023890",1.92837235169725e-10,1.92638218519114e-05,0.999980735985311,"above",0.000228420883916464
19970101,451.1176875,456.765169928125,"1050023890",0.0077875711239322,0.383817522360303,0.608394906515765,"above",0.707679833766168
19980101,219.04909375,214.310162675001,"1050023890",0.56898827716199,0.420770279973493,0.0102414428645169,"below",0.732016623010945
19990101,470.89465625,445.654668434897,"1050023890",0.0107263868278411,0.427157797552796,0.562115815619363,"above",0.735791208347561
20000101,424.3394375,403.831405483072,"1050023890",0.0319618107508331,0.582463457420515,0.385574731828652,"normal",0.792326857217403
20010101,526.96475,524.918741821354,"1050023890",0.000823439157392393,0.156892382170099,0.842284178672508,"above",0.441011212957552
20020101,341.30703125,377.807667378906,"1050023890",0.0576922133887523,0.657676570450741,0.284631216160507,"normal",0.797825284152509
20030101,354.1675,352.033252767969,"1050023890",0.0969985064655693,0.703873073893992,0.199128419640438,"normal",0.794827932861215
20040101,119.0855,150.505602602083,"1050023890",0.804014343995183,0.194634124913159,0.00135153109165775,"below",0.50285991109333
20050101,265.347625,246.037114601303,"1050023890",0.434294622215292,0.541748534574777,0.023956843209931,"normal",0.783677231834371
20060101,536.254375,515.037389758594,"1050023890",0.00117578335636547,0.183355488297162,0.815468728346473,"above",0.48531201859553
20070101,166.806375,155.603023826562,"1050023890",0.788591084524272,0.209794799931286,0.00161411554444268,"below",0.525294168283235
20080101,411.16209375,417.646374289323,"1050023890",0.0227267760423359,0.534187796994413,0.443085426963251,"normal",0.78161115282269
20090101,420.42825,498.723859396614,"1050023890",0.00206944540767175,0.232526794234415,0.765403760357913,"above",0.556620641026577
20100101,401.838625,439.333502796093,"1050023890",0.0127966223852926,0.451845719756754,0.535357657857954,"above",0.749230108967587
20110101,253.7115,253.795818214845,"1050023890",0.401907473092284,0.569057648850954,0.0290348780567624,"normal",0.789933629751359
20120101,353.00009375,406.848585539324,"1050023890",0.0297166558302736,0.572315106109372,0.397968238060354,"normal",0.7905557243069
20130101,128.553625,177.954470325521,"1050023890",0.713126883169145,0.283469463356521,0.00340365347433425,"below",0.617803957193956
20140101,601.08003125,537.121798706511,"1050023890",0.000522803642573167,0.127795892702618,0.871681303654808,"above",0.386576834708455
20150101,186.99590625,164.755768208593,"1050023890",0.759182029463225,0.23861308785366,0.00220488268311447,"below",0.564564034998946
20160101,162.4240625,161.97452718776,"1050023890",0.768346722645818,0.229645879650791,0.00200739770339187,"below",0.552796918333123
20170101,160.67603125,156.285966276042,"1050023890",0.78647202818359,0.211875346116852,0.0016526256995586,"below",0.528273903115021
20180101,354.49528125,364.369675959636,"1050023890",0.0762500588844428,0.685773759423577,0.23797618169198,"normal",0.796561574136062
20190101,234.4023125,246.438863582292,"1050023890",0.432604741231816,0.543195138208085,0.0242001205600989,"normal",0.784055854332884
20200101,418.09025,498.924894729948,"1050023890",0.00205543074349748,0.231881366377881,0.766063202878622,"above",0.555767580975699
20210101,562.24884375,472.176441109114,"1050023890",0.00489001142677412,0.325104778233861,0.670005210339365,"above",0.659624697905263
20220101,835.99459375,640.811819629685,"1050023890",5.75431537115996e-06,0.0124390896034167,0.987555156081212,"above",0.067005696349392
20230101,1264.077375,721.076823002079,"1050023890",7.81617803681738e-08,0.000963067160032582,0.999036854678187,"above",0.00765283495217384
20240101,469.40278125,417.699695466407,"1050023890",0.0226960371422065,0.533993387544824,0.443310575312969,"normal",0.781556089817839
20250101,378.166953125,354.784895520573,"1050023890",0.0920447807601655,0.700509433413511,0.207445785826324,"normal",0.79520395046369
20260101,378.166953125,358.674813597917,"1050023890",0.0853649666584799,0.695087343433573,0.219547689907947,"normal",0.795758480987919
19930101,529.5107,506.836428816663,"1050023900",0.000181791118528896,0.20091372077771,0.798904488103761,"above",0.503373204308262
19940101,307.993533333333,319.588854100001,"1050023900",0.0487868406232753,0.809072461088751,0.142140698287974,"normal",0.596073897779914
19950101,587.995533333333,574.338182199999,"1050023900",1.05373673064077e-05,0.0635309799065242,0.936458482726169,"above",0.236705189987377
19960101,510.170233333333,533.316401816664,"1050023900",6.275996779838e-05,0.133953703221776,0.865983536810426,"above",0.394495023180017
19970101,596.532733333333,576.267911616669,"1050023900",9.64919314566859e-06,0.0611182081850147,0.93887214262184,"above",0.23015376629849
19980101,77.4099666666667,89.6465571000009,"1050023900",0.753923028787735,0.245757322696307,0.00031964851595756,"below",0.56042795377668
19990101,396.182966666667,363.561174749999,"1050023900",0.0176497092770153,0.715568739457112,0.266781551265873,"normal",0.663242512637812
20000101,606.8704,524.76270216667,"1050023900",8.91586018015161e-05,0.153674828207793,0.846236013190405,"above",0.429936532067103
20010101,411.056266666667,381.995009383338,"1050023900",0.0109300994041033,0.657177882513755,0.331892018082142,"normal",0.691305375322851
20020101,225.458466666667,214.676820416665,"1050023900",0.27845175732854,0.70537231116669,0.0161759315047698,"normal",0.668912514903308
20030101,228.3251,259.529391149997,"1050023900",0.148105417006844,0.805696326489043,0.0461982565041124,"normal",0.598976704741625
20040101,44.6482666666667,64.645507866666,"1050023900",0.8268275907552,0.17305074713404,0.000121662110760701,"below",0.461885966068347
20050101,194.150833333333,202.57641823333,"1050023900",0.321281869367686,0.666911553186596,0.0118065774457188,"normal",0.687370136751904
20060101,357.0673,378.232521916666,"1050023900",0.0120842440988585,0.669824417952517,0.318091337948625,"normal",0.686134589485841
20070101,65.8151,69.7425343666668,"1050023900",0.813200700331288,0.186650416678536,0.000148882990175792,"below",0.482759537930999
20080101,420.887,461.904241233329,"1050023900",0.00094421671391678,0.351118860418887,0.647936922867196,"above",0.6552482734208
20090101,385.757233333333,391.266314366665,"1050023900",0.00848670325266953,0.624660215658875,0.366853081088455,"normal",0.702285517531209
20100101,378.212633333333,378.843403833336,"1050023900",0.0118899600165669,0.66779446300126,0.320315576982173,"normal",0.686998448969775
20110101,227.815,236.43172105,"1050023900",0.209206547514564,0.763257311867394,0.027536140618042,"normal",0.632408190323672
20120101,166.0247,141.450521516666,"1050023900",0.563122383988615,0.434929068239236,0.00194854777214848,"below",0.697647850723955
20130101,66.2969333333333,80.1238506833332,"1050023900",0.783463622836604,0.21631352351363,0.000222853649765375,"below",0.524244831110338
20140101,727.104266666667,666.704798650007,"1050023900",1.02575450732309e-07,0.00681002388530605,0.993189873539243,"above",0.0407661938410466
20150101,435.917933333333,427.628577816665,"1050023900",0.00290874478482774,0.484960511080277,0.512130744134895,"above",0.710652436585385
20160101,111.308933333333,123.977123100001,"1050023900",0.631935082838522,0.366974621660599,0.0010902955008788,"below",0.665353932110525
20170101,166.711633333333,155.1266356,"1050023900",0.507779135580384,0.489213557329632,0.00300730708998409,"below",0.711355145468262
20180101,130.0856,102.143624100001,"1050023900",0.712094623477622,0.287399067490844,0.000506309031534147,"below",0.603983023827046
20190101,25.6441333333333,57.1816186000005,"1050023900",0.845607859320254,0.154302036888022,9.01037917239167e-05,"below",0.431013664414733
20200101,315.227366666667,220.468844933331,"1050023900",0.258984100913118,0.722299057403187,0.0187168416836955,"normal",0.659321824707634
20210101,443.496233333333,429.762720699997,"1050023900",0.00272090474219845,0.47647827363404,0.520800821623762,"above",0.709064959492208
20220101,892.3687,639.407572600005,"1050023900",4.40773997566111e-07,0.0143013665049576,0.985698192721045,"above",0.0749491227342466
20230101,1017.78196666667,663.440510316674,"1050023900",1.22595257596034e-07,0.00746935781178548,0.992530519592957,"above",0.0440205088923121
20240101,395.090533333333,388.904653133331,"1050023900",0.00905863272196902,0.633113246010289,0.357828121267742,"normal",0.699752848723033
20250101,367.639966666667,375.813167700001,"1050023900",0.0128809709342801,0.677771736338619,0.309347292727101,"normal",0.682628081664978
20260101,367.639966666667,408.913128499998,"1050023900",0.00512701240844744,0.558566257890438,0.436306729701115,"normal",0.714211945356084
19930101,229.594387096774,236.41207805645,"1050023950",0.359190462055907,0.635373129101918,0.00543640884217422,"normal",0.684293845472335
19940101,198.654129032258,195.489593,"1050023950",0.50823404229006,0.490060342763026,0.00170561494691412,"below",0.704374963928991
19950101,506.542741935484,497.876671967737,"1050023950",0.00258197747144041,0.54151439278672,0.455903629741839,"normal",0.705644038432386
19960101,483.842709677419,471.92263279032,"1050023950",0.00531218323754503,0.632481124860692,0.362206691901763,"normal",0.685402080749042
19970101,435.166516129032,440.081172983873,"1050023950",0.0119679074851454,0.729935802178059,0.258096290336795,"normal",0.632318562263508
19980101,253.637741935484,238.655449774197,"1050023950",0.351407072969443,0.642822138680214,0.00577078835034361,"normal",0.681308006003882
19990101,592.765709677419,632.044545274189,"1050023950",2.59797978128878e-05,0.127273563352679,0.872700456849508,"above",0.381467545175629
20000101,726.108612903226,708.125367129038,"1050023950",9.89979228096077e-07,0.0322947070151466,0.967704303005625,"above",0.142645118786045
20010101,220.031258064516,210.222643677421,"1050023950",0.453579393550941,0.543791387974973,0.00262921847408604,"normal",0.705485461669519
20020101,402.571451612903,350.686607556452,"1050023950",0.0770365590638741,0.853805608302244,0.0691578326338822,"normal",0.517172506948093
20030101,431.41964516129,487.955987225807,"1050023950",0.00342349753284744,0.577082382270795,0.419494120196357,"normal",0.701115198010548
20040101,191.870548387097,206.602058758064,"1050023950",0.466969129756382,0.530663092948831,0.00236777729478754,"normal",0.706151392413135
20050101,160.436967741935,134.642026403225,"1050023950",0.721580404162573,0.278182499539169,0.000237096298258077,"below",0.593367375714798
20060101,286.962193548387,313.610875653226,"1050023950",0.140101029829327,0.826088006638328,0.0338109635323456,"normal",0.547697483949931
20070101,37.7131612903226,79.1018771774193,"1050023950",0.865419474751578,0.134550470447585,3.00548008363988e-05,"below",0.395284969983012
20080101,481.381322580645,472.030559588704,"1050023950",0.00529685802054946,0.632119408967029,0.362583733012422,"normal",0.685538685907382
20090101,642.976612903226,617.20715021774,"1050023950",4.64553240543058e-05,0.158363754393645,0.841589790282301,"above",0.437448553645821
20100101,748.590161290323,677.045155161292,"1050023950",3.98678072216562e-06,0.0595523236720654,0.940443689547212,"above",0.225787252146201
20110101,231.659161290323,281.878903919356,"1050023950",0.216453570342505,0.766676075604946,0.0168703540525499,"normal",0.603823010791549
20120101,747.081516129032,695.821316064518,"1050023950",1.73510117522417e-06,0.0415068429196694,0.958491421979155,"above",0.172728436769824
20130101,233.466096774194,233.781155290321,"1050023950",0.368393265563508,0.626540444124937,0.00506629031155426,"normal",0.687589110289237
20140101,646.284806451613,651.36480062903,"1050023950",1.18605946462681e-05,0.0935306505873204,0.906457488818033,"above",0.310776459178814
20150101,88.036935483871,91.6957847419359,"1050023950",0.838340971640052,0.161609938276748,4.90900832005314e-05,"below",0.44285740787016
20160101,96.9518064516129,94.6980515645169,"1050023950",0.831394607610457,0.168550317985196,5.50744043472662e-05,"below",0.454165105440692
20170101,194.857935483871,187.911865548386,"1050023950",0.536349433712012,0.462294559505701,0.00135600678228642,"below",0.699768046713689
20180101,519.431193548387,506.257981153221,"1050023950",0.00202198835161919,0.511010203331606,0.486967808316775,"normal",0.706019712215975
20190101,137.848709677419,157.507397274194,"1050023950",0.645988227146628,0.353496213536729,0.000515559316643155,"below",0.653777504510822
20200101,326.015677419355,241.994759790324,"1050023950",0.339936677321805,0.653760984237107,0.00630233844108752,"normal",0.676580413718866
20210101,873.381064516129,719.873881387103,"1050023950",5.72523683343461e-07,0.0251418052904215,0.974857622185895,"above",0.117434736780832
20220101,780.332838709677,662.281815548386,"1050023950",7.51165933654134e-06,0.0776562912893858,0.922336197051278,"above",0.273103102527654
20230101,1076.71296774194,721.242386677426,"1050023950",5.36739167581658e-07,0.0244023955644619,0.975597067696371,"above",0.114718377903693
20240101,289.296709677419,249.174133467744,"1050023950",0.315782807667204,0.676623071283923,0.0075941210488728,"normal",0.665381903094051
20250101,364.293564516129,346.69285108871,"1050023950",0.0825560231136867,0.853100654297931,0.0643433225883826,"normal",0.517983715400427
20260101,364.293564516129,412.972908088705,"1050023950",0.0224496337094435,0.793965235668192,0.183585130622365,"normal",0.579600669372702
19930101,349.41376,332.665781850002,"1050023960",0.225207793552438,0.610124984481347,0.164667221966215,"normal",0.934213409800989
19940101,252.028,244.615796279999,"1050023960",0.518093133072974,0.444002979865209,0.0379038870618172,"below",0.825242968626951
19950101,426.53928,420.051481150004,"1050023960",0.060717690253015,0.511255847577469,0.428026462169516,"normal",0.876306307992804
19960101,364.0356,374.176826080002,"1050023960",0.128833192407806,0.596331473242494,0.2748353343497,"normal",0.927261089103638
19970101,492.79208,461.907642159997,"1050023960",0.026858326983148,0.394297779533015,0.578843893483837,"above",0.780571121870795
19980101,201.82688,210.964338220001,"1050023960",0.637262709071464,0.344035405690357,0.0187018852381791,"below",0.728640267392507
19990101,535.44488,548.774294360003,"1050023960",0.00327940408461849,0.158229649636146,0.838490946279236,"above",0.458189174937117
20000101,458.41608,440.940432659997,"1050023960",0.0410534460848916,0.45559053881017,0.503356015104938,"above",0.8347787261167
20010101,538.91772,540.622727180005,"1050023960",0.00409202426261325,0.176212999015595,0.819694976721792,"above",0.491391736579284
20020101,241.92368,279.013191390002,"1050023960",0.394660214244103,0.533603978814376,0.0717358069415213,"normal",0.891091860427499
20030101,439.4752,433.270176149996,"1050023960",0.0475693763979355,0.476864719155662,0.475565904446403,"normal",0.851468968909181
20040101,170.2768,192.69203184,"1050023960",0.697487550516184,0.290204118250871,0.0123083312329455,"below",0.664441941131716
20050101,441.633,434.168097399995,"1050023960",0.0467662179997901,0.474418154004628,0.478815627995582,"above",0.849602333291067
20060101,424.67772,425.953713539995,"1050023960",0.0545325877796037,0.496301365847089,0.449166046373308,"normal",0.865823481016717
20070101,229.88872,221.751333899998,"1050023960",0.599917131069178,0.376416479927389,0.0236663890034327,"below",0.762916895791664
20080101,242.35032,253.849276499999,"1050023960",0.484630854942416,0.470012155123057,0.0453569899345269,"below",0.846206455943455
20090101,267.49288,316.118464139998,"1050023960",0.272801976756901,0.597076560397287,0.130121462845812,"normal",0.927645563668078
20100101,355.88752,405.022774329996,"1050023960",0.0789434366488221,0.545800216657405,0.375256346693773,"normal",0.898728494742365
20110101,343.06936,335.628578520001,"1050023960",0.217211723439735,0.611359202493753,0.171429074066513,"normal",0.934818572671384
20120101,209.64516,215.112697979998,"1050023960",0.62303303896134,0.356472108344556,0.0204948526941041,"below",0.742167785497132
20130101,334.95708,308.44793568,"1050023960",0.296442435255103,0.587615119933007,0.115942444811889,"normal",0.922686755441384
20140101,1345.26452,1059.32810787999,"1050023960",9.35238013473297e-14,9.13852726824871e-09,0.999999990861379,"above",1.78328303619595e-07
20150101,400.79296,405.463475029996,"1050023960",0.078355720410885,0.5448681367284,0.376776142860715,"normal",0.898155451820125
20160101,311.79748,297.992992000001,"1050023960",0.330092263198099,0.571472527018526,0.0984352097833745,"normal",0.913837699652114
20170101,617.6394,568.943515699996,"1050023960",0.00185556673629345,0.118833723263197,0.879310710000509,"above",0.377884381530734
20180101,356.58772,351.902963810003,"1050023960",0.176308184525849,0.612025054782333,0.211666760691818,"normal",0.935143908620208
20190101,196.5356,203.942918980001,"1050023960",0.660912111197953,0.323116718679753,0.0159711701222944,"below",0.704817119652984
20200101,323.88512,290.59670514,"1050023960",0.354778917549938,0.557946031245296,0.0872750512047656,"normal",0.906037837147113
20210101,583.10568,548.774294360003,"1050023960",0.00327940408461849,0.158229649636146,0.838490946279236,"above",0.458189174937117
20220101,646.01628,530.787061950005,"1050023960",0.0053092913081415,0.199425116134694,0.795265592557164,"above",0.531526802882537
20230101,644.79952,559.117085360003,"1050023960",0.00245839723311718,0.137110687970761,0.860430914796122,"above",0.416546685206184
20240101,324.53832,350.525183080002,"1050023960",0.179569544763928,0.61237042199066,0.208060033245412,"normal",0.935312339482944
20250101,356.23762,338.652313340002,"1050023960",0.209222877594733,0.612266803232144,0.178510319173123,"normal",0.935261828675003
20260101,356.23762,367.289230110003,"1050023960",0.142458707906863,0.603183748306004,0.254357543787132,"normal",0.930758385774384
19930101,376.24792,370.070574859996,"1050024070",0.00173386529599474,0.120724573821445,0.87754156088256,"above",0.380898131923024
19940101,281.60048,283.6565984,"1050024070",0.681370241538626,0.305811120726681,0.0128186377346935,"below",0.679577493581156
19950101,300.7142,301.774371959997,"1050024070",0.405105237779901,0.53063602183829,0.0642587403818085,"normal",0.878689175029745
19960101,295.63272,294.667647656665,"1050024070",0.51555733803792,0.448443996406792,0.0359986655552886,"below",0.820868917817629
19970101,299.24636,298.420293739998,"1050024070",0.45683832890931,0.4938665052191,0.0492951658715903,"normal",0.854691753210135
19980101,286.62688,285.523827619999,"1050024070",0.654753767668984,0.329794576018738,0.0154516563122787,"below",0.70755591945419
19990101,332.75488,328.184677113333,"1050024070",0.100698115193186,0.58459241972798,0.314709465078834,"normal",0.908835568559859
20000101,326.08108,324.993916119999,"1050024070",0.124609847016932,0.603757245674553,0.271632907308515,"normal",0.918174303417413
20010101,301.98564,301.502908600001,"1050024070",0.40924361934286,0.527826880462924,0.0629295001942156,"normal",0.876957650120511
20020101,311.28936,310.182773619998,"1050024070",0.284187325916095,0.598726926757662,0.117085747326243,"normal",0.915790224131794
20030101,370.5932,363.157782633333,"1050024070",0.00400829449311474,0.182391465490785,0.8136002400161,"above",0.500315107016775
20040101,298.3826,297.792159113337,"1050024070",0.466636228926034,0.486533869152397,0.0468299019215688,"normal",0.849552577693833
20050101,350.48724,353.455139093329,"1050024070",0.0115965562079949,0.293390667227337,0.695012776564668,"above",0.664319826531228
20060101,319.96424,325.86793348,"1050024070",0.117696818073923,0.599166804551425,0.283136377374652,"normal",0.91600059347512
20070101,280.20404,285.919594760001,"1050024070",0.64900687679146,0.334927307483934,0.0160658157246063,"below",0.71329978866028
20080101,313.405,313.468124260001,"1050024070",0.242119970529682,0.613450795805935,0.144429233664384,"normal",0.922635599909217
20090101,366.61188,364.458288139998,"1050024070",0.00344146695460048,0.169571118950084,0.826987414095315,"above",0.477519882071336
20100101,292.63344,301.139014673335,"1050024070",0.414806904867658,0.524011706688887,0.0611813884434543,"normal",0.87457949519967
20110101,323.04632,330.09388996,"1050024070",0.088094925052079,0.5701025380238,0.341802536924121,"normal",0.901308003375412
20120101,330.97176,337.556489119996,"1050024070",0.0499107043541671,0.495632338526867,0.454456957118966,"normal",0.85591143257131
20130101,537.95404,471.005077199996,"1050024070",2.83419278542977e-12,1.46714276727522e-07,0.999999853282889,"above",2.45530915582787e-06
20140101,337.12964,325.185849996666,"1050024070",0.12306794355499,0.602793052019821,0.274139004425188,"normal",0.917721000237587
20150101,295.66996,304.065405380001,"1050024070",0.370643644413454,0.552994905474335,0.0763614501122105,"normal",0.891889677031024
20160101,363.70716,365.206784499996,"1050024070",0.00314891736837098,0.162443773590443,0.834407309041186,"above",0.464424836124202
20170101,280.83216,285.461265666665,"1050024070",0.655659006614427,0.32898455334474,0.0153564400408325,"below",0.706641767690048
20180101,286.3324,288.364215220004,"1050024070",0.612795641898879,0.366862624730289,0.0203417333708324,"below",0.747211320568856
20190101,304.01112,302.757709576667,"1050024070",0.390206362756346,0.540536626436183,0.0692570108074705,"normal",0.884660943403341
20200101,356.09896,372.185304639997,"1050024070",0.0013236212261475,0.105085405573135,0.893590973200717,"above",0.346063018310686
20210101,287.05976,301.530575656666,"1050024070",0.408821371404626,0.528114642860259,0.0630639857351151,"normal",0.877135783501221
20220101,299.37116,297.506429373334,"1050024070",0.471100219246823,0.483158080373322,0.0457417003798544,"normal",0.847145967691778
20230101,328.73184,332.347344639999,"1050024070",0.0747784350436482,0.55036974962766,0.374851815328691,"normal",0.890392670283203
20240101,288.769,291.978131976668,"1050024070",0.557507904556508,0.414087918300435,0.0284041771430569,"below",0.791985212381063
20250101,297.431708333333,304.11144269,"1050024070",0.36996066677345,0.553418025870665,0.0766213073558846,"normal",0.892129663057654
20260101,304.01112,304.46504554,"1050024070",0.364728671123894,0.556631644580855,0.0786396842952501,"normal",0.893940624664276
19930101,50.9696129032258,55.5582972903224,"1050024080",0.249495699618768,0.600189040815376,0.150315259565856,"normal",0.937631635792088
19940101,91.517935483871,86.3035526774195,"1050024080",0.0953692790164154,0.561069205030899,0.343561515952686,"normal",0.915423143988246
19950101,119.293806451613,96.0164347096786,"1050024080",0.0657572265842741,0.514676500987206,0.41956627242852,"normal",0.885241304348249
19960101,84.2456774193548,84.2316050161295,"1050024080",0.102795061458291,0.569180526931576,0.328024411610133,"normal",0.920264705606687
19970101,101.418129032258,76.5069071290328,"1050024080",0.134165239340438,0.592994148629177,0.272840612030385,"normal",0.933760647334454
19980101,18.3436129032258,29.9827869032261,"1050024080",0.440350398926689,0.500397031853271,0.0592525692200394,"normal",0.875064746673983
19990101,171.250193548387,176.083336629034,"1050024080",0.000802913956615062,0.0736107021550111,0.925586383888374,"above",0.269343885284673
20000101,68.5934516129032,73.8632814354842,"1050024080",0.14627466180025,0.598653576019305,0.255071762180445,"normal",0.936813454903479
20010101,226.686225806452,214.629756629032,"1050024080",3.94679659454729e-05,0.0126217466533899,0.987338785380665,"above",0.0681674193998049
20020101,24.1326774193548,30.3228640161291,"1050024080",0.437592847495917,0.502325047824653,0.0600821046794296,"normal",0.876463995128615
20030101,98.7803225806452,94.6854056612892,"1050024080",0.0693323248315399,0.521768525045915,0.408899150122545,"normal",0.890136964720614
20040101,0.459806451612903,12.5021694838709,"1050024080",0.582944814332976,0.389663641340222,0.0273915443268011,"below",0.780382084157054
20050101,86.0372258064516,60.7257365806455,"1050024080",0.217003488208921,0.606501820806451,0.176494690984628,"normal",0.940950532552395
20060101,143.095225806452,127.098398887096,"1050024080",0.0158806731555785,0.315450074941942,0.66866925190248,"above",0.698856623906405
20070101,14.9086129032258,30.873105516129,"1050024080",0.433137625771812,0.505418863157119,0.0614435110710693,"normal",0.878692780078014
20080101,1.55212903225806,17.1993554032256,"1050024080",0.544916749333856,0.421006330501162,0.034076920164982,"below",0.810197290209299
20090101,6.34303225806452,41.9298760000004,"1050024080",0.346130074781142,0.559677140854989,0.0941927843638694,"normal",0.914579521121479
20100101,42.925935483871,46.1067787258069,"1050024080",0.315011786844209,0.575539664426492,0.109448548729299,"normal",0.923972699812676
20110101,34.1624838709677,47.6487122741938,"1050024080",0.303833771922061,0.580659838927847,0.115506389150092,"normal",0.926902803749251
20120101,7.15,77.5977939354839,"1050024080",0.129374875954771,0.590277344481839,0.28034777956339,"normal",0.932274284658264
20130101,120.694774193548,101.233675145161,"1050024080",0.0531059310950573,0.485015929770737,0.461878139134206,"normal",0.863615089458763
20140101,464.70964516129,367.477973129032,"1050024080",6.65017677139483e-13,3.72445890794992e-08,0.999999962754746,"above",6.743701903878e-07
20150101,89.1671612903226,90.1752167096767,"1050024080",0.0825649210385732,0.544139001657276,0.373296077304151,"normal",0.904906825384957
20160101,59.3561612903226,72.0665903225803,"1050024080",0.154911370420545,0.601738212736534,0.24335041684292,"normal",0.938452779522067
20170101,246.975,209.407395725808,"1050024080",6.14663888314321e-05,0.0165638893189399,0.983374644292229,"above",0.0850031529356215
20180101,75.0033225806452,77.846826370968,"1050024080",0.12829813705248,0.589626395174592,0.282075467772928,"normal",0.931916131476953
20190101,7.24838709677419,12.9378697580644,"1050024080",0.579444284196713,0.392593997460305,0.0279617183429821,"below",0.783278552356827
20200101,89.538935483871,98.6638535645159,"1050024080",0.0590728219689422,0.499974886950596,0.440952291080462,"normal",0.874757317581714
20210101,180.420096774194,213.994069661292,"1050024080",4.16791107097745e-05,0.0130536045154642,0.986904716373826,"above",0.0700650748667568
20220101,110.761935483871,94.479319629032,"1050024080",0.0698990042581515,0.522847653563264,0.407253342178585,"normal",0.890872784978958
20230101,262.903322580645,189.970479870968,"1050024080",0.00029036859725979,0.0415877752091912,0.958121856193549,"above",0.175600621813034
20240101,51.6290967741935,75.3254507903231,"1050024080",0.13948919840912,0.595686539876793,0.264824261714087,"normal",0.93522028123702
20250101,85.1414516129032,74.5168760322582,"1050024080",0.143214612137259,0.597377564363174,0.259407823499567,"normal",0.936130259062472
20260101,85.1414516129032,83.2322183709673,"1050024080",0.106523418260101,0.572843327277747,0.320633254462152,"normal",0.922409829280216
19930101,422.961322580645,402.736288241934,"1050024310",0.842683905063395,0.157182558464548,0.000133536472056384,"below",0.43627023347206
19940101,668.265096774194,687.48561908065,"1050024310",0.357086921400773,0.631415068832057,0.0114980097671702,"normal",0.709384351575698
19950101,661.161709677419,679.789126080646,"1050024310",0.371010678453378,0.618561270699088,0.0104280508475336,"normal",0.712583508720923
19960101,910.547387096774,875.607555129039,"1050024310",0.101588706531893,0.812630929636,0.0857803638321065,"normal",0.611592195802746
19970101,746.109774193548,776.976165733862,"1050024310",0.212613669204972,0.754675941822032,0.0327103889729959,"normal",0.653473004281355
19980101,792.717580645161,782.531332241925,"1050024310",0.204927806026069,0.760357032111743,0.0347151618621878,"normal",0.649806463330099
19990101,1395.49864516129,1307.33484564516,"1050024310",0.000400517478238101,0.237621427180973,0.761978055340789,"above",0.551747548292206
20000101,1039.53077419355,1064.32056680646,"1050024310",0.0145660883635125,0.661980600584406,0.323453311052081,"normal",0.699762357114918
20010101,1141.42277419355,1080.12813648388,"1050024310",0.0119775778947311,0.636758122329077,0.351264299776192,"normal",0.707906458534335
20020101,1141.39009677419,1093.53026176613,"1050024310",0.0101053358078496,0.614403134398238,0.375491529793913,"normal",0.713510349097146
20030101,1444.6785483871,1442.62251956451,"1050024310",3.11141523693582e-05,0.0861833462794971,0.913785539568134,"above",0.293968598754183
20040101,345.935967741935,373.143007774196,"1050024310",0.874540100277016,0.125383929155988,7.59705669958199e-05,"below",0.378302962452917
20050101,462.358290322581,436.168723129034,"1050024310",0.800801046141368,0.198952188285553,0.000246765573079122,"below",0.5011882983269
20060101,1428.09187096774,1445.21927741936,"1050024310",2.95084082728714e-05,0.0842342258134752,0.915736265778252,"above",0.289325642543575
20070101,814.197290322581,822.604050298397,"1050024310",0.154528731570922,0.793129018457659,0.0523422499714191,"normal",0.626793235813901
20080101,221.725193548387,287.056578016131,"1050024310",0.940955756379275,0.0590310505512514,1.31930694741156e-05,"below",0.224453683516118
20090101,345.289548387097,328.298922193553,"1050024310",0.913741178416709,0.0862276702966192,3.1151286672082e-05,"below",0.294073622561918
20100101,1007.40087096774,1019.92543304033,"1050024310",0.0245446264616958,0.724644876622339,0.250810496915965,"normal",0.671267699381898
20110101,738.716709677419,715.000842435476,"1050024310",0.30895542081543,0.674905288181241,0.016139291003329,"normal",0.694846135406623
20120101,357.185870967742,362.451075338713,"1050024310",0.884857979360999,0.115080349086413,6.16715525879608e-05,"below",0.357658905797311
20130101,1609.98141935484,1593.30542583872,"1050024310",1.12190008196959e-06,0.0182911927136485,0.98170768538627,"above",0.0913285519500248
20140101,1369.64058064516,1333.49358095161,"1050024310",0.00025215276731142,0.200566136438091,0.799181710794598,"above",0.503471128190405
20150101,374.571870967742,395.866731451615,"1050024310",0.85051495042582,0.149367699457416,0.000117350116763837,"below",0.422771146079025
20160101,870.617096774194,882.050570088712,"1050024310",0.0961865654318794,0.813065962945012,0.0907474716231087,"normal",0.611240281370452
20170101,1663.69977419355,1596.61385400001,"1050024310",1.0370597894844e-06,0.0175877637824641,0.982411199157746,"above",0.0885117643359961
20180101,986.297064516129,1018.14214325,"1050024310",0.0250432513339853,0.726873097713057,0.248083650952958,"normal",0.670039168166437
20190101,728.171322580645,772.938850153226,"1050024310",0.218303641820911,0.750382264490254,0.0313140936888346,"normal",0.656180781926484
20200101,1213.33987096774,1350.37880172581,"1050024310",0.00018556504714149,0.178588256721642,0.821226178231217,"above",0.470989460293493
20210101,1322.98029032258,1237.42099195968,"1050024310",0.00128227009511221,0.352226943765126,0.646490786139762,"above",0.658077329646553
20220101,1315.87909677419,1387.91923210484,"1050024310",9.17689779529612e-05,0.135377770012836,0.864530461009211,"above",0.397414761779425
20230101,1598.60238709677,1452.04759320968,"1050024310",2.56522009350894e-05,0.0792668083672345,0.92070753943183,"above",0.277269700879512
20240101,570.468548387097,538.372081645165,"1050024310",0.637622821399901,0.360990802268695,0.00138637633140437,"below",0.663873967280381
20250101,890.582241935484,865.666793935487,"1050024310",0.110351585698968,0.811128324887293,0.0785200894137391,"normal",0.612803402550389
20260101,890.582241935484,871.676184709688,"1050024310",0.104991666585509,0.812157138737818,0.0828511946766731,"normal",0.611974825909715
19930101,250.604133333333,266.263468350002,"1050024320",0.414102957453761,0.569756328210227,0.0161407143360117,"normal",0.75220764050804
19940101,305.746633333333,288.302238283332,"1050024320",0.334192649928515,0.638975813523792,0.0268315365476935,"normal",0.749559017426001
19950101,153.216966666667,181.58075735,"1050024320",0.72412617180328,0.274300597825578,0.0015732303711421,"below",0.598711275629864
19960101,1165.68606666667,958.936191916655,"1050024320",3.44168481171222e-12,3.36356162544682e-06,0.999996636434933,"above",4.57529697377235e-05
19970101,237.594533333333,261.429810849998,"1050024320",0.432251022916808,0.553387398796624,0.0143615782865687,"normal",0.750926707457082
19980101,596.1884,593.941336416665,"1050024320",0.000390297025767441,0.157860157155498,0.841749545818735,"above",0.439490871472842
19990101,488.595133333333,479.172088066671,"1050024320",0.0119449429091997,0.527492265007679,0.460562792083121,"normal",0.74735790694591
20000101,273.002066666667,272.9148165,"1050024320",0.38943472797218,0.591669976390877,0.018895295636943,"normal",0.752764490747084
20010101,239.4069,240.506079266668,"1050024320",0.511975320500761,0.479552979688331,0.00847169981090712,"below",0.735599253515606
20020101,247.0107,244.494284133336,"1050024320",0.496718119367656,0.493887226720026,0.00939465391231808,"below",0.739832265684282
20030101,534.088266666667,560.748994433338,"1050024320",0.0011779676890554,0.246016660772892,0.752805371538053,"above",0.566705115027215
20040101,231.0808,223.656718516666,"1050024320",0.575978248426801,0.418628291333293,0.00539346023990561,"below",0.710456240261047
20050101,194.106133333333,203.043930933331,"1050024320",0.651473458527256,0.345521337506126,0.0030052039666183,"below",0.663806789171796
20060101,359.643566666667,363.401291483338,"1050024320",0.125360502692208,0.761367918828897,0.113271578478895,"normal",0.714598835181182
20070101,306.944933333333,290.184045100001,"1050024320",0.327649637868668,0.644380115663941,0.0279702464673909,"normal",0.748817118227679
20080101,309.1046,308.9904026,"1050024320",0.265403619265894,0.692882736846468,0.0417136438876382,"normal",0.738794906024477
20090101,314.550833333333,314.299179916669,"1050024320",0.24898481100434,0.704558280824172,0.0464569081714886,"normal",0.735491500716193
20100101,372.1491,344.703803683333,"1050024320",0.166202177708253,0.751325051816871,0.0824727704748758,"normal",0.718867933029168
20110101,596.747166666667,594.486106733333,"1050024320",0.000382981355747336,0.156608691707211,0.843008326937041,"above",0.437334061441436
20120101,626.6609,605.314514700004,"1050024320",0.000261530612445962,0.133076804253513,0.866661665134041,"above",0.394575509304877
20130101,625.179433333333,630.865926616668,"1050024320",0.000102121515879767,0.0874795591973097,0.912418319286811,"above",0.297698526663811
20140101,492.200633333333,475.447360366672,"1050024320",0.0131020468894836,0.540488377430047,0.44640957568047,"normal",0.749387593354084
20150101,375.2027,360.810350316667,"1050024320",0.130559219097461,0.760869122190333,0.108571658712206,"normal",0.714816646915037
20160101,383.129233333333,376.313497183336,"1050024320",0.101609493817673,0.759535407074282,0.138855099108045,"normal",0.715396082931576
20170101,427.543833333333,445.771371000007,"1050024320",0.0262770340887019,0.63624071852788,0.337482247383418,"normal",0.74990546457621
20180101,201.6961,218.2469339,"1050024320",0.596190071149116,0.399167846807846,0.00464208204303795,"below",0.69987207155782
20190101,213.713666666667,231.008554083334,"1050024320",0.548197196868312,0.445215594951901,0.00658720817978697,"below",0.722884453675743
20200101,245.046366666667,287.834932733335,"1050024320",0.335825402209552,0.637619756146021,0.0265548416444267,"normal",0.749733227810867
20210101,623.2776,603.705703533337,"1050024320",0.000276957615107334,0.136411465255722,0.86331157712917,"above",0.400900421613285
20220101,523.366266666667,689.873214183333,"1050024320",9.36076006633776e-06,0.0273120503989239,0.97267858884101,"above",0.125388174224602
20230101,327.440166666667,342.972820500001,"1050024320",0.170375766717823,0.749647801112311,0.0799764321698661,"normal",0.719557002997802
20240101,269.1884,295.810290150001,"1050024320",0.308406991106871,0.659975871526751,0.0316171373663784,"normal",0.746251585997531
20250101,320.9955,270.540935433333,"1050024320",0.398193416492864,0.583937124873423,0.0178694586337134,"normal",0.752717933236964
20260101,320.9955,337.590484100002,"1050024320",0.183777605531296,0.743643389921121,0.0725790045475829,"normal",0.721967551492108
19930101,622.070733333333,567.580191513889,"1050024870",0.601701945559429,0.395860907072242,0.00243714736832912,"below",0.687165836247084
19940101,1046.60616666667,1039.51363353667,"1050024870",0.00197580209302988,0.370793232789035,0.627230965117935,"above",0.672736706608357
19950101,233.745066666667,363.240108502778,"1050024870",0.947084734554825,0.0529003459952906,1.49194498841876e-05,"below",0.207148070093255
19960101,887.759033333333,856.544937863608,"1050024870",0.0479847104626726,0.766021113834635,0.185994175702693,"normal",0.662752608661599
19970101,646.430866666667,701.304913466111,"1050024870",0.263722723053138,0.709197654664887,0.027079622281975,"normal",0.692929544987495
19980101,1086.47843333333,1136.60328884222,"1050024870",0.000209409039064659,0.165698736467017,0.834091854493919,"above",0.450945403600999
19990101,1131.31866666667,1124.32061857722,"1050024870",0.000284246900552927,0.18678560339375,0.812930149705697,"above",0.484074834093194
20000101,862.961,851.977337286666,"1050024870",0.0510950009991979,0.770938689927591,0.177966309073211,"normal",0.659715491672115
20010101,661.099,668.386911114443,"1050024870",0.339836929760867,0.644169164400744,0.0159939058383881,"normal",0.716227627119305
20020101,795.249566666667,770.918616673055,"1050024870",0.136747901943973,0.791439509502468,0.0718125885535585,"normal",0.646327476718441
20030101,770.568033333333,699.052163095277,"1050024870",0.268642786414792,0.705200662426267,0.0261565511589412,"normal",0.694709684929481
20040101,559.0801,496.815335463888,"1050024870",0.766861700010901,0.232630234122811,0.000508065866287932,"below",0.546662000201957
20050101,524.0535,494.859494794999,"1050024870",0.770823846986351,0.22869106196037,0.000485091053279318,"below",0.541750684283105
20060101,826.528833333333,841.421476879722,"1050024870",0.0588970123188903,0.780838357290379,0.160264630390731,"normal",0.653396766253464
20070101,379.8203,438.907231837778,"1050024870",0.867319841404427,0.132559490165834,0.000120668429739679,"below",0.392415617087034
20080101,920.291166666667,934.896213113887,"1050024870",0.0144083901060253,0.630454255479212,0.355137354414762,"normal",0.719584755413978
20090101,857.829333333333,824.644477080555,"1050024870",0.0731835995431836,0.792233910797547,0.134582489659269,"normal",0.645785135439815
20100101,886.886833333333,937.615309411387,"1050024870",0.0137595708478845,0.624345061722925,0.361895367429191,"normal",0.720903349946026
20110101,1277.9687,1289.18049083611,"1050024870",2.77265905385128e-06,0.0235387753444514,0.976458451996495,"above",0.11154709210554
20120101,1562.52746666667,1344.13318792277,"1050024870",4.58594789435599e-07,0.00935728394682633,0.990642257458384,"above",0.0530340045154659
20130101,1136.35306666667,1122.04085475667,"1050024870",0.00030062515613644,0.190873255899155,0.808826118944708,"above",0.490161580691436
20140101,1107.28326666667,1119.10621541389,"1050024870",0.000323002036793047,0.196214365829642,0.803462632133565,"above",0.497958050364922
20150101,348.280066666667,451.559547443331,"1050024870",0.848409441285967,0.151423374932233,0.000167183781799585,"below",0.426763767424735
20160101,972.110066666667,944.425958357776,"1050024870",0.0122440074729062,0.608747605749636,0.379008386777458,"normal",0.723772509327659
20170101,853.702466666667,847.970924412221,"1050024870",0.0539533555649569,0.774939101717944,0.171107542717099,"normal",0.657195031570192
20180101,458.723433333333,441.022848229445,"1050024870",0.864276373041809,0.135596137681514,0.00012748927667694,"below",0.398140099466619
20190101,523.732066666667,484.333226365555,"1050024870",0.791487562426271,0.208135318957432,0.000377118616297301,"below",0.514737435220087
20200101,829.710066666667,893.295780934444,"1050024870",0.0281169920767333,0.713472403298614,0.258410604624653,"normal",0.690975642827327
20210101,800.748933333333,671.80234074611,"1050024870",0.33155226117587,0.651522158128553,0.0169255806955768,"normal",0.714202614447873
20220101,710.012833333333,566.833853600556,"1050024870",0.603616880742332,0.393983368045488,0.00239975121218072,"below",0.686165907095475
20230101,668.103933333333,538.479190964444,"1050024870",0.674135899597277,0.324552837545813,0.00131126285690963,"below",0.639751765457238
20240101,596.101666666667,493.486832130555,"1050024870",0.773581886342197,0.22594856822608,0.00046954543172284,"below",0.53828203814512
20250101,813.638883333333,843.176638317223,"1050024870",0.0575385700903139,0.779336077724245,0.163125352185441,"normal",0.6543732237812
20260101,813.638883333333,841.068092391667,"1050024870",0.0591735407022462,0.781133817327397,0.159692641970357,"normal",0.653203981834604
19930101,947.960777777778,949.894521541674,"1050870170",0.543709003556262,0.445649936176238,0.0106410602674994,"below",0.739830824506605
19940101,906.131611111111,935.097252722217,"1050870170",0.603936754151448,0.389052448111826,0.00701079773672508,"below",0.706613922130034
19950101,1151.58455555556,1139.2533678889,"1050870170",0.0315868570490641,0.599673204123751,0.368739938827185,"normal",0.783666619395299
19960101,1112.05405555556,1109.62289534724,"1050870170",0.0605638389721406,0.679357121826485,0.260079039201375,"normal",0.782736169643423
19970101,1133.12841666667,1174.85205805556,"1050870170",0.0129437344084605,0.473201263261388,0.513855002330151,"above",0.752465701525547
19980101,1306.64619444444,1274.31813994444,"1050870170",0.000554099491930565,0.142126737431841,0.857319163076228,"above",0.413429133722813
19990101,1408.09480555556,1433.34660566667,"1050870170",4.46005243664287e-07,0.00325458955073232,0.996744964444024,"above",0.0218975312012824
20000101,1002.22802777778,989.958978847215,"1050870170",0.379591765696222,0.590801583218761,0.0296066510850175,"normal",0.782827270839019
20010101,945.265444444444,945.592416277782,"1050870170",0.561387624615573,0.429166184538235,0.0094461908461918,"below",0.731189505984363
20020101,868.033388888889,893.320599541674,"1050870170",0.757310787270211,0.240768130110015,0.00192108261977464,"below",0.565369326462079
20030101,1500.19458333333,1471.33556152778,"1050870170",5.51607419721296e-08,0.000917530796207711,0.99908241404305,"above",0.00733513603083124
20040101,1233.44288888889,1214.58322676389,"1050870170",0.00413591956488225,0.323082004848873,0.672782075586244,"above",0.654378313296085
20050101,1231.28369444444,1187.70018923611,"1050870170",0.00910282202414419,0.424090678904393,0.566806499071463,"above",0.728361278839018
20060101,973.813277777778,955.284976944434,"1050870170",0.52143946571983,0.466238158225204,0.0123223760549657,"below",0.749482033345024
20070101,1038.1925,1031.15803147222,"1050870170",0.231267530973772,0.696378394374762,0.0723540746514668,"normal",0.780625338926676
20080101,1454.68011111111,1468.34836854167,"1050870170",6.5370533156661e-08,0.001018911624598,0.998981023004869,"above",0.00803884192008605
20090101,1051.92861111111,1071.79880850001,"1050870170",0.123635504970766,0.726299833855678,0.150064661173555,"normal",0.775340952482166
20100101,896.677,914.882788097227,"1050870170",0.682111594803535,0.31405921499629,0.00382919020017491,"below",0.64599494552781
20110101,893.317888888889,968.131764319439,"1050870170",0.468224987675508,0.514492887979407,0.0172821243450858,"normal",0.767342747859827
20120101,1098.87372222222,1131.49021974999,"1050870170",0.0377598535727393,0.623485514340842,0.338754632086418,"normal",0.784968451126311
20130101,1100.59227777778,1064.14584429166,"1050870170",0.140633734303224,0.727087332868772,0.132278932828003,"normal",0.775175113007775
20140101,964.625083333333,976.467409041669,"1050870170",0.433939352907722,0.54471951018055,0.0213411369117279,"normal",0.775284909314619
20150101,1089.42472222222,1084.13678225001,"1050870170",0.0993585632153033,0.718687612014335,0.181953824770361,"normal",0.776873658405502
20160101,921.896972222222,923.577260152783,"1050870170",0.649237203951033,0.345771349632163,0.00499144641680338,"below",0.674098872491028
20170101,1561.91716666667,1497.703558,"1050870170",1.18302506655518e-08,0.000349842363865482,0.999650145805884,"above",0.00313406421101003
20180101,984.438277777778,988.901471152768,"1050870170",0.383781576038679,0.587343731158327,0.0288746928029939,"normal",0.782447371268622
20190101,1031.56288888889,988.639164611105,"1050870170",0.384822953586813,0.586481563261221,0.0286954831519659,"normal",0.782348018591029
20200101,1054.68416666667,1109.07301566667,"1050870170",0.0612525693151966,0.680518742328278,0.258228688356526,"normal",0.782613012905514
20210101,936.838916666667,922.542179277783,"1050870170",0.653216154893002,0.341945558418018,0.00483828668898012,"below",0.670907167294152
20220101,1221.20244444444,1418.509455,"1050870170",9.68463425884114e-07,0.00513205890762136,0.994866972628953,"above",0.0321907307652073
20230101,1717.80380555556,1496.036117625,"1050870170",1.30681895988619e-08,0.00037261372437547,0.999627373207435,"above",0.00331456811610179
20240101,1117.44547222222,1016.55011608333,"1050870170",0.279987480551685,0.666344225091355,0.0536682943569607,"normal",0.783904826847243
20250101,1072.05444444444,1128.69011227778,"1050870170",0.0402149310230372,0.631611485575628,0.328173583401335,"normal",0.785099859300817
20260101,1072.05444444444,1047.14874509723,"1050870170",0.183834389613385,0.71804083075277,0.0981247796338452,"normal",0.776997995738952
19930101,228.1371,284.528997483332,"1050873640",0.60675106257131,0.391716453950442,0.00153248347824753,"below",0.680210240576168
19940101,375.071233333333,388.495264799996,"1050873640",0.251887614030237,0.726509913764465,0.0216024722052973,"normal",0.662262209828358
19950101,525.371533333333,527.061303999999,"1050873640",0.0273896810533241,0.751860314590012,0.220750004356664,"normal",0.646463349513642
19960101,616.7725,619.881264533335,"1050873640",0.00289601404976297,0.469581416986284,0.527522568963953,"above",0.709272742839691
19970101,522.7055,528.623877599997,"1050873640",0.0265110245478953,0.748527511058097,0.224961464394008,"normal",0.648652564404891
19980101,228.816,255.599370649999,"1050873640",0.702728619440881,0.296636104297421,0.000635276261697904,"below",0.613075082608803
19990101,704.223433333333,671.230392533332,"1050873640",0.000633589411943033,0.296374134805818,0.702992275782239,"above",0.612837153212916
20000101,538.1913,534.396661500002,"1050873640",0.0234665592510917,0.735624445640118,0.240908995108791,"normal",0.656808040466386
20010101,285.7097,272.79456111667,"1050873640",0.646872911048093,0.352046632513039,0.00108045643886823,"below",0.656695011758838
20020101,449.9884,498.60551448333,"1050873640",0.048106178990998,0.799632884306443,0.152260936702559,"normal",0.611350054548818
20030101,824.465033333333,771.160443233323,"1050873640",1.84352787167116e-05,0.0754858387865246,0.924495725934759,"above",0.2678212966097
20040101,300.3472,274.756770983333,"1050873640",0.640262811843976,0.358590869666424,0.00114631848959967,"below",0.661001299163142
20050101,623.241833333333,600.152327233329,"1050873640",0.00492485933274615,0.538562674172165,0.456512466495089,"normal",0.717427659657627
20060101,438.6178,492.908943816668,"1050873640",0.0534780473827251,0.806062627513549,0.140459325103725,"normal",0.606090550704084
20070101,319.224666666667,304.16945415,"1050873640",0.537204345741655,0.460108335145365,0.00268731911297959,"below",0.706892106882741
20080101,861.758866666667,776.553697683333,"1050873640",1.48995906407954e-05,0.0687953286003009,0.931189771809058,"above",0.250691064590184
20090101,505.5799,493.437728550004,"1050873640",0.0529602033736416,0.805511881879131,0.141527914747228,"normal",0.606546024974702
20100101,610.7294,570.479002050003,"1050873640",0.0103630370015845,0.636679198672712,0.352957764325703,"normal",0.70238052949133
20110101,482.538933333333,489.456724266672,"1050873640",0.056958095689144,0.809424213020385,0.133617691290471,"normal",0.603290290128234
20120101,715.196533333333,718.192111933325,"1050873640",0.000132325099471097,0.169059254976087,0.830808419924442,"above",0.455680905815827
20130101,283.064433333333,306.277824033336,"1050873640",0.529630934548724,0.467519669398163,0.00284939605311285,"below",0.708781100904135
20140101,192.362566666667,231.680594600003,"1050873640",0.772887771890182,0.22681994452545,0.000292283584367281,"below",0.538000782463441
20150101,181.9203,221.757006833333,"1050873640",0.79900115379021,0.20078976172619,0.000209084483599353,"below",0.503429038508147
20160101,1141.9985,1009.35244461666,"1050873640",1.70896813377e-10,0.000166456727715203,0.999833543101388,"above",0.00161474945172648
20170101,486.7317,498.723854133336,"1050873640",0.0479993410152406,0.799487773771039,0.15251288521372,"normal",0.611467291287855
20180101,430.932333333333,391.446266800002,"1050873640",0.243456746469649,0.733525005015198,0.0230182485151533,"normal",0.658086868493291
20190101,460.925566666667,476.815832916663,"1050873640",0.0712408062284532,0.818221341668274,0.110537852103273,"normal",0.595797874280365
20200101,574.624066666667,523.424164066671,"1050873640",0.0295292550864248,0.759346744519856,0.21112400039372,"normal",0.641421967466961
20210101,538.628633333333,529.615793233335,"1050873640",0.0259655722444782,0.746376086009171,0.22765834174635,"normal",0.650047738081555
20220101,967.562466666667,1009.35244461666,"1050873640",1.70896813377e-10,0.000166456727715203,0.999833543101388,"above",0.00161474945172648
20230101,701.347633333333,670.367002566664,"1050873640",0.000651065775286927,0.299062418581741,0.700286515642972,"above",0.615264017407096
20240101,676.733966666667,764.378890199997,"1050873640",2.4017674454748e-05,0.0845880386217061,0.915387943703839,"above",0.290111741126246
20250101,514.1427,538.905027666668,"1050873640",0.0212984947890445,0.724922434825682,0.253779070385273,"normal",0.663186187106184
20260101,514.1427,530.650260533339,"1050873640",0.025406753834106,0.744103048455782,0.230490197710112,"normal",0.651506407350596
19930101,796.236233333333,859.371987666678,"1050874640",0.0799919278827668,0.883725633123869,0.0362824389933643,"normal",0.431609952049121
19940101,577.238566666667,581.977217908337,"1050874640",0.408343033345963,0.590162502175432,0.00149446447860546,"normal",0.686680996200274
19950101,1283.2898,1320.57123826666,"1050874640",0.000395545452951509,0.437932474682002,0.561671979865047,"above",0.688689229239511
19960101,1285.63726666667,1319.69930710832,"1050874640",0.000400852855496923,0.439381291137138,0.560217856007365,"above",0.68908398195198
19970101,960.687266666667,939.944400233336,"1050874640",0.0404116668328988,0.88671976592849,0.0728685672386116,"normal",0.427123291549188
19980101,957.462966666667,968.867919933333,"1050874640",0.030862318728191,0.877775753192952,0.0913619280788568,"normal",0.440398752336055
19990101,712.156033333333,713.005003425009,"1050874640",0.215925843358077,0.776199132373226,0.00787502426869735,"normal",0.565769670481373
20000101,734.343333333333,775.269191908339,"1050874640",0.14699927046066,0.837274203852807,0.0157265256865333,"normal",0.495851655521841
20010101,725.9031,766.788801925003,"1050874640",0.155405889445301,0.830228814618945,0.0143652959357539,"normal",0.504739893838799
20020101,457.323533333333,469.302748033332,"1050874640",0.596685784345419,0.403029173061867,0.000285042592713114,"below",0.676685481434648
20030101,1061.0199,1044.06873571666,"1050874640",0.0143949718704504,0.830393023919283,0.155212004210266,"normal",0.504535231930048
20040101,1074.53623333333,987.159211091658,"1050874640",0.0258492032459709,0.869419950679899,0.104730846074131,"normal",0.452458863235537
20050101,876.4455,937.228656050004,"1050874640",0.0414198644734603,0.887288930448675,0.0712912050778645,"normal",0.426265541612302
20060101,1341.4707,1340.29069268331,"1050874640",0.000291608051470247,0.40540912611745,0.59429926583108,"above",0.677657667076332
20070101,271.8493,310.471797266667,"1050874640",0.820322936981507,0.179657894517868,1.91685006253328e-05,"below",0.471097924522926
20080101,530.9512,542.731179600004,"1050874640",0.473765497081977,0.525374869108559,0.000859633809463634,"normal",0.698145247766728
20090101,515.838333333333,639.385904108332,"1050874640",0.317523575008254,0.679271547178208,0.00320487781353795,"normal",0.645367551362885
20100101,1502.64,1479.55478394999,"1050874640",2.80839640934208e-05,0.203899571636521,0.796072344399386,"above",0.506077094304256
20110101,295.6222,318.350855783334,"1050874640",0.811454760599083,0.188523101453191,2.21379477262085e-05,"below",0.484329138490027
20120101,1526.72266666667,1499.93502196666,"1050874640",1.93958413601525e-05,0.18037122359932,0.819609380559319,"above",0.472181915556904
20130101,431.906266666667,491.798458758331,"1050874640",0.559470213551918,0.440126180294775,0.000403606153306368,"below",0.689283759974831
20140101,451.7579,460.185475716671,"1050874640",0.611542598824944,0.388210434935256,0.00024696623980025,"below",0.67011778882161
20150101,173.613766666667,253.69489101667,"1050874640",0.876312706239542,0.123680713935723,6.5798247351756e-06,"below",0.374279186642473
20160101,2157.81493333333,1845.13834773332,"1050874640",1.23983914513726e-08,0.00879805729946648,0.991201930302142,"above",0.0504026573816638
20170101,1168.75926666667,1088.06381000834,"1050874640",0.00883551654780373,0.787398213042516,0.20376627040968,"normal",0.554135434207967
20180101,1448.206,1312.76284851667,"1050874640",0.000445489200747781,0.4509319726225,0.548622538176752,"above",0.691939846862389
20190101,1514.17986666667,1479.74246408333,"1050874640",2.79893057745705e-05,0.203674891716789,0.796297118977436,"above",0.505769940028616
20200101,1018.45003333333,958.993760616667,"1050874640",0.0338872506828076,0.881419912861399,0.0846928364557938,"normal",0.435035814952949
20210101,2333.14476666667,1890.13675024999,"1050874640",4.082281842351e-09,0.00516858370254181,0.994831412215176,"above",0.0323686888749374
20220101,1332.2014,1356.84598318332,"1050874640",0.000224620972787942,0.378571730903282,0.62120364812393,"above",0.66536537133251
20230101,1462.96526666667,1414.63071246666,"1050874640",8.71066191372448e-05,0.290024149331794,0.709888744049068,"above",0.603044874816928
20240101,497.7976,332.351145200001,"1050874640",0.795044950152081,0.204926530150036,2.85196978833113e-05,"below",0.507477094755963
20250101,959.075116666667,740.993831591669,"1050874640",0.182888139908694,0.806281644749933,0.0108302153413727,"normal",0.533326637224177
20260101,959.075116666667,930.198302199992,"1050874640",0.0441247301743376,0.888545659491664,0.0673296103339986,"normal",0.424366088490961
19930101,9.48826923076923,8.74722650000002,"1050887720",0.21684123444475,0.649547884994443,0.133610880560807,"normal",0.880662526762626
19940101,16.3846538461538,15.9948150384614,"1050887720",0.0229415211246513,0.435611940039492,0.541446538835857,"above",0.780778226337885
19950101,1.51234615384615,2.52718965384615,"1050887720",0.602027784879761,0.382233653108672,0.0157385620115674,"below",0.738443848743873
19960101,14.1908461538462,12.5662426923076,"1050887720",0.0774586575251092,0.603368709028895,0.319172633445996,"normal",0.867480678841471
19970101,14.6785769230769,14.6268911634617,"1050887720",0.0385791556152963,0.511147732525644,0.45027311185906,"normal",0.827879685629739
19980101,5.53284615384615,5.13643973076925,"1050887720",0.429242592055352,0.527500960327392,0.0432564476172569,"normal",0.836268265963054
19990101,22.219,19.5098097307691,"1050887720",0.00486851439683733,0.239398658602709,0.755732827000454,"above",0.579831108698503
20000101,10.0382307692308,8.36328252884614,"1050887720",0.2361885308683,0.643568328598323,0.120243140533377,"normal",0.879191304428267
20010101,43.4416923076923,41.6567847307695,"1050887720",1.55294441228951e-10,5.38725577914345e-06,0.999994612588926,"above",7.07462597520596e-05
20020101,4.2805,5.8851562788461,"1050887720",0.380689448899675,0.563248565233603,0.0560619858667218,"normal",0.85251417082167
20030101,0.816846153846154,1.37655948076924,"1050887720",0.674100675951321,0.316351382593235,0.0095479414554438,"below",0.674349925604639
20040101,9.94969230769231,9.77900074038466,"1050887720",0.169619574302646,0.655928949061699,0.174451476635655,"normal",0.882156874615714
20050101,9.29165384615385,9.3910141346155,"1050887720",0.186544042305551,0.655208123830286,0.158247833864163,"normal",0.881991964022093
20060101,10.397,11.6333186153847,"1050887720",0.102727323617756,0.63168924097072,0.265583435411523,"normal",0.876063032527191
20070101,13.3229615384615,13.2351376826922,"1050887720",0.0624684048617613,0.577364240889964,0.360167354248275,"normal",0.858164568783697
20080101,15.9748846153846,15.514011048077,"1050887720",0.0276850849248324,0.462912261784936,0.509402653290232,"above",0.799446300049972
20090101,5.41930769230769,5.73530219230763,"1050887720",0.390284176716569,0.556431560450847,0.0532842628325838,"normal",0.849632535764266
20100101,38.5638461538462,39.1378107692311,"1050887720",2.15787715575698e-09,3.45681381859198e-05,0.999965429703937,"above",0.000389716658512261
20110101,8.31607692307692,8.63846877884617,"1050887720",0.22222660477393,0.648048817576538,0.129724577649532,"normal",0.880300156631241
20120101,44.673,41.9658429615386,"1050887720",1.11105370630085e-10,4.23856988063243e-06,0.999995761319014,"above",5.66777730490995e-05
20130101,2.53023076923077,2.7127226923077,"1050887720",0.5899953368159,0.392998350439255,0.0170063127448451,"below",0.747632897198746
20140101,9.53576923076923,9.42286256730769,"1050887720",0.185116598643874,0.655343916340259,0.159539485015867,"normal",0.882023106347809
20150101,0.219153846153846,0.963514596153852,"1050887720",0.698616858660985,0.29346822800086,0.00791491333815408,"below",0.648649129167596
20160101,16.2512307692308,16.4266533461538,"1050887720",0.0192835463918449,0.410711332820942,0.570005120787213,"above",0.762024185446339
20170101,2.33623076923077,2.05485549999998,"1050887720",0.632201065555662,0.354927788465797,0.0128711459785413,"below",0.713568234078996
20180101,2.13411538461538,2.84787450000002,"1050887720",0.581175920624601,0.400840197976115,0.0179838813992836,"below",0.754114544550668
20190101,3.44484615384615,3.07677675000003,"1050887720",0.566147561962473,0.414103569343143,0.0197488686943837,"below",0.764679148377426
20200101,15.1726923076923,14.0312665384615,"1050887720",0.0476892228817717,0.541206335235741,0.411104441882487,"normal",0.842830861926182
20210101,28.0345,29.5736958846156,"1050887720",9.76648060071612e-06,0.00869896739133169,0.991291266128068,"above",0.0500560678298694
20220101,8.41834615384615,8.0770444230769,"1050887720",0.251209631417235,0.637879995534883,0.110910373047882,"normal",0.87772760088167
20230101,6.99207692307692,5.60740672115382,"1050887720",0.398526404088408,0.550472737272111,0.0510008586394817,"normal",0.847031067123001
20240101,5.86615384615385,8.99365697115389,"1050887720",0.204921789758019,0.652367583494185,0.142710626747796,"normal",0.881332456218896
20250101,9.51201923076923,9.2294593365385,"1050887720",0.193889403903376,0.654308836175381,0.151801759921242,"normal",0.881784836274277
20260101,9.51201923076923,9.37310201923084,"1050887720",0.187349848228952,0.655125741666983,0.157524410104065,"normal",0.881973053568699
19930101,773.2204,792.00294931666,"1050888070",8.87191881496345e-05,0.237883626199251,0.762027654612599,"above",0.549520490485244
19940101,463.524466666667,461.743560950002,"1050888070",0.125135148235987,0.845258579994903,0.0296062717691108,"normal",0.506381934294943
19950101,691.274933333333,685.984602333324,"1050888070",0.00178026123131153,0.546621330719374,0.451598408049314,"normal",0.700433113425545
19960101,960.6304,927.840710233339,"1050888070",7.23874415461807e-07,0.0373729884963188,0.962626287629266,"above",0.15951448564748
19970101,295.096566666667,337.824482483336,"1050888070",0.430801729073156,0.567093197913693,0.00210507301315122,"normal",0.697428899872693
19980101,474.006566666667,443.328460383332,"1050888070",0.157508878324353,0.821391812989898,0.0210993086857489,"normal",0.534144460212179
19990101,480.720666666667,491.956932691671,"1050888070",0.0826445601859967,0.867761568389794,0.0495938714242097,"normal",0.478106191342828
20000101,702.348733333333,754.01793373333,"1050888070",0.000280119581932794,0.339207348348652,0.660512532069415,"above",0.642963779080256
20010101,356.928366666667,331.551446349997,"1050888070",0.4502781245642,0.54792250095602,0.00179937447978062,"normal",0.700286868131192
20020101,862.433233333333,816.028827049991,"1050888070",4.10387869045425e-05,0.18350163558733,0.816457325625765,"above",0.477109105572471
20030101,418.214366666667,383.817683150001,"1050888070",0.295860709044546,0.697928957226333,0.00621033372912083,"normal",0.642878661016882
20040101,322.907266666667,334.457648941667,"1050888070",0.441237185979399,0.556827220129407,0.00193559389119369,"normal",0.699123035829441
20050101,271.975566666667,287.984446966665,"1050888070",0.586267745423567,0.413163812854918,0.000568441721515045,"below",0.682502317116653
20060101,322.535133333333,302.0214334,"1050888070",0.542792049873819,0.456374032849074,0.000833917277107132,"below",0.695572849411371
20070101,225.286966666667,234.718991283333,"1050888070",0.73800395136583,0.261876427427199,0.000119621206970955,"below",0.57617407522827
20080101,452.6142,452.844403291671,"1050888070",0.14014939876673,0.83465667648359,0.0251939247496803,"normal",0.518994244012745
20090101,701.132933333333,688.556980424994,"1050888070",0.0016681251279548,0.538706258621453,0.459625616250592,"normal",0.701191694905722
20100101,842.776466666667,833.06456018334,"1050888070",2.32717212929655e-05,0.150069954942967,0.84990677333574,"above",0.423098168971163
20110101,75.8753666666667,139.725890583332,"1050888070",0.916956773792409,0.0830383183550242,4.90785256723747e-06,"below",0.286192477023717
20120101,1007.13153333333,953.260359183335,"1050888070",2.60527991564284e-07,0.0237344564293209,0.976265283042688,"above",0.112241248664275
20130101,461.802833333333,458.841522599998,"1050888070",0.129902671895308,0.841995532447745,0.0281017956569469,"normal",0.510311717277678
20140101,264.702833333333,253.691791466669,"1050888070",0.687179046095314,0.312608552141483,0.000212401763203363,"below",0.623100974012407
20150101,191.429433333333,226.890943666668,"1050888070",0.757667081782009,0.242239106457362,9.38117606286148e-05,"below",0.554585000585824
20160101,893.441,897.978461783332,"1050888070",2.28877862616901e-06,0.0609333012870917,0.939064409934282,"above",0.229559719434882
20170101,362.510766666667,397.734258800004,"1050888070",0.259178638606053,0.732406925941454,0.00841443545249287,"normal",0.618240761176928
20180101,395.011366666667,450.009869924998,"1050888070",0.145178697284113,0.830911447234966,0.0239098554809204,"normal",0.52334241337449
20190101,272.483933333333,281.491676466667,"1050888070",0.606057775091417,0.393467958934002,0.000474265974580335,"below",0.674140955273563
20200101,497.495266666667,418.705119008336,"1050888070",0.208700040873374,0.778271584289514,0.0130283748371121,"normal",0.578651388719998
20210101,803.171466666667,925.540882666673,"1050888070",7.92479731221992e-07,0.0388728350710421,0.961126372449227,"above",0.164357156775273
20220101,566.242466666667,455.834787699999,"1050888070",0.134973308774932,0.838415952903224,0.026610738321844,"normal",0.514573579120111
20230101,593.354633333333,620.937820349995,"1050888070",0.00813722916035593,0.72869291248024,0.263169858359404,"normal",0.62110417948439
20240101,503.556666666667,420.16494564167,"1050888070",0.205416023274729,0.781165277750133,0.0134186989751381,"normal",0.57588830626173
20250101,468.765516666667,448.033984725003,"1050888070",0.148755489962319,0.828196836554796,0.0230476734828846,"normal",0.526459234868365
20260101,468.765516666667,446.330162433339,"1050888070",0.151886694893799,0.825787932079698,0.0223253730265035,"normal",0.529200622900613
19930101,1186.63375757576,1160.78796548484,"1050892990",0.497759499806097,0.501211889493318,0.00102861070058535,"normal",0.700532692665324
19940101,974.172606060606,1106.67051428788,"1050892990",0.655754635599669,0.344002372252399,0.000242992147931553,"below",0.645817402367411
19950101,1353.40806060606,1401.35713072729,"1050892990",0.0349369703487632,0.863861297596929,0.101201732054308,"normal",0.475422704127657
19960101,1547.83006060606,1573.61354536364,"1050892990",0.00094598894082019,0.491385087357082,0.507668923702098,"above",0.699891484834305
19970101,1464.43878787879,1512.98752535606,"1050892990",0.00400944082598693,0.66464005423522,0.331350504938793,"normal",0.65964305508072
19980101,1429.22115151515,1436.12225496212,"1050892990",0.0190454080583946,0.825564109172278,0.155390482769328,"normal",0.522996731820737
19990101,1639.99606060606,1626.55084986364,"1050892990",0.000228869975316065,0.33815439845473,0.661616731569954,"above",0.641856544916971
20000101,1176.22984848485,1162.60865072727,"1050892990",0.492303771885048,0.50661935078137,0.00107687733358208,"normal",0.700733507122696
20010101,1461.65833333333,1420.95673512123,"1050892990",0.025000491945226,0.845235048559587,0.129764459495187,"normal",0.499325055124766
20020101,1138.66357575758,1143.54977269696,"1050892990",0.549292468161875,0.45004693227468,0.000660599563445219,"below",0.693250592219741
20030101,1874.06184848485,1808.35815971213,"1050892990",5.57869664579327e-07,0.0373266091759982,0.962672832954337,"above",0.159361420999906
20040101,1591.6136969697,1547.09050818184,"1050892990",0.00182194863969102,0.569606399161556,0.428571652198753,"normal",0.695200194387052
20050101,1716.09854545455,1684.1241477121,"1050892990",4.12842029509167e-05,0.197799376748142,0.802159339048907,"above",0.497785486021362
20060101,1103.40045454545,1108.46144987877,"1050892990",0.650788796445701,0.348955692838077,0.000255510716221541,"below",0.649057222632311
20070101,1363.35478787879,1369.63961900757,"1050892990",0.0576893084881347,0.87716957862727,0.0651411128845955,"normal",0.457440111014813
20080101,1841.64533333333,1790.91030227274,"1050892990",1.07399412716374e-06,0.0493154347256953,0.950683491280177,"above",0.196510409038641
20090101,1090.51575757576,1098.69844462121,"1050892990",0.677524934158003,0.322281165598766,0.000193900243230627,"below",0.630352926276333
20100101,1321.3366969697,1292.86337814395,"1050892990",0.159202221261134,0.822476242651343,0.018321536087523,"normal",0.526568277038533
20110101,1038.08936363636,1077.93287334847,"1050892990",0.731308731550204,0.268585254364137,0.000106014085658357,"below",0.582889701479127
20120101,1564.20121212121,1576.7869676515,"1050892990",0.000872475757642816,0.481953386966835,0.517174137275522,"above",0.698939473120292
20130101,1414.50163636364,1415.17661196212,"1050892990",0.0276484300552567,0.85153700042006,0.120814569524683,"normal",0.491401609777183
20140101,1083.90509090909,1114.19240021212,"1050892990",0.634727667020684,0.364972606636518,0.000299726342797846,"below",0.658820826390182
20150101,1332.53363636364,1331.76171062881,"1050892990",0.0985358978176383,0.865337684142371,0.0361264180399908,"normal",0.473465248587233
20160101,1101.48524242424,1109.57748966665,"1050892990",0.647681109571848,0.352055277282811,0.00026361314534129,"below",0.651031268625613
20170101,1823.88306060606,1792.18910498484,"1050892990",1.024228397666e-06,0.0483433187132265,0.951655657058376,"above",0.193623147719949
20180101,1170.87636363636,1156.11814354545,"1050892990",0.511752217927572,0.487334037223248,0.000913744849179388,"below",0.699523071163166
20190101,1167.16590909091,1149.12089922727,"1050892990",0.532686465003847,0.466549989679649,0.000763545316504355,"below",0.696671271946003
20200101,1719.03487878788,1780.39051928787,"1050892990",1.58138998308651e-06,0.0579163734922864,0.942082045117731,"above",0.221218047586911
20210101,1016.78124242424,1070.06764298484,"1050892990",0.750434618825397,0.249481544590848,8.38365837546595e-05,"below",0.562611561489584
20220101,1358.48657575758,1318.06805727274,"1050892990",0.117599030158605,0.853709720581316,0.0286912492600794,"normal",0.488631215766102
20230101,2074.65181818182,1784.9686765909,"1050892990",1.33730760652547e-06,0.0540384851639535,0.94596017752844,"above",0.210258198527156
20240101,1292.03463636364,1309.34991094698,"1050892990",0.131019285392766,0.844324187371812,0.0246565272354218,"normal",0.500456546692998
20250101,1355.94731818182,1372.28188356061,"1050892990",0.0554322875315704,0.876867662230759,0.0677000502376709,"normal",0.457856538602301
20260101,1355.94731818182,1364.01822504546,"1050892990",0.062731109369355,0.87732166375394,0.0599472268767053,"normal",0.457230193115464
19930101,86.2384705882353,94.199755499999,"1050893000",0.00539093226365743,0.734077481125853,0.26053158661049,"normal",0.605513366809805
19940101,14.4817647058824,16.6382781617648,"1050893000",0.529453508414458,0.469999738881855,0.000546752703686204,"below",0.695652357639277
19950101,28.2123529411765,25.6378375882353,"1050893000",0.408843096387144,0.589623075322668,0.00153382829018822,"normal",0.687099439658103
19960101,36.325,35.6970240735294,"1050893000",0.28407338322209,0.711538047599245,0.00438856917866548,"normal",0.623492423591189
19970101,80.2735882352941,88.9364688235298,"1050893000",0.00885431044852514,0.784964318801211,0.206181370750264,"normal",0.557466413670362
19980101,148.655529411765,150.682503823531,"1050893000",4.09282470635047e-06,0.102239233864951,0.897756673310342,"above",0.330029827441453
19990101,110.328764705882,115.203178970586,"1050893000",0.000556766637394977,0.472036661131015,0.52740657223159,"above",0.695955373204291
20000101,17.7861176470588,18.7299326470589,"1050893000",0.501254315205072,0.498045419879194,0.000700264915733162,"below",0.698443422111709
20010101,121.696294117647,126.491993058823,"1050893000",0.000135261827214595,0.326001338755155,0.67386339941763,"above",0.632597446760774
20020101,145.456764705882,131.107434382353,"1050893000",7.2897209293071e-05,0.271942850183647,0.72798425260706,"above",0.585925891796706
20030101,213.806823529412,188.223526382353,"1050893000",5.01772422929396e-09,0.00556276249040044,0.994437232491875,"above",0.0344273364146308
20040101,68.7377647058824,64.5569884264704,"1050893000",0.060931967372194,0.889021290892773,0.050046741735033,"normal",0.42494657215276
20050101,160.656588235294,146.842320941175,"1050893000",7.44287291833581e-06,0.127349440013501,0.872643117113581,"above",0.381411177262271
20060101,19.2622352941176,18.7369410000001,"1050893000",0.501159740856499,0.498139418879218,0.000700840264282965,"below",0.698447789775717
20070101,154.639294117647,152.257315205883,"1050893000",3.18773105909911e-06,0.09305731494095,0.906939497327991,"above",0.309598062562011
20080101,22.6642941176471,22.2762824117647,"1050893000",0.453503584690544,0.545442431356453,0.00105398395300316,"normal",0.696458462259216
20090101,6.88129411764706,10.1463193529413,"1050893000",0.615427143001116,0.384326687534646,0.000246169464237944,"below",0.668314838952922
20100101,103.835235294118,114.284739382352,"1050893000",0.000620939441398109,0.484348409985559,0.515030650573043,"above",0.697451647170148
20110101,19.1684705882353,21.7802618529412,"1050893000",0.46015786724923,0.538845928954586,0.000996203796184258,"normal",0.697235487969785
20120101,100.856470588235,105.153554264705,"1050893000",0.00174896457639053,0.605126796113054,0.393124239310556,"normal",0.682101762931814
20130101,26.6862352941176,28.5930049264703,"1050893000",0.370517459044148,0.62737043668066,0.00211210427519237,"normal",0.673372172512952
20140101,38.3866470588235,34.1688798676467,"1050893000",0.301848249882008,0.694385149754898,0.0037666003630934,"normal",0.635848797943162
20150101,9.22858823529412,10.1294091176471,"1050893000",0.615645701629587,0.384108654608898,0.000245643761515479,"below",0.668207969550592
20160101,129.388176470588,133.844795470588,"1050893000",4.99737425261108e-05,0.242125559936411,0.757824466321063,"above",0.554048715564958
20170101,12.45,12.0869076176471,"1050893000",0.590118722324889,0.409567305477427,0.000313972197684032,"below",0.679381695210783
20180101,13.0476470588235,16.1903683382354,"1050893000",0.535477779411233,0.464004003013215,0.000518217575552482,"below",0.694668681250246
20190101,16.7827058823529,17.7356943235295,"1050893000",0.514667839957705,0.484709241672648,0.00062291836964623,"below",0.697486844676825
20200101,82.3976470588235,104.441150308823,"1050893000",0.00188907153523674,0.614222098247734,0.383888830217029,"normal",0.678754719269451
20210101,12.0524705882353,10.1792645294118,"1050893000",0.615001233276864,0.384751570050153,0.00024719667298323,"below",0.668522536291603
20220101,15.9425294117647,10.343329,"1050893000",0.612878178215392,0.386869449912814,0.000252371871794277,"below",0.669546802943351
20230101,42.7163529411765,29.265894602941,"1050893000",0.361952667469567,0.635778564608604,0.00226876792182906,"normal",0.669592131699685
20240101,37.5289411764706,21.4857736029412,"1050893000",0.464113933321359,0.534922776769869,0.000963289908772591,"normal",0.697621034874952
20250101,37.9577941176471,35.7901405735292,"1050893000",0.283006664592997,0.712564056910387,0.00442927849661645,"normal",0.622717179906629
20260101,37.9577941176471,36.3122060147056,"1050893000",0.277061898209487,0.718274273632583,0.00466382815793054,"normal",0.618327645930615
19930101,1591.3358,1571.11070130278,"1050908780",0.04723710129011,0.506864952619637,0.445897946090253,"normal",0.848751214096189
19940101,984.669666666667,1186.65319918889,"1050908780",0.315869488448203,0.592207462682744,0.0919230488690522,"normal",0.893674975236241
19950101,1978.58876666667,1814.57346539167,"1050908780",0.00759702588390291,0.260218197599111,0.732184776516986,"above",0.615626635802074
19960101,2314.18036666667,1856.58614211,"1050908780",0.00526250378292463,0.22142519809671,0.773312298120366,"above",0.560246540981428
19970101,1267.55776666667,1195.69739890333,"1050908780",0.305956433837403,0.597404322529375,0.0966392436332224,"normal",0.895931259160237
19980101,1308.40996666667,1226.27715339167,"1050908780",0.273509196120971,0.612592150066192,0.113898653812837,"normal",0.90222589879235
19990101,1082.651,1565.32929570333,"1050908780",0.0490318150955572,0.512152217834105,0.438815967070338,"normal",0.851984907838588
20000101,1361.00183333333,1274.67681742389,"1050908780",0.22589974481433,0.628585979844899,0.145514275340771,"normal",0.908380372105965
20010101,1041.25103333333,1417.55014998944,"1050908780",0.115896078940754,0.614010765646833,0.270093155412412,"normal",0.902791298698631
20020101,1270.5471,1127.35861130722,"1050908780",0.383886460517057,0.550973338993831,0.0651402004891121,"normal",0.873865976819392
20030101,1375.54533333333,1384.19661317278,"1050908780",0.137359667061088,0.625653139231151,0.236987193707762,"normal",0.907287766737017
20040101,1188.43996666667,1176.38294701167,"1050908780",0.327288799803984,0.58593449489986,0.0867767052961559,"normal",0.890881041347921
20050101,1112.94853333333,1260.26331075556,"1050908780",0.239567897958122,0.624895213372069,0.135536888669809,"normal",0.907002796131061
20060101,1530.45323333333,1744.15410280278,"1050908780",0.0135800617642864,0.330658556803151,0.655761381432563,"above",0.701016288238062
20070101,459.696466666667,649.219276692777,"1050908780",0.882658034661344,0.115977216666533,0.00136474867212311,"below",0.369030913330267
20080101,1005.03193333333,1108.93833029889,"1050908780",0.405889732461064,0.53592077491497,0.0581894926239656,"normal",0.865764704040588
20090101,1212.05113333333,1232.28561705778,"1050908780",0.267339855063791,0.615126792382704,0.117533352553505,"normal",0.903233413859617
20100101,2281.28383333333,2036.29458412165,"1050908780",0.000917475404727727,0.094614896057086,0.904467628538186,"above",0.320329475338656
20110101,340.557133333333,581.072466146113,"1050908780",0.919219290554189,0.0801126940573709,0.000668015388440302,"below",0.284540507943436
20120101,2535.62246666667,1894.72728982555,"1050908780",0.00372046524488829,0.188935157898991,0.80734437685612,"above",0.508420005098193
20130101,888.757733333333,766.331694006113,"1050908780",0.795308265418591,0.200463322958313,0.00422841162309673,"below",0.527427470535452
20140101,709.571733333333,931.577358552775,"1050908780",0.62256369461298,0.360454661616224,0.0169816437707963,"below",0.732053518742256
20150101,342.775766666667,569.568966123891,"1050908780",0.9244326218607,0.0749776892601935,0.000589688879106709,"below",0.271256826998564
20160101,3166.3257,2455.80263062221,"1050908780",4.99342991523135e-06,0.00453309526015833,0.995461911309926,"above",0.0290509026205575
20170101,1435.83363333333,1611.94808098223,"1050908780",0.0360114904859162,0.467704013388946,0.496284496125138,"above",0.8228165391445
20180101,1725.5619,1772.92200041834,"1050908780",0.0107673648126358,0.301232590414498,0.688000044772867,"above",0.667519076602376
20190101,1685.79073333333,1629.30504300444,"1050908780",0.0319532528767844,0.450281651386317,0.517765095736899,"above",0.810112447763344
20200101,1435.1021,1381.72294444834,"1050908780",0.139053180260177,0.626322858973023,0.234623960766801,"normal",0.907538679401349
20210101,3051.28713333333,2312.82090124666,"1050908780",3.5369756648256e-05,0.0151394007691397,0.984825229474212,"above",0.0788625463540483
20220101,1711.90343333333,1741.01850398,"1050908780",0.0139219408685894,0.333905479997083,0.652172579134327,"above",0.704535027208164
20230101,1985.56606666667,1595.93377199944,"1050908780",0.0401212867874948,0.483405049787233,0.476473663425272,"normal",0.833641609702112
20240101,973.451866666667,1085.71679110111,"1050908780",0.434049167914527,0.515677778789855,0.050273053295618,"normal",0.854106700654061
20250101,1334.7059,1343.94152513666,"1050908780",0.166685265859995,0.633123738629534,0.200190995510471,"normal",0.910039341934155
20260101,1334.7059,1414.37948204555,"1050908780",0.117827645814227,0.615323012262508,0.266849341923266,"normal",0.903310902405434
19930101,793.497966666667,890.272828566674,"1050909040",0.0106869390748316,0.868351829008366,0.120961231916803,"normal",0.426584859787457
19940101,473.8816,412.442049516669,"1050909040",0.410225034211055,0.589186769824925,0.000588195964019711,"normal",0.681592939947683
19950101,511.1747,466.408904099996,"1050909040",0.322311126263493,0.676383767950396,0.00130510578611109,"normal",0.63806315889764
19960101,875.483833333333,906.668140066676,"1050909040",0.00883434119520849,0.855286020324938,0.135879638479854,"normal",0.446690134201372
19970101,1216.85553333333,1284.80094796667,"1050909040",2.98452965606509e-05,0.29369985784593,0.706270296857509,"above",0.605761757069787
19980101,376.4615,385.162052083329,"1050909040",0.456784135091433,0.542830321822414,0.000385543086152462,"normal",0.692588122467392
19990101,1488.10343333333,1407.12227588333,"1050909040",2.74612131499819e-06,0.141511727802954,0.858485526075731,"above",0.407735739354701
20000101,1384.13583333333,1351.87729524999,"1050909040",8.34095783341426e-06,0.202213404637622,0.797778254404544,"above",0.503559584645496
20010101,291.067766666667,316.2312876,"1050909040",0.575620391672375,0.424254584495548,0.000125023832077686,"below",0.682807722678296
20020101,1410.81463333333,1333.16388546667,"1050909040",1.20011232156944e-05,0.225871201812497,0.774116797064287,"above",0.534384043634762
20030101,996.8425,858.919525366674,"1050909040",0.0151860350235484,0.889089594679191,0.0957243702972603,"normal",0.392705028907251
20040101,436.045766666667,451.962075816663,"1050909040",0.345119929956376,0.65382040557586,0.00105966446776484,"normal",0.652241970108904
20050101,490.386466666667,511.414517999999,"1050909040",0.25571162659083,0.741848647434173,0.00243972597499664,"normal",0.584915729735345
20060101,601.53,686.298468766677,"1050909040",0.078413320302534,0.901680183563926,0.0199064961335405,"normal",0.370909303059035
20070101,438.3042,541.908466016673,"1050909040",0.215055187999622,0.781291175447343,0.00365363655303452,"normal",0.543842594520615
20080101,1148.71793333333,1028.60182778334,"1050909040",0.00185497934711662,0.71369913905765,0.284445881595233,"normal",0.610002732047418
20090101,1485.20766666667,1438.62783033335,"1050909040",1.4216928674818e-06,0.113078350337919,0.886920227969213,"above",0.352923755340217
20100101,1484.1357,1449.2985198,"1050909040",1.13290884159376e-06,0.104441885559684,0.895556981531475,"above",0.3347511097387
20110101,311.255033333333,518.23039353333,"1050909040",0.246289689645961,0.751036376371415,0.00267393398262361,"normal",0.575976189132009
20120101,1193.1659,1252.97388078334,"1050909040",5.31235738898131e-05,0.342922936340769,0.657023940085341,"above",0.64350893593485
20130101,665.299933333333,730.896251483333,"1050909040",0.0537609300705303,0.914942954856612,0.0312961150728573,"normal",0.346904853118739
20140101,180.6621,256.999772666664,"1050909040",0.672864332831688,0.327091272309269,4.43948590432841e-05,"below",0.632571305340172
20150101,217.5232,246.868811649999,"1050909040",0.688575502965419,0.311387540649258,3.69563853233057e-05,"below",0.620606702046724
20160101,1037.3726,899.373680950004,"1050909040",0.00962065355379168,0.86128585351119,0.129093492935019,"normal",0.437574184628367
20170101,293.293433333333,409.286533133337,"1050909040",0.415559165360332,0.583880310445539,0.000560524194128997,"normal",0.683273738441166
20180101,137.828366666667,221.719938849998,"1050909040",0.726077449306591,0.273899295254444,2.32554389649753e-05,"below",0.58736263606009
20190101,143.447966666667,209.639246616666,"1050909040",0.743262621820615,0.256718837094935,1.85410844496525e-05,"below",0.569811923592499
20200101,829.0381,446.10188395,"1050909040",0.354540936244401,0.644486285802771,0.000972777952828019,"normal",0.657505156061454
20210101,1054.8468,1392.88566391666,"1050909040",3.67581281858519e-06,0.155828415014727,0.844167909172455,"above",0.432736289521942
20220101,833.513,700.437929883335,"1050909040",0.0698100425334498,0.907130428199521,0.0230595292670293,"normal",0.361176843596084
20230101,1072.89763333333,971.420902516675,"1050909040",0.00398199867875921,0.789315692569541,0.206702308751699,"normal",0.534608913791917
20240101,1073.3464,992.030642233343,"1050909040",0.00304345137604884,0.763786366877935,0.233170181746016,"normal",0.56294410084955
20250101,811.268033333334,732.197159500005,"1050909040",0.0531467167860106,0.915157107316194,0.0316961758977958,"normal",0.346508238428391
20260101,811.268033333334,725.991951116674,"1050909040",0.0561271385306723,0.91404756989906,0.0298252915702678,"normal",0.348559982424555
19930101,3561.07686666667,3217.14742954477,"1050909890",0.304011787006591,0.657639391324622,0.0383488216687875,"normal",0.762655851758776
19940101,2275.89933333333,2545.69286022063,"1050909890",0.788343438742356,0.210634550457662,0.00102201079998177,"below",0.522613356109752
19950101,4148.93343333333,4359.36258111883,"1050909890",0.00300311915075692,0.318189361434106,0.678807519415138,"above",0.644785827423069
19960101,4749.3818,4281.0187277019,"1050909890",0.00474091613156779,0.373121085618288,0.622137998250144,"above",0.688475961705616
19970101,4006.45156666667,3727.39132972075,"1050909890",0.0653815452917524,0.714553619347866,0.220064835360382,"normal",0.751630085829761
19980101,3168.08156666667,3318.16446525223,"1050909890",0.238691222633301,0.703397825266881,0.0579109520998173,"normal",0.754403215344193
19990101,4317.8685,4101.04809945898,"1050909890",0.0124776624793534,0.503866509314648,0.483655828205998,"normal",0.751390750659426
20000101,3757.021,4099.06094339462,"1050909890",0.0126038104801727,0.50528982948372,0.482106360036107,"normal",0.75178873238967
20010101,2744.0873,3299.01159338698,"1050909890",0.250457864562257,0.695845848494993,0.0536962869427504,"normal",0.756112656373049
20020101,3836.23226666667,4306.58623858537,"1050909890",0.00409429811119469,0.354910893346456,0.640994808542349,"above",0.675231362668278
20030101,4307.88576666667,4258.99346801014,"1050909890",0.00536939069109994,0.388975564503363,0.605655044805537,"above",0.699054331585064
20040101,3009.16716666667,3261.37812069601,"1050909890",0.274444317387618,0.679430775696395,0.0461249069159877,"normal",0.759357102561083
20050101,3442.55826666667,2886.64081465898,"1050909890",0.553172822372092,0.43899740975874,0.00782976786916856,"below",0.726907991221201
20060101,3120.79566666667,3231.71814077331,"1050909890",0.294115348510708,0.665101728748058,0.0407829227412342,"normal",0.761656708910426
20070101,2327.85323333333,2565.37664700331,"1050909890",0.777023316445968,0.221814258331618,0.00116242522241372,"below",0.537919461301082
20080101,4113.0164,4404.60561195583,"1050909890",0.00228447497713132,0.287889384310986,0.709826140711883,"above",0.615649521448472
20090101,3683.33126666667,3179.80767162565,"1050909890",0.330023594889857,0.6373283799857,0.0326480251244425,"normal",0.764679293571247
20100101,5257.03143333333,4426.72393268669,"1050909890",0.00199329233913874,0.273545053845469,0.724461653815392,"above",0.600500805439273
20110101,1623.84623333333,2476.98447248977,"1050909890",0.825132258923108,0.174222698602315,0.000645042474577084,"below",0.467778980684335
20120101,5304.6186,4282.46369851495,"1050909890",0.00470207666667656,0.372085930046494,0.623211993286829,"above",0.687754788488725
20130101,3008.5347,2942.1766283346,"1050909890",0.50998667891182,0.479516792489965,0.0104965285982146,"below",0.743673226258909
20140101,2009.1779,2719.30365257141,"1050909890",0.677617719858513,0.319348624085864,0.00303365605562345,"below",0.64582641390918
20150101,1914.7609,2792.12492706844,"1050909890",0.624979530260708,0.370381769906109,0.00463869983318288,"below",0.68655929073994
20160101,5609.9699,4673.74506594249,"1050909890",0.000386235743003362,0.139818246779959,0.859795517477038,"above",0.407996841375704
20170101,3437.80133333333,3213.01674441074,"1050909890",0.306844126519204,0.655475132873849,0.0376807406069473,"normal",0.762920044152892
20180101,2971.17906666667,3244.16422059129,"1050909890",0.285781757436823,0.671258200176549,0.0429600423866284,"normal",0.760729875062378
20190101,2906.35816666667,2603.02364802253,"1050909890",0.75444011700549,0.244078634256634,0.00148124873787525,"below",0.566451319477334
20200101,3955.506,3739.54087475983,"1050909890",0.0624081273599092,0.710423858004429,0.227168014635662,"normal",0.752691027838191
20210101,4895.08983333333,3338.61833587634,"1050909890",0.226466797872458,0.710838651573333,0.0626945505542091,"normal",0.752586288331271
20220101,3727.90156666667,4036.85359680263,"1050909890",0.0171508010461137,0.548993241156209,0.433855957797677,"normal",0.761232747739909
20230101,5019.93766666667,4665.25131421749,"1050909890",0.000410141426336917,0.143529691742876,0.856060166830787,"above",0.414864713715547
20240101,3333.1618,2796.04786584662,"1050909890",0.622065798127976,0.373190665726842,0.00474353614518208,"below",0.688524301384221
20250101,3622.20406666667,3306.5236796078,"1050909890",0.245806470281497,0.698874089021242,0.055319440697261,"normal",0.755443526671198
20260101,3622.20406666667,3250.31795223891,"1050909890",0.281703281241973,0.674226056255361,0.0440706625026666,"normal",0.760250098497085
19930101,2364.9818,2315.86916723332,"1050909900",0.046132281963636,0.685722500521701,0.268145217514663,"normal",0.75356487155549
19940101,1311.5825,1366.67218678334,"1050909900",0.623847028192773,0.371725493473936,0.00442747833329027,"below",0.686218282187199
19950101,2729.08226666667,3007.2547159333,"1050909900",0.000845467111598912,0.200241734472147,0.798912798416254,"above",0.507375665225707
19960101,3200.60903333333,3132.55567726663,"1050909900",0.000332455880938916,0.134974592721688,0.864692951397373,"above",0.398681792123196
19970101,2496.29906666667,2478.41277588333,"1050909900",0.0213867010626788,0.587372896721095,0.391240402216226,"normal",0.761922915083388
19980101,1705.29873333333,1730.1251272,"1050909900",0.326393468755573,0.641601486404504,0.0320050448399231,"normal",0.760338910267855
19990101,2607.28973333333,2648.51717699999,"1050909900",0.00855849915806437,0.458692716563325,0.532748784278611,"above",0.733713814991904
20000101,2616.1221,2526.38510473333,"1050909900",0.0167119585894954,0.552767723045077,0.430520318365427,"normal",0.758895116044844
20010101,1286.4015,1416.77836885,"1050909900",0.58319271958747,0.410806042680208,0.00600123773232153,"below",0.710647561698886
20020101,2638.11006666667,2546.96967158334,"1050909900",0.014991742194671,0.537395489485734,0.447612768319596,"normal",0.756506151557998
20030101,2330.80813333333,2387.02865113332,"1050909900",0.0333681888471888,0.64693908008124,0.319692731071571,"normal",0.759776906964867
20040101,1407.26996666667,1476.56523353333,"1050909900",0.53353009045451,0.45795701067589,0.00851289886960005,"below",0.733414037132264
20050101,1600.69723333333,1592.50830449999,"1050909900",0.436421117993716,0.547480297516924,0.0160985844893594,"normal",0.758146879341395
20060101,2054.76573333333,1987.43179319998,"1050909900",0.160641245504834,0.744290882090724,0.0950678724044418,"normal",0.737262430268022
20070101,914.1453,833.263400199995,"1050909900",0.924931900343077,0.0749764746036422,9.16250532806417e-05,"below",0.267261747861674
20080101,2248.24753333333,2342.13275249999,"1050909900",0.0410273352385664,0.67229493884409,0.286677725917344,"normal",0.756135833649689
20090101,2602.98596666667,2339.21990673331,"1050909900",0.0415698893258817,0.673837408966842,0.284592701707276,"normal",0.755862976817472
20100101,3842.0248,3763.79187084992,"1050909900",1.10533978406091e-06,0.007524571769706,0.99247432289051,"above",0.0443044540263741
20110101,585.390466666667,779.03845258333,"1050909900",0.939819195744987,0.0601230011605218,5.78030944916597e-05,"below",0.227924117323294
20120101,3701.25246666667,3782.15097193327,"1050909900",9.12879686518944e-07,0.00675835793160229,0.993240729188711,"above",0.040520418247137
20130101,1552.93356666667,1480.5101986,"1050909900",0.530225967412949,0.461066875142763,0.00870715744428718,"below",0.734669879887311
20140101,901.335433333333,1164.36462295,"1050909900",0.770863818731203,0.227967733785339,0.00116844748345757,"below",0.545563748655558
20150101,555.671533333333,664.843542466664,"1050909900",0.963575186887115,0.036403775202362,2.10379105233249e-05,"below",0.15658850753817
20160101,4417.06903333333,4023.98143444991,"1050909900",6.41883500556863e-08,0.00144520633339429,0.998554729478256,"above",0.0108962200742547
20170101,1656.32513333333,1646.39422743331,"1050909900",0.392218194172543,0.586525206004618,0.0212565998228392,"normal",0.761886988264352
20180101,1804.485,1919.88628198334,"1050909900",0.197783928740144,0.729026430481819,0.0731896407780372,"normal",0.742299127875831
20190101,1747.48473333333,1744.20150016666,"1050909900",0.315776845086497,0.65003072211417,0.0341924327993328,"normal",0.759418671138594
20200101,2170.98026666667,2185.58521196665,"1050909900",0.0793923214866637,0.734634265114775,0.185973413398561,"normal",0.740512644397204
20210101,3932.56356666667,3897.30662966659,"1050909900",2.66065939881687e-07,0.00334017477111215,0.996659559162948,"above",0.0223836653208004
20220101,2386.31643333333,2457.92334645001,"1050909900",0.0236970289534195,0.601531398741568,0.374771572305013,"normal",0.762243473842498
20230101,2959.90473333333,2591.44193183333,"1050909900",0.0117878359558481,0.503379806167767,0.484832357876385,"normal",0.748866585652149
20240101,2011.20616666667,2175.10783594999,"1050909900",0.0827050656515967,0.737172802828944,0.18012213151946,"normal",0.739679510813293
20250101,2209.6139,2062.97373681666,"1050909900",0.124880493594695,0.75026848077133,0.124851025633974,"normal",0.735140692791502
20260101,2209.6139,2293.00152693334,"1050909900",0.0509817674776155,0.696502939057944,0.252515293464441,"normal",0.751182463091198
19930101,680.801516129032,781.484001205776,"1050915980",0.323712356254054,0.661034164692593,0.0152534790533527,"normal",0.702554583958906
19940101,732.909903225806,642.164431122913,"1050915980",0.748703204377692,0.250797995073374,0.000498800548933809,"below",0.567357274711117
19950101,877.09564516129,849.859299833102,"1050915980",0.156050392726726,0.790246763075528,0.0537028441977464,"normal",0.632950173009046
19960101,1019.11035483871,1044.51007554757,"1050915980",0.00484818338232956,0.508838651354772,0.486313165262898,"normal",0.720204833625787
19970101,1049.30367741935,1045.35194870823,"1050915980",0.00475315490392973,0.506216289909985,0.489030555186085,"normal",0.719870370171157
19980101,634.144225806452,648.32466270969,"1050915980",0.732551785409716,0.266853362040276,0.000594852550007574,"below",0.584931993849618
19990101,893.236838709677,838.129099447017,"1050915980",0.179867354215345,0.776027709687854,0.0441049360968012,"normal",0.643003513110723
20000101,870.563870967742,808.966484172657,"1050915980",0.248313462921967,0.725556263680116,0.0261302733979164,"normal",0.673922906111775
20010101,789.438903225806,868.017759674475,"1050915980",0.123470386585721,0.80479262823937,0.0717369851749081,"normal",0.622055934752261
20020101,748.07035483871,870.685345496777,"1050915980",0.119118388195353,0.806143281612448,0.0747383301921986,"normal",0.621013061645459
20030101,1063.96625806452,943.570553152736,"1050915980",0.0384141531328154,0.764310821626396,0.197275025240788,"normal",0.650844633079185
20040101,799.575967741936,782.756657646123,"1050915980",0.320019389842189,0.664326901589297,0.0156537085685141,"normal",0.701391915834961
20050101,1331.32961290323,1236.18744199143,"1050915980",1.75132026641926e-05,0.0645822514941241,0.935400235303212,"above",0.239602037044687
20060101,701.211580645161,786.653261473964,"1050915980",0.308823960703967,0.674240421669507,0.0169356176265261,"normal",0.697696668423034
20070101,649.051903225806,669.783557478085,"1050915980",0.672506348718199,0.326414842156163,0.00107880912563862,"below",0.639632536387952
20080101,1458.29458064516,1190.18158305798,"1050915980",8.30588602081241e-05,0.126050506927803,0.873866434211989,"above",0.379661602526888
20090101,1048.56435483871,1032.11178420523,"1050915980",0.00645736077191596,0.547108465292772,0.446434173935312,"normal",0.722559853958995
20100101,1144.58970967742,1057.14174362422,"1050915980",0.00358628947024102,0.469332132650607,0.527081577879152,"above",0.71275986097741
20110101,898.503935483871,869.639059748745,"1050915980",0.120812251426492,0.805637835846255,0.0735499127272528,"normal",0.621403951535288
20120101,1195.41529032258,1239.94922178189,"1050915980",1.53302286866994e-05,0.0608299285537879,0.939154741217525,"above",0.22942933424938
20130101,665.439967741935,675.479346536738,"1050915980",0.655693689204049,0.343048792454002,0.00125751834194876,"below",0.652163497267514
20140101,459.192225806452,598.272038164619,"1050915980",0.847486439982567,0.152380641981871,0.000132918035561369,"below",0.428113752608183
20150101,437.865451612903,629.642773530337,"1050915980",0.77987591424858,0.219777874575741,0.000346211175679012,"below",0.5296456642545
20160101,1295.56596774194,1214.94984477328,"1050915980",3.65228510743803e-05,0.0892191142456873,0.910744362903238,"above",0.3011336898974
20170101,891.047580645161,1056.54998131448,"1050915980",0.00363808003359952,0.471187241052211,0.525174678914189,"above",0.713226096314606
20180101,909.814096774194,879.600786564388,"1050915980",0.105362621358028,0.809171213091911,0.0854661655500606,"normal",0.618655797163956
20190101,845.057322580645,888.75160174132,"1050915980",0.0924782801741961,0.809885857644363,0.0976358621814408,"normal",0.618095543404103
20200101,925.508516129032,849.881544167768,"1050915980",0.156007298402106,0.790270198751692,0.0537225028462016,"normal",0.632933116685787
20210101,898.559322580645,875.999462473541,"1050915980",0.110774064952105,0.80822434330575,0.0810015917421456,"normal",0.619395813488347
20220101,1181.43603225806,1211.27131704644,"1050915980",4.13627161991017e-05,0.0941167992100426,0.905841838073758,"above",0.31241526785855
20230101,982.254161290323,1020.44080928923,"1050915980",0.00838667402934253,0.582236871983333,0.409376453987324,"normal",0.720639036505957
20240101,1157.29651612903,1242.58273816763,"1050915980",1.39586521593399e-05,0.0583060069164527,0.941680034431388,"above",0.222449943010336
20250101,895.870387096774,836.7452057341,"1050915980",0.182820532922821,0.77410937631712,0.0430700907600587,"normal",0.644314706471579
20260101,895.870387096774,865.003500580415,"1050915980",0.128520574878532,0.80302160487693,0.0684578202445384,"normal",0.623415328584101
19930101,280.2829,275.742663412222,"1050915990",0.0087156208465738,0.479633792348382,0.511650586805044,"above",0.736601405475884
19940101,186.9519,188.883894886667,"1050915990",0.179039184739966,0.744493523248352,0.0764672920116819,"normal",0.724227174936388
19950101,136.074566666667,159.59906095889,"1050915990",0.334576890708003,0.638055085521047,0.0273680237709502,"normal",0.751502669532475
19960101,206.157366666667,204.376838198334,"1050915990",0.119164104814113,0.759654128897845,0.121181766288042,"normal",0.718064872659745
19970101,328.7977,311.763187791111,"1050915990",0.00143043114667524,0.261600064495454,0.736969504357871,"above",0.585088136517406
19980101,181.128266666667,191.431326628889,"1050915990",0.168073292708212,0.749124731538267,0.082801975753521,"normal",0.722403721445821
19990101,90.4767333333333,92.7832899105555,"1050915990",0.756346207139717,0.242482135849099,0.00117165701118394,"below",0.562677465026351
20000101,106.770733333333,107.074532531111,"1050915990",0.675313165768921,0.322154626436275,0.0025322077948039,"below",0.645164976769812
20010101,180.453533333333,187.201589096666,"1050915990",0.186522207342735,0.740987215320026,0.0724905773372397,"normal",0.725573096169304
20020101,49.6329666666667,81.9643258344445,"1050915990",0.809555455141459,0.189813656708353,0.000630888150187747,"below",0.491099123193275
20030101,222.227333333333,215.303672683889,"1050915990",0.0864966127246913,0.751345165744599,0.16215822153071,"normal",0.721511037824047
20040101,206.875766666667,190.181166008333,"1050915990",0.173399724035955,0.74695473412092,0.0796455418431252,"normal",0.723264592420109
20050101,564.308233333333,464.148920397779,"1050915990",1.50355198752461e-08,0.000704615929579155,0.999295369034901,"above",0.00581865562594487
20060101,103.270166666667,121.541123515556,"1050915990",0.583838495894888,0.410927872318648,0.00523363178646363,"below",0.707125556807212
20070101,170.155266666667,180.986391877777,"1050915990",0.215809125833502,0.725029181325276,0.0591616928412215,"normal",0.731320177606448
20080101,443.8833,451.786216370556,"1050915990",4.81847662328715e-08,0.00141708101044657,0.998582870804787,"above",0.0107117920446867
20090101,251.9791,276.384187512778,"1050915990",0.0084642964243437,0.47559035559344,0.515945347982216,"above",0.73527787197545
20100101,212.467633333333,213.249548971111,"1050915990",0.0920629769119158,0.754100623769789,0.153836399318295,"normal",0.720386677091429
20110101,128.377933333333,113.017479887778,"1050915990",0.638646816201138,0.357918580350511,0.00343460344835123,"below",0.673602382340368
20120101,455.328566666667,437.347573549445,"1050915990",1.78090239955148e-07,0.00304641104871983,0.99695341086104,"above",0.0206949804422764
20130101,211.2381,201.381011531666,"1050915990",0.129475781772791,0.759178509640392,0.111345708586816,"normal",0.718266630881231
20140101,114.414766666667,105.673461521111,"1050915990",0.683731098961028,0.313915422946336,0.00235347809263597,"below",0.637903392554147
20150101,84.2011333333333,93.0592524544445,"1050915990",0.754891520035768,0.243918654438798,0.00118982552543412,"below",0.56442337221364
20160101,305.270866666667,299.033346609445,"1050915990",0.00281524638559877,0.334324137217232,0.66286061639717,"above",0.655395460007805
20170101,271.909933333333,277.060064118333,"1050915990",0.00820641630621631,0.471325507437546,0.520468076256237,"above",0.733827687415106
20180101,222.849833333333,231.82478528,"1050915990",0.0504967963793693,0.710098752186945,0.239404451433685,"normal",0.736131625573507
20190101,293.687,293.401839438889,"1050915990",0.0037476307732606,0.368568958201845,0.627683411024894,"above",0.681139745113446
20200101,168.102333333333,129.362351886667,"1050915990",0.532039049111798,0.46038382849334,0.00757712239486164,"below",0.729850597214867
20210101,178.121333333333,188.219789131667,"1050915990",0.181970322768849,0.743151612798163,0.0748780644329883,"normal",0.724745804876051
20220101,92.1858,101.034476135,"1050915990",0.710912135247992,0.28724764493879,0.00184021981321791,"below",0.612473007445371
20230101,52.8356333333333,88.7075494511112,"1050915990",0.777278280944398,0.221790418563503,0.000931300492098996,"below",0.536361402057598
20240101,236.514466666667,240.696248565,"1050915990",0.0368060484471749,0.675201252708494,0.287992698844331,"normal",0.745217677991684
20250101,196.554633333333,186.244352931666,"1050915990",0.190865260165294,0.738835102854402,0.0702996369803045,"normal",0.726384396317738
20260101,196.554633333333,187.923620152778,"1050915990",0.183287132566841,0.742535368418721,0.074177499014438,"normal",0.724982509445522
