"YYYY","Q","pred","HYBAS_ID","p_below","p_normal","p_above","class_hat","entropy"
19930101,1909.40086666667,2019.82089526111,"1050021910",0.214366411650951,0.777364363954758,0.00826922439429079,"normal",0.565567853054383
19940101,2153.02986666667,2496.28813900556,"1050021910",0.0270850436830628,0.86956627050229,0.103348685814647,"normal",0.453840013015091
19950101,2683.02743333333,2864.94746781111,"1050021910",0.0025316714211098,0.647422572080764,0.350045756498126,"normal",0.664047463232056
19960101,3570.9438,3212.16486018055,"1050021910",0.000142017866881557,0.329367504949009,0.670490477184109,"above",0.635073284540546
19970101,4302.9823,3401.64169281385,"1050021910",2.247492674813e-05,0.186101502388262,0.81387602268499,"above",0.480778863148242
19980101,1703.7466,2039.605180075,"1050021910",0.200888025390648,0.789718192717301,0.00939378189205065,"normal",0.552710206891771
19990101,3466.62156666667,3175.89441503336,"1050021910",0.00019772027211166,0.361121375886341,0.638680903841548,"above",0.655856057961019
20000101,3098.9989,3098.78403930277,"1050021910",0.00039032501120206,0.431567051118757,0.568042623870041,"above",0.686984765944063
20010101,1598.6216,1718.61164919167,"1050021910",0.470342855289169,0.528733561812443,0.000923582898388786,"normal",0.698176176591863
20020101,2764.77216666667,2928.48596896666,"1050021910",0.00156733432229312,0.590924377068618,0.407508288609089,"normal",0.686806135895311
20030101,2306.59413333333,2360.03696965555,"1050021910",0.0546705346344529,0.889074401227466,0.0562550641380808,"normal",0.425322607928732
20040101,1561.12716666667,1939.83974934999,"1050021910",0.273924439825663,0.72123739783043,0.00483816234390733,"normal",0.616189840065129
20050101,2963.53696666667,2892.16033504721,"1050021910",0.00206701330162896,0.623609313794553,0.374323672903818,"normal",0.675088657821811
20060101,3127.11293333333,2983.94043137222,"1050021910",0.0010136303956443,0.539593628889613,0.459392740714743,"normal",0.697223068186634
20070101,2118.3404,2068.24187573056,"1050021910",0.182304934742909,0.806437309504375,0.0112577557527159,"normal",0.534294881386296
20080101,2865.54753333333,2811.18703190832,"1050021910",0.00373632124342926,0.692344087469307,0.303919591287264,"normal",0.63740626015457
20090101,2514.41843333333,2221.45230657498,"1050021910",0.10181177613119,0.870561476975758,0.0276267468930521,"normal",0.452428310605723
20100101,2974.14026666667,2901.30239452778,"1050021910",0.001929214049753,0.615472210667077,0.38259857528317,"normal",0.678376624481733
20110101,3044.32363333333,2849.81892384167,"1050021910",0.00282903010131611,0.660368887139741,0.336802082758943,"normal",0.657152895816813
20120101,3696.32363333333,3078.05103855832,"1050021910",0.000466119614527656,0.450966265817063,0.548567614568409,"above",0.692092902898241
20130101,1666.87636666667,1776.97853573056,"1050021910",0.41553247367627,0.583001805259925,0.00146572106380505,"normal",0.689050132679008
20140101,689.8611,1137.59078061111,"1050021910",0.904659634593939,0.0953369152578247,3.45014823588397e-06,"below",0.314761114632403
20150101,1046.13423333333,1381.616521925,"1050021910",0.766609105354574,0.233345860528623,4.5034116802789e-05,"below",0.543771454904276
20160101,1906.2651,2439.85774362499,"1050021910",0.0366341780919353,0.882161676791428,0.0812041451166365,"normal",0.435632779482093
20170101,739.7871,1295.27828531944,"1050021910",0.824649903013397,0.175331268548575,1.882843802814e-05,"below",0.464459778795989
20180101,1496.71433333333,1449.03847928611,"1050021910",0.714725794263036,0.285187679184692,8.65265522719261e-05,"below",0.598653316553752
20190101,614.114533333333,1155.92828416667,"1050021910",0.897050016037229,0.102945751861223,4.2321015477631e-06,"below",0.331563793611328
20200101,3616.7906,2733.95513099166,"1050021910",0.0063659567308314,0.750730047764691,0.242903995504478,"normal",0.591163254743996
20210101,1681.8859,1907.68686141667,"1050021910",0.299981168451912,0.696154719242721,0.00386411230536643,"normal",0.634792742843126
20220101,1932.93343333333,2742.606035275,"1050021910",0.00600632292477693,0.74460043396368,0.249393243111544,"normal",0.596648741609622
20230101,2177.9998,2809.61858598332,"1050021910",0.00377813632467526,0.693606650323449,0.302615213351876,"normal",0.636546510681158
20240101,3558.88786666667,2922.56989044167,"1050021910",0.00164036258952209,0.596308316580362,0.402051320830116,"normal",0.685148577479283
20250101,2242.29696666666,2146.92855068333,"1050021910",0.136997190904725,0.844884522344108,0.0181182867511676,"normal",0.487401525459954
20260101,2242.29696666666,1702.18309205,"1050021910",0.485918692083812,0.513272936355283,0.00080837156090463,"normal",0.698776428636633
19930101,26.1199655172414,54.1464016699507,"1050021920",0.225099763366972,0.481576849276576,0.293323387356452,"normal",1.04730964186761
19940101,94.3780344827586,54.1464016699507,"1050021920",0.225099763366972,0.481576849276576,0.293323387356452,"normal",1.04730964186761
19950101,78.8454137931034,54.1464016699507,"1050021920",0.225099763366972,0.481576849276576,0.293323387356452,"normal",1.04730964186761
19960101,61.7601034482759,54.1464016699507,"1050021920",0.225099763366972,0.481576849276576,0.293323387356452,"normal",1.04730964186761
19970101,90.5406206896552,54.1464016699507,"1050021920",0.225099763366972,0.481576849276576,0.293323387356452,"normal",1.04730964186761
19980101,40.1078965517241,54.1464016699507,"1050021920",0.225099763366972,0.481576849276576,0.293323387356452,"normal",1.04730964186761
19990101,36.678724137931,54.1464016699507,"1050021920",0.225099763366972,0.481576849276576,0.293323387356452,"normal",1.04730964186761
20000101,51.6383103448276,54.1464016699507,"1050021920",0.225099763366972,0.481576849276576,0.293323387356452,"normal",1.04730964186761
20010101,48.8317586206897,54.1464016699507,"1050021920",0.225099763366972,0.481576849276576,0.293323387356452,"normal",1.04730964186761
20020101,30.3418620689655,54.1464016699507,"1050021920",0.225099763366972,0.481576849276576,0.293323387356452,"normal",1.04730964186761
20030101,30.7999310344828,54.1464016699507,"1050021920",0.225099763366972,0.481576849276576,0.293323387356452,"normal",1.04730964186761
20040101,35.6835862068965,54.1464016699507,"1050021920",0.225099763366972,0.481576849276576,0.293323387356452,"normal",1.04730964186761
20050101,149.131206896552,54.1464016699507,"1050021920",0.225099763366972,0.481576849276576,0.293323387356452,"normal",1.04730964186761
20060101,62.4085517241379,54.1464016699507,"1050021920",0.225099763366972,0.481576849276576,0.293323387356452,"normal",1.04730964186761
20070101,65.7780689655172,54.1464016699507,"1050021920",0.225099763366972,0.481576849276576,0.293323387356452,"normal",1.04730964186761
20080101,82.8861034482759,54.1464016699507,"1050021920",0.225099763366972,0.481576849276576,0.293323387356452,"normal",1.04730964186761
20090101,44.1446206896552,54.1464016699507,"1050021920",0.225099763366972,0.481576849276576,0.293323387356452,"normal",1.04730964186761
20100101,67.1942413793103,54.1464016699507,"1050021920",0.225099763366972,0.481576849276576,0.293323387356452,"normal",1.04730964186761
20110101,82.349,54.1464016699507,"1050021920",0.225099763366972,0.481576849276576,0.293323387356452,"normal",1.04730964186761
20120101,71.0393103448276,54.1464016699507,"1050021920",0.225099763366972,0.481576849276576,0.293323387356452,"normal",1.04730964186761
20130101,51.5651034482759,54.1464016699507,"1050021920",0.225099763366972,0.481576849276576,0.293323387356452,"normal",1.04730964186761
20140101,18.1479655172414,54.1464016699507,"1050021920",0.225099763366972,0.481576849276576,0.293323387356452,"normal",1.04730964186761
20150101,17.185724137931,54.1464016699507,"1050021920",0.225099763366972,0.481576849276576,0.293323387356452,"normal",1.04730964186761
20160101,28.8150344827586,54.1464016699507,"1050021920",0.225099763366972,0.481576849276576,0.293323387356452,"normal",1.04730964186761
20170101,22.8982068965517,54.1464016699507,"1050021920",0.225099763366972,0.481576849276576,0.293323387356452,"normal",1.04730964186761
20180101,46.903,54.1464016699507,"1050021920",0.225099763366972,0.481576849276576,0.293323387356452,"normal",1.04730964186761
20190101,24.9907931034483,54.1464016699507,"1050021920",0.225099763366972,0.481576849276576,0.293323387356452,"normal",1.04730964186761
20200101,115.906,54.1464016699507,"1050021920",0.225099763366972,0.481576849276576,0.293323387356452,"normal",1.04730964186761
20210101,29.3824482758621,54.1464016699507,"1050021920",0.225099763366972,0.481576849276576,0.293323387356452,"normal",1.04730964186761
20220101,36.7219310344828,54.1464016699507,"1050021920",0.225099763366972,0.481576849276576,0.293323387356452,"normal",1.04730964186761
20230101,45.431275862069,54.1464016699507,"1050021920",0.225099763366972,0.481576849276576,0.293323387356452,"normal",1.04730964186761
20240101,76.0936551724138,54.1464016699507,"1050021920",0.225099763366972,0.481576849276576,0.293323387356452,"normal",1.04730964186761
20250101,47.8673793103448,54.1464016699507,"1050021920",0.225099763366972,0.481576849276576,0.293323387356452,"normal",1.04730964186761
20260101,47.8673793103448,54.1464016699507,"1050021920",0.225099763366972,0.481576849276576,0.293323387356452,"normal",1.04730964186761
19930101,511.49,522.929788834769,"1050021940",0.0716370169267508,0.461896724242248,0.466466258831002,"above",0.901333903700132
19940101,725.450068965517,661.036207741954,"1050021940",0.00376376605382586,0.126595307126244,0.86964092681993,"above",0.40411969265948
19950101,727.014206896552,585.141416575286,"1050021940",0.0223084766979073,0.300311434540054,0.677380088762038,"above",0.709944566889149
19960101,485.840965517241,573.479649498563,"1050021940",0.0283139477758652,0.331742028230081,0.639944023994054,"above",0.752620363864784
19970101,393.202586206897,291.295861217242,"1050021940",0.713552977952084,0.269089092415073,0.0173579296328438,"below",0.664423751512904
19980101,410.442137931034,348.632241542816,"1050021940",0.524689401953727,0.421588691217822,0.0537219068284507,"below",0.859613872636492
19990101,260.307344827586,335.632746577873,"1050021940",0.569739829555378,0.387867840481412,0.0423923299632095,"below",0.821860799783001
20000101,513.785206896552,527.458746446264,"1050021940",0.0663745210195108,0.451378012770649,0.48224746620984,"above",0.890787791531734
20010101,484.262344827586,484.243345151436,"1050021940",0.130276951438507,0.533495121908501,0.336227926652992,"normal",0.967191350754613
20020101,362.729551724138,456.751921694541,"1050021940",0.188226849587289,0.558240260338556,0.253532890074155,"normal",0.987707533313011
20030101,538.797275862069,499.348238482184,"1050021940",0.104323115114139,0.50998530604326,0.385691578842602,"normal",0.946663147380511
20040101,246.053310344828,417.653306750287,"1050021940",0.293834327314835,0.548872553556096,0.157293119129068,"normal",0.980069332886071
20050101,793.475827586207,623.869471848276,"1050021940",0.00945663057177302,0.202580339173894,0.787963030254333,"above",0.555296115544617
20060101,869.884103448276,709.005970367817,"1050021940",0.000992593475970275,0.0602317506659851,0.938775655858045,"above",0.235399096155743
20070101,602.470931034483,578.135661339655,"1050021940",0.0257717884744681,0.319151441256825,0.655076770268707,"above",0.735884303137571
20080101,669.024310344828,670.92666561839,"1050021940",0.00289777583300997,0.109998778969604,0.887103445197386,"above",0.366002208967197
20090101,437.987068965517,477.794339814367,"1050021940",0.142617198736537,0.541494693902101,0.315888107361362,"normal",0.973943860999968
20100101,354.167275862069,469.700687612356,"1050021940",0.159190497323242,0.5496746397702,0.291134862906557,"normal",0.98072940839845
20110101,482.05824137931,374.817227604598,"1050021940",0.433578190643683,0.482719471869805,0.0837023374865123,"normal",0.921530705401548
20120101,579.008689655172,626.432970843965,"1050021940",0.00890187318463991,0.196690136356931,0.794407990458429,"above",0.544712462539593
20130101,360.326655172414,430.185036039655,"1050021940",0.257230169896471,0.557631304449564,0.185138525653965,"normal",0.987215699328549
20140101,160.695172413793,322.132744367242,"1050021940",0.615574400735951,0.35166905682591,0.0327565424381383,"below",0.778176532254393
20150101,180.972586206897,237.798794282184,"1050021940",0.848977169314189,0.146081660190256,0.00494117049555443,"below",0.446236594542401
20160101,263.772137931034,247.815388139655,"1050021940",0.827512459006149,0.166140594250369,0.00634694674348213,"below",0.486997244468415
20170101,128.493965517241,232.007619923563,"1050021940",0.860539602144252,0.135198804689302,0.00426159316644625,"below",0.423043570897744
20180101,483.330620689655,373.086069423851,"1050021940",0.439546673545448,0.479057549454542,0.0813957770000102,"normal",0.918043125148312
20190101,46.8535862068966,225.825316775863,"1050021940",0.872201763810332,0.124168746057124,0.00362949013254454,"below",0.398683088097913
20200101,796.29275862069,502.259095361207,"1050021940",0.0997853666891,0.504743524683288,0.395471108627612,"normal",0.941943963843888
20210101,422.970551724138,341.799134444828,"1050021940",0.548446416988907,0.404054316921248,0.0474992660898444,"below",0.84032159094873
20220101,321.354413793103,479.12510520431,"1050021940",0.140008146111098,0.539949393043756,0.320042460845146,"normal",0.972648494587385
20230101,471.354379310345,302.043561112643,"1050021940",0.680722234655162,0.297460367929566,0.0218173974152723,"below",0.705922036308171
20240101,471.272068965517,525.786135729309,"1050021940",0.068282049180496,0.455303278626773,0.476414672192731,"above",0.894750773610703
20250101,471.313224137931,342.280503488218,"1050021940",0.546777482828938,0.405304686438117,0.0479178307329451,"below",0.841721282034697
20260101,471.313224137931,493.950004153449,"1050021940",0.11313067898221,0.519118814043207,0.367750506974582,"normal",0.954761086412982
19930101,3699.25313333333,3403.45933427645,"1050022420",0.418009624596428,0.551873586383901,0.0301167890196702,"normal",0.798152162429552
19940101,2549.9019,2994.67300306239,"1050022420",0.684622648304834,0.310244267202368,0.00513308449279792,"below",0.649565256756886
19950101,4988.55023333333,4934.90936394101,"1050022420",0.00269157079443039,0.240179438743145,0.757128990462425,"above",0.569161892248915
19960101,4937.98873333333,4937.32197032712,"1050022420",0.00265809016551709,0.238944880550384,0.758397029284099,"above",0.567551177883912
19970101,4366.1077,4279.22766139438,"1050022420",0.0464602412452873,0.611123849935699,0.342415908819014,"normal",0.81052234322519
19980101,3279.27906666667,3655.96258786194,"1050022420",0.263776986873252,0.663294710426178,0.07292830270057,"normal",0.814775619994615
19990101,4706.45836666667,4979.42195346733,"1050022420",0.0021313111312299,0.217933195126983,0.779935493741787,"above",0.538993830083054
20000101,4044.23006666667,4885.04664294723,"1050022420",0.00347441228741295,0.266391371263559,0.730134216449028,"above",0.601699626965569
20010101,2757.81766666667,2916.66316332132,"1050022420",0.72969525557745,0.266816448106075,0.00348829631647485,"below",0.602201966124828
20020101,3976.93643333333,3359.32005872805,"1050022420",0.447200413784575,0.527409346940567,0.0253902392748581,"normal",0.790577140616074
20030101,4556.26653333333,4012.07817861721,"1050022420",0.109199698792029,0.694600153854022,0.196200147353949,"normal",0.814492054665288
20040101,3048.4826,3310.19599014247,"1050022420",0.48002051545043,0.499102591089676,0.0208768934598941,"normal",0.77992294819925
20050101,3874.14536666667,3325.56664169677,"1050022420",0.469726128519832,0.508064076329871,0.022209795150297,"normal",0.78351966803379
20060101,3707.87653333333,3103.02741181913,"1050022420",0.617298413593097,0.374149505915944,0.00855208049095946,"below",0.706334164115644
20070101,2656.8366,3086.88125855574,"1050022420",0.627619028657366,0.364440097361405,0.00794087398122956,"below",0.698621964148974
20080101,4413.23533333333,3511.43424430477,"1050022420",0.348778123392312,0.606415741408249,0.0448061351994393,"normal",0.809838939272733
20090101,4002.9134,3549.29254726021,"1050022420",0.325524304726017,0.623321277913312,0.0511544173606707,"normal",0.812058860506928
20100101,5347.7863,4937.19797193979,"1050022420",0.00265980172491973,0.239008253405418,0.758331944869662,"above",0.56763403661621
20110101,1838.77793333333,2697.13428605947,"1050022420",0.836747766863444,0.162172031647054,0.00108020148950183,"below",0.451520919961953
20120101,5290.0559,4560.4930703438,"1050022420",0.0156464220038177,0.457540573450415,0.526813004545768,"above",0.760435995187875
20130101,3283.81076666667,3538.28855182611,"1050022420",0.332218582124377,0.618541933567739,0.0492394843078832,"normal",0.811496855777923
20140101,2228.19346666667,2926.39041212989,"1050022420",0.724254901930033,0.272081509243906,0.00366358882606133,"below",0.608359317813105
20150101,2112.18326666667,2621.64162227708,"1050022420",0.866106098752101,0.133192902036486,0.000700999211413533,"below",0.398103397877819
20160101,5903.58426666667,4997.03913627732,"1050022420",0.00194048105431016,0.209448619100703,0.788610899844987,"above",0.526825205583219
20170101,3478.0535,3461.04681033985,"1050022420",0.380617060068903,0.582025227813994,0.0373577121171029,"normal",0.805480490999018
20180101,3581.95746666667,3218.62035685031,"1050022420",0.541393403411077,0.444344937681767,0.0142616589071555,"below",0.753250768674054
20190101,2901.2428,3414.93531159114,"1050022420",0.410486905922149,0.558054430097646,0.0314586639802049,"normal",0.799832686738788
20200101,4237.1146,2959.13947249234,"1050022420",0.705552744516327,0.290133940029601,0.00431331545407232,"below",0.628584193574843
20210101,4955.4285,4106.69919653594,"1050022420",0.0822697328077916,0.674548037063349,0.243182230128859,"normal",0.814913411460343
20220101,3980.73653333333,3548.53265012544,"1050022420",0.325984814725417,0.622994883583641,0.0510203016909414,"normal",0.812022114504103
20230101,5348.27333333333,4924.12787154982,"1050022420",0.0028458901877196,0.245735495421766,0.751418614390515,"above",0.576321629659029
20240101,3690.31243333333,4875.28785780868,"1050022420",0.00364965878781857,0.271669826911238,0.724680514300943,"above",0.607882156538252
20250101,3925.5409,3269.83889036373,"1050022420",0.507095164036374,0.475209234800233,0.0176956011633926,"below",0.769293848722369
20260101,3925.5409,4179.08655246201,"1050022420",0.0653007968596385,0.651828337691632,0.282870865448729,"normal",0.814354592121404
19930101,106.3453,122.54788263,"1050022430",0.78589599938119,0.211624839454912,0.00247916116389835,"below",0.532861838846323
19940101,344.707166666667,248.840929418161,"1050022430",0.100125976519068,0.669201275899281,0.230672747581651,"normal",0.837561335030316
19950101,268.6762,280.518977933532,"1050022430",0.0358649867560919,0.549890188325578,0.41424482491833,"normal",0.813286137241648
19960101,174.9791,206.473867358069,"1050022430",0.279146038393682,0.644794492073471,0.0760594695328468,"normal",0.835094471848031
19970101,198.9999,185.739941079775,"1050022430",0.403215223289115,0.558623474395054,0.0381613023158315,"normal",0.816141584120821
19980101,257.222733333333,213.388360889854,"1050022430",0.242313075371694,0.664033109456086,0.0936538151722205,"normal",0.837141664879237
19990101,230.880833333333,279.198540892354,"1050022430",0.0376073240906364,0.556573885961494,0.40581878994787,"normal",0.815487481927603
20000101,202.6933,206.913869228783,"1050022430",0.276723486110016,0.646178303238365,0.0770982106516189,"normal",0.835267454062341
20010101,288.234833333333,235.335182670503,"1050022430",0.144768533251197,0.686283142425038,0.168948324323764,"normal",0.838561570552056
20020101,357.129033333333,304.186797595767,"1050022430",0.0142862660241704,0.417484630030084,0.568229103945745,"above",0.746551029116066
20030101,50.4114666666667,107.976239880013,"1050022430",0.848836220083555,0.150015459614942,0.0011483203015028,"below",0.43147030534906
20040101,342.695733333333,289.921494907884,"1050022430",0.0252814971714957,0.499555369715082,0.475163133113423,"normal",0.793254655366537
20050101,463.600366666667,345.014328398665,"1050022430",0.00212143304392501,0.197758587165247,0.800119979790828,"above",0.511989426355249
20060101,307.372066666667,300.245847365661,"1050022430",0.0168081646552363,0.440516187675634,0.54267564766913,"above",0.761521999984583
20070101,259.407133333333,227.716063243558,"1050022430",0.175133858041561,0.685550029072206,0.139316112886233,"normal",0.838530752385388
20080101,261.5004,330.611032681786,"1050022430",0.00435684509781731,0.268026623241358,0.727616531660825,"above",0.607954490578779
20090101,171.682466666667,221.541838453333,"1050022430",0.202501203796625,0.679439996266717,0.118058799936658,"normal",0.838231805519189
20100101,92.2390333333333,137.526067986759,"1050022430",0.707602941520234,0.287221333713174,0.00517572476659256,"below",0.630293247871727
20110101,415.421966666667,343.522344384498,"1050022430",0.00229109648581567,0.204513426083469,0.793195477430716,"above",0.522286589126737
20120101,158.942433333333,206.844045513889,"1050022430",0.277107231363823,0.645960111209278,0.0769326574268991,"normal",0.835240445734786
20130101,217.228033333333,185.728961865146,"1050022430",0.403284997198118,0.558568644915213,0.0381463578866682,"normal",0.816124213451517
20140101,254.301133333333,306.44997523418,"1050022430",0.0129908715716004,0.404226471155299,0.582782657273101,"above",0.737234435572383
20150101,144.817266666667,158.137562572514,"1050022430",0.58240836163156,0.404568654443544,0.0130229839248968,"below",0.737481456402198
20160101,67.7801666666667,108.640632154445,"1050022430",0.84626589422888,0.152543399533968,0.00119070623715245,"below",0.436105682607494
20170101,142.1723,191.825999976759,"1050022430",0.365071241584641,0.587718945948171,0.0472098124671881,"normal",0.824383898473403
20180101,295.5439,311.289857523585,"1050022430",0.010557242889304,0.375938602591541,0.613504154519155,"above",0.715575861316394
20190101,111.713766666667,177.768875997262,"1050022430",0.454544062999159,0.516953821608498,0.0285021153923428,"normal",0.800881198354048
20200101,170.5225,304.52964620709,"1050022430",0.014083147149359,0.415476559571327,0.570440293279314,"above",0.745173269886019
20210101,267.669566666667,195.34952518459,"1050022430",0.343557044008765,0.603254319478061,0.0531886365131745,"normal",0.828002406520333
20220101,329.148133333333,234.277075980595,"1050022430",0.148759411280243,0.686633579559282,0.164607009160476,"normal",0.838575920634965
20230101,321.5413,209.023367235,"1050022430",0.265254179939917,0.652517359001044,0.0822284610590385,"normal",0.836008668892302
20240101,272.3723,199.319190087222,"1050022430",0.319915015848738,0.619457888533939,0.0606270956173226,"normal",0.831210591120845
20250101,255.761933333333,207.045588062116,"1050022430",0.276000280146289,0.646588464715979,0.0774112551377317,"normal",0.835317954846767
20260101,255.761933333333,238.097518969114,"1050022430",0.134692190899131,0.684682808083284,0.180625001017585,"normal",0.838492901853572
19930101,18.8626333333333,149.916725953015,"1050022910",0.338567403403973,0.402184933574206,0.259247663021821,"normal",1.08298373960359
19940101,233.434133333333,188.096034764848,"1050022910",0.192117057019849,0.383981038208806,0.423901904771344,"above",1.04827325293631
19950101,321.964333333333,228.780017824587,"1050022910",0.0879266640312805,0.297373070463647,0.614700265505073,"above",0.87354212979962
19960101,140.135833333333,150.375392644834,"1050022910",0.336575585091065,0.402408158108589,0.261016256800346,"normal",1.08340545863821
19970101,174.295233333333,148.795174000549,"1050022910",0.343456849514205,0.401593895545387,0.254949254940408,"normal",1.08186669094586
19980101,204.862433333333,178.686366603282,"1050022910",0.224138301867098,0.395203029666666,0.380658668466236,"normal",1.06974600939782
19990101,132.717566666667,132.471391168697,"1050022910",0.417206333963093,0.385963209132309,0.196830456904598,"below",1.05208386009585
20000101,193.1557,134.903377452326,"1050022910",0.405960437261582,0.389096474692331,0.204943088046087,"below",1.0580917001975
20010101,145.6732,186.680886929984,"1050022910",0.196745685791546,0.385928629189064,0.417325685019391,"above",1.05201744826047
20020101,279.362,183.086556221414,"1050022910",0.208801804226304,0.390467764309314,0.400730431464382,"above",1.06071505564185
20030101,26.8303,106.684822904382,"1050022910",0.538802404399454,0.338063174758907,0.123134420841639,"below",0.957738375060645
20040101,196.158266666667,137.821187273223,"1050022910",0.392570490064824,0.392495347472267,0.214934162462909,"below",1.06458727726125
20050101,406.476133333333,207.274384428285,"1050022910",0.136091762034539,0.349547284383755,0.514360953581706,"above",0.980802431200905
20060101,202.3919,151.210629905916,"1050022910",0.332960245733727,0.402787008999907,0.264252745266366,"normal",1.08412097570922
20070101,149.343566666667,193.694909435284,"1050022910",0.174466326315772,0.375422732558304,0.450110941125925,"above",1.03173103409465
20080101,241.118766666667,209.700951893317,"1050022910",0.129895181351646,0.344253885002993,0.525850933645362,"above",0.970207777997583
20090101,134.474733333333,189.706737228771,"1050022910",0.186930650938386,0.381656708668569,0.431412640393044,"above",1.04379500628393
20100101,72.8143333333333,135.709661553748,"1050022910",0.402248627691183,0.39007540791633,0.207675964392486,"below",1.05996482749135
20110101,371.559066666667,229.735967087076,"1050022910",0.0861273772849113,0.294835876711969,0.61903674600312,"above",0.868156151806866
20120101,95.1127666666667,169.729909849179,"1050022910",0.257249759687169,0.401918825361664,0.340831414951167,"normal",1.08248088210194
20130101,123.8153,220.046031723696,"1050022910",0.105680146412959,0.319840074187056,0.574479779399985,"above",0.920524279802245
20140101,188.326533333333,229.062801641717,"1050022910",0.0873915131269428,0.296623905029335,0.615984581843722,"above",0.871953536857069
20150101,98.5874666666667,180.228534649149,"1050022910",0.218691692895331,0.393648385359551,0.387659921745118,"normal",1.06678578684549
20160101,58.5318,116.29322955227,"1050022910",0.493308118077861,0.358742277958051,0.147949603964088,"below",0.999061517398914
20170101,141.268833333333,132.846994178003,"1050022910",0.415464808993107,0.386464648847186,0.198070542159707,"below",1.0530466272663
20180101,111.9039,152.210108636603,"1050022910",0.328654329709997,0.403193331997309,0.268152338292694,"normal",1.08488807959318
20190101,67.1318666666667,118.668413537213,"1050022910",0.482052490575636,0.363380247677617,0.154567261746747,"below",1.008203153612
20200101,64.4021,177.865621522065,"1050022910",0.227068126703039,0.395983574420055,0.376948298876906,"normal",1.0712305155584
20210101,127.978766666667,129.962819397247,"1050022910",0.42887767713454,0.382452970506441,0.188669352359019,"below",1.0453303530143
20220101,191.7756,192.9489744635,"1050022910",0.176756575857808,0.376639471527236,0.446603952614956,"above",1.0340917789247
20230101,326.777866666667,131.370956186281,"1050022910",0.422317859132587,0.384457708722043,0.19322443214537,"below",1.0491903290187
20240101,334.156366666667,169.363263619648,"1050022910",0.258657393925724,0.402107859132634,0.339234746941642,"normal",1.08283810776713
20250101,147.508383333333,130.632507384715,"1050022910",0.425755363201819,0.383417271913435,0.190827364884746,"below",1.04718803388131
20260101,147.508383333333,145.192288267119,"1050022910",0.359338268405101,0.399264313163585,0.241397418431314,"normal",1.07745743804879
19930101,20.3619,152.846834984483,"1050022920",0.475999561974225,0.274993572831522,0.249006865194253,"below",1.05455947928018
19940101,205.118766666667,161.644766958476,"1050022920",0.429601419390561,0.282804067305713,0.287594513303726,"below",1.07855230068364
19950101,273.961333333333,311.344478249037,"1050022920",0.014948284702027,0.060888774897128,0.924162940400845,"above",0.306125667882395
19960101,197.5659,142.234696865937,"1050022920",0.532343459022938,0.261256736935914,0.206399804041147,"below",1.01198350659471
19970101,127.571033333333,141.759694890145,"1050022920",0.53485870163977,0.26054182128101,0.20459947707922,"below",1.0097540911076
19980101,174.295,127.362294253414,"1050022920",0.609980913021214,0.235462378668744,0.154556708310042,"below",0.930644462898181
19990101,162.2886,154.139074572334,"1050022920",0.469148797464592,0.276354249111433,0.254496953423974,"below",1.05875028781014
20000101,195.133833333333,136.284804840509,"1050022920",0.563723836138179,0.251745271181389,0.184530892680431,"below",0.982208856884348
20010101,176.911033333333,155.024688333732,"1050022920",0.464458892078616,0.277245315605268,0.258295792316116,"below",1.06149219326879
20020101,219.0684,155.753317706237,"1050022920",0.460603991970663,0.277952869214952,0.261443138814386,"below",1.06366798922842
20030101,28.9229,112.187633891275,"1050022920",0.684884855258392,0.203734331700735,0.111380813040874,"below",0.827819442070942
20040101,149.669333333333,127.114306479605,"1050022920",0.611247756184229,0.234979866271245,0.153772377544526,"below",0.929104586330902
20050101,403.499966666667,249.871000815209,"1050022920",0.0880912454534372,0.181256062218034,0.730652692328529,"above",0.75285574179861
20060101,150.408,154.139074572334,"1050022920",0.469148797464592,0.276354249111433,0.254496953423974,"below",1.05875028781014
20070101,173.622133333333,157.155310269427,"1050022920",0.453197301111271,0.279248670887378,0.267554028001351,"below",1.06764945610965
20080101,310.599566666667,301.053630859469,"1050022920",0.0209566900928974,0.07643387342399,0.902609436483113,"above",0.370026677731405
20090101,199.513,167.349791492485,"1050022920",0.399986301478266,0.285974136728478,0.314039561793256,"below",1.0882473011357
20100101,58.9327666666667,131.153566912076,"1050022920",0.590475299656043,0.242648337024744,0.166876363319213,"below",0.953495601099521
20110101,454.9565,324.756316364614,"1050022920",0.00938393591086125,0.0440649430252912,0.946551121063848,"above",0.233380394567321
20120101,153.290133333333,154.139074572334,"1050022920",0.469148797464592,0.276354249111433,0.254496953423974,"below",1.05875028781014
20130101,151.4837,154.167545721223,"1050022920",0.468997953935839,0.276383422736666,0.254618623327495,"below",1.05884008978275
20140101,223.8364,268.71831457975,"1050022920",0.0543947410806132,0.13889337323638,0.806711885683006,"above",0.605824505334149
20150101,120.6204,251.875550088079,"1050022920",0.0839004408107523,0.176701844796351,0.739397714392897,"above",0.73742998679994
20160101,25.3659,127.183486937227,"1050022920",0.610894466806461,0.235114618533819,0.153990914659721,"below",0.929534701413283
20170101,173.385833333333,154.779845681681,"1050022920",0.465755028602982,0.277002362591363,0.257242608805655,"below",1.06074479932277
20180101,147.880533333333,172.533274387387,"1050022920",0.373563883161884,0.287506400189971,0.338929716648145,"below",1.09292464591745
20190101,109.2158,127.310920133785,"1050022920",0.610243453659994,0.235362539828661,0.154394006511345,"below",0.930325897457482
20200101,80.7470666666667,161.203017372169,"1050022920",0.431913466419217,0.282495043846605,0.285591489734178,"below",1.07760590007695
20210101,151.034533333333,154.847142246147,"1050022920",0.465398740422381,0.27706939919392,0.257531860383699,"below",1.06095103817811
20220101,162.632533333333,156.450264215791,"1050022920",0.456920170109756,0.278607878959442,0.264471950930802,"below",1.06568108978558
20230101,335.171933333333,157.216810147753,"1050022920",0.452872752226231,0.279303519632384,0.267823728141385,"below",1.06781789133418
20240101,326.673233333333,152.003928988163,"1050022920",0.480472153249902,0.274067820776123,0.245460025973975,"below",1.05170553268164
20250101,168.009183333333,155.024688333732,"1050022920",0.464458892078616,0.277245315605268,0.258295792316116,"below",1.06149219326879
20260101,168.009183333333,154.779845681681,"1050022920",0.465755028602982,0.277002362591363,0.257242608805655,"below",1.06074479932277
19930101,204.069833333333,575.057324870715,"1050023020",0.320739681660482,0.641521526909558,0.0377387914299598,"normal",0.77317324185945
19940101,443.5993,573.711024684482,"1050023020",0.322407792725773,0.640234412572507,0.0373577947017205,"normal",0.773242623445425
19950101,1117.0665,852.185682162573,"1050023020",0.0772448124238443,0.716456599864957,0.206298587711199,"normal",0.762328223210981
19960101,1413.92973333333,1195.34811671503,"1050023020",0.00452188905594056,0.352208504742844,0.643269606201215,"above",0.675758697335152
19970101,593.0178,505.536263511825,"1050023020",0.410892309177656,0.567308542132893,0.021799148689451,"normal",0.770438510140871
19980101,327.616933333333,491.876601355074,"1050023020",0.42935380481483,0.551192410137253,0.0194537850479162,"normal",0.767979327744732
19990101,1561.59343333333,1184.26117625194,"1050023020",0.00505477167703306,0.366069516900993,0.628875711421974,"above",0.686287858664373
20000101,521.918166666667,483.57617177652,"1050023020",0.440650809582683,0.541213110118672,0.0181360802986457,"normal",0.766110996206312
20010101,378.745233333333,555.982673917287,"1050023020",0.344697043063262,0.622675315246897,0.0326276416898409,"normal",0.773784393090561
20020101,651.392466666667,761.342593183785,"1050023020",0.133554430951849,0.737930287205635,0.128515281842516,"normal",0.756815090867183
20030101,856.045066666667,731.109731399799,"1050023020",0.157397927114542,0.734739019479263,0.107863053406195,"normal",0.75770068328788
20040101,669.016033333333,537.602522247924,"1050023020",0.368388341604299,0.603355105102837,0.0282565532928646,"normal",0.773498884766024
20050101,1219.61993333333,1264.38847024638,"1050023020",0.00219205945132462,0.270088167852059,0.727719772696616,"above",0.598266940327001
20060101,342.378933333333,503.523313444605,"1050023020",0.413601543412639,0.564959258278619,0.021439198308742,"normal",0.77012257226968
20070101,1005.3847,1060.51036633086,"1050023020",0.0160096415630912,0.523426329443633,0.460564028993276,"normal",0.762114480809945
20080101,1741.93836666667,1287.3066072259,"1050023020",0.00170379105870602,0.244913075338882,0.753383133602412,"above",0.568761997127566
20090101,1296.6434,989.569603493139,"1050023020",0.0287901427927983,0.605900605589368,0.365309251617833,"normal",0.773589900581136
20100101,334.7502,473.521910873816,"1050023020",0.454398913645026,0.528958546587975,0.0166425397669987,"normal",0.763449804663605
20110101,1653.7955,1287.99876975924,"1050023020",0.00169072082918924,0.244171743459688,0.754137535711123,"above",0.56784781321393
20120101,545.117166666667,592.162089658774,"1050023020",0.299870118472181,0.657268822377316,0.0428610591505033,"normal",0.771999589324051
20130101,439.3219,1106.09960442715,"1050023020",0.0106731551858174,0.465954288323876,0.523372556490307,"above",0.743154333207305
20140101,996.443333333333,1095.61900201509,"1050023020",0.0117390447407615,0.479332830430298,0.508928124828941,"above",0.748415071684383
20150101,574.1346,589.035939158624,"1050023020",0.30363826818504,0.654476669093272,0.0418850627216881,"normal",0.772251311030796
20160101,135.026933333333,475.169429253999,"1050023020",0.452141917824223,0.530978267633784,0.0168798145419929,"normal",0.763916460999983
20170101,857.7228,556.397993473175,"1050023020",0.344168276266841,0.623099206561795,0.0327325171713648,"normal",0.773780247197441
20180101,299.731933333333,496.084970342382,"1050023020",0.423647583157054,0.556200040370858,0.0201523764720881,"normal",0.768816855427823
20190101,670.397833333333,735.128315820274,"1050023020",0.154076626800537,0.735461961930591,0.110461411268872,"normal",0.757502081377104
20200101,360.279466666667,603.906562565755,"1050023020",0.285906757466768,0.667400168827213,0.0466930737060191,"normal",0.77092946027958
20210101,546.619466666667,810.787218841624,"1050023020",0.100148027799683,0.731946224136605,0.167905748063712,"normal",0.758456781806337
20220101,639.288,543.812848770872,"1050023020",0.36032201880851,0.610002496517518,0.0296754846739726,"normal",0.773702329978089
20230101,1320.8868,611.628195921687,"1050023020",0.276897989314048,0.673743046177301,0.0493589645086507,"normal",0.770135044878015
20240101,1118.01386666667,475.169429253999,"1050023020",0.452141917824223,0.530978267633784,0.0168798145419929,"normal",0.763916460999983
20250101,645.340233333334,555.982673917287,"1050023020",0.344697043063262,0.622675315246897,0.0326276416898409,"normal",0.773784393090561
20260101,645.340233333334,547.23317303174,"1050023020",0.355905650756165,0.613612463761637,0.0304818854821985,"normal",0.773766435284287
19930101,286.849066666667,371.102924600002,"1050023050",0.429153126444253,0.567222065892509,0.00362480766323825,"normal",0.705027093751771
19940101,447.365466666667,535.840082966662,"1050023050",0.0606251355157439,0.84497510002983,0.0943997644544265,"normal",0.535073392325455
19950101,560.2754,577.361506016667,"1050023050",0.0290391188984426,0.804583197673927,0.166377683427631,"normal",0.576111450752789
19960101,598.142566666667,668.571526983334,"1050023050",0.00397486342496204,0.578991563654785,0.417033572920253,"normal",0.703104896486337
19970101,392.191933333333,384.627871400001,"1050023050",0.385490741781261,0.60946228766589,0.00504697055284975,"normal",0.695950166774952
19980101,373.4886,381.732488816666,"1050023050",0.394736642948792,0.600557030751362,0.00470632629984535,"normal",0.698365219215108
19990101,1357.14766666667,1061.39749878333,"1050023050",1.57607983362132e-09,0.00110747648650233,0.998892521937418,"above",0.00864401745241854
20000101,338.487733333333,339.541907883333,"1050023050",0.53352515866683,0.464874724726706,0.00160011660646386,"below",0.701575855652817
20010101,212.099733333333,343.253955016668,"1050023050",0.521230033905984,0.477002471936012,0.00176749415800437,"below",0.703910605182592
20020101,384.1715,391.871169983332,"1050023050",0.362654160018847,0.631348698296866,0.00599714168428722,"normal",0.688881709262248
20030101,765.167433333333,710.223945250003,"1050023050",0.00134614621873883,0.444105276268049,0.554548577513212,"above",0.696338462486594
20040101,589.3965,512.566856166661,"1050023050",0.0875723622805168,0.846628479305612,0.0657991584138709,"normal",0.533271326163153
20050101,486.257133333333,426.244573933338,"1050023050",0.261917790164082,0.725083208794411,0.0129990010415069,"normal",0.640442517430503
20060101,195.977933333333,314.543143799999,"1050023050",0.614927476004561,0.384272425727013,0.00080009826842542,"below",0.672233893542245
20070101,436.385433333333,432.196245833336,"1050023050",0.246048729268487,0.739200132527124,0.0147511382043888,"normal",0.630589421195492
20080101,1272.62173333333,980.945231066668,"1050023050",7.44512671835432e-08,0.00841893778623382,0.991580987762499,"above",0.0486042469468053
20090101,709.515633333333,674.532554866672,"1050023050",0.00342749529900022,0.560083858874532,0.436488645826467,"normal",0.705963318403642
20100101,569.631333333333,575.835467933331,"1050023050",0.0298904186501825,0.806882044986351,0.163227536363466,"normal",0.573928712256617
20110101,440.303233333333,422.039817550003,"1050023050",0.273437224504522,0.714690435842831,0.011872339652647,"normal",0.647266651272947
20120101,783.968133333333,688.424019416666,"1050023050",0.002405534412647,0.515248625257273,0.48234584033008,"normal",0.70784506173607
20130101,305.300366666667,367.23084031667,"1050023050",0.441840139570608,0.554869813110165,0.00329004731922677,"normal",0.706537293570702
20140101,341.705433333333,415.708763616668,"1050023050",0.291241856265372,0.69842223489262,0.0103359088420081,"normal",0.6572191417486
20150101,223.304533333333,282.468341400002,"1050023050",0.711962147950701,0.287727967189246,0.000309884860052345,"below",0.602813116374004
20160101,271.2379,313.644592983336,"1050023050",0.617783007989375,0.381437166021342,0.000779825989282945,"below",0.670748824839473
20170101,890.794333333333,942.028546000009,"1050023050",4.11086385365659e-07,0.0193976144738836,0.980601974439731,"above",0.0956918356183923
20180101,292.875666666667,362.44224955,"1050023050",0.457611617259676,0.539473743960674,0.00291463877965015,"normal",0.707688698473255
20190101,452.1272,493.45756718333,"1050023050",0.115688209904341,0.836541162775924,0.0477706273197354,"normal",0.544115291076442
20200101,646.425066666667,708.864519083334,"1050023050",0.00139701729479522,0.44852905696786,0.550073925737344,"above",0.697586231129122
20210101,614.526933333333,538.998537649998,"1050023050",0.0575321335499287,0.843569233894904,0.0988986325551675,"normal",0.536598068072852
20220101,860.701133333333,659.580465950001,"1050023050",0.00494903641686552,0.606966787999435,0.388084175583699,"normal",0.69665386249936
20230101,843.457466666667,605.164817116667,"1050023050",0.0167308859003487,0.75276486561883,0.230504248480821,"normal",0.620486423988001
20240101,927.931733333333,660.38535815,"1050023050",0.00485388043550607,0.604492991682587,0.390653127881907,"normal",0.697330746448711
20250101,469.192166666666,657.749477766667,"1050023050",0.00517171564007687,0.612569649510613,0.38225863484931,"normal",0.69504464499889
20260101,469.192166666666,459.561599733336,"1050023050",0.180168440465847,0.794181602237517,0.0256499572966363,"normal",0.585758996611504
19930101,12.5849,31.3140985642857,"1050023060",0.240779135289541,0.423772851848359,0.3354480128621,"normal",1.0730788218956
19940101,8.4777,31.3140985642857,"1050023060",0.240779135289541,0.423772851848359,0.3354480128621,"normal",1.0730788218956
19950101,20.4066666666667,31.3140985642857,"1050023060",0.240779135289541,0.423772851848359,0.3354480128621,"normal",1.0730788218956
19960101,46.7091,31.3140985642857,"1050023060",0.240779135289541,0.423772851848359,0.3354480128621,"normal",1.0730788218956
19970101,35.5319333333333,31.3140985642857,"1050023060",0.240779135289541,0.423772851848359,0.3354480128621,"normal",1.0730788218956
19980101,10.074,31.3140985642857,"1050023060",0.240779135289541,0.423772851848359,0.3354480128621,"normal",1.0730788218956
19990101,94.6697333333333,31.3140985642857,"1050023060",0.240779135289541,0.423772851848359,0.3354480128621,"normal",1.0730788218956
20000101,15.0290333333333,31.3140985642857,"1050023060",0.240779135289541,0.423772851848359,0.3354480128621,"normal",1.0730788218956
20010101,11.4233333333333,31.3140985642857,"1050023060",0.240779135289541,0.423772851848359,0.3354480128621,"normal",1.0730788218956
20020101,34.4594,31.3140985642857,"1050023060",0.240779135289541,0.423772851848359,0.3354480128621,"normal",1.0730788218956
20030101,17.5149333333333,31.3140985642857,"1050023060",0.240779135289541,0.423772851848359,0.3354480128621,"normal",1.0730788218956
20040101,25.7385666666667,31.3140985642857,"1050023060",0.240779135289541,0.423772851848359,0.3354480128621,"normal",1.0730788218956
20050101,16.6601666666667,31.3140985642857,"1050023060",0.240779135289541,0.423772851848359,0.3354480128621,"normal",1.0730788218956
20060101,28.322,31.3140985642857,"1050023060",0.240779135289541,0.423772851848359,0.3354480128621,"normal",1.0730788218956
20070101,29.5218666666667,31.3140985642857,"1050023060",0.240779135289541,0.423772851848359,0.3354480128621,"normal",1.0730788218956
20080101,80.5621666666667,31.3140985642857,"1050023060",0.240779135289541,0.423772851848359,0.3354480128621,"normal",1.0730788218956
20090101,62.8045,31.3140985642857,"1050023060",0.240779135289541,0.423772851848359,0.3354480128621,"normal",1.0730788218956
20100101,27.0217333333333,31.3140985642857,"1050023060",0.240779135289541,0.423772851848359,0.3354480128621,"normal",1.0730788218956
20110101,39.3411,31.3140985642857,"1050023060",0.240779135289541,0.423772851848359,0.3354480128621,"normal",1.0730788218956
20120101,25.9471333333333,31.3140985642857,"1050023060",0.240779135289541,0.423772851848359,0.3354480128621,"normal",1.0730788218956
20130101,12.5806666666667,31.3140985642857,"1050023060",0.240779135289541,0.423772851848359,0.3354480128621,"normal",1.0730788218956
20140101,17.5462333333333,31.3140985642857,"1050023060",0.240779135289541,0.423772851848359,0.3354480128621,"normal",1.0730788218956
20150101,14.3094,31.3140985642857,"1050023060",0.240779135289541,0.423772851848359,0.3354480128621,"normal",1.0730788218956
20160101,26.0822666666667,31.3140985642857,"1050023060",0.240779135289541,0.423772851848359,0.3354480128621,"normal",1.0730788218956
20170101,48.6887666666667,31.3140985642857,"1050023060",0.240779135289541,0.423772851848359,0.3354480128621,"normal",1.0730788218956
20180101,37.2724333333333,31.3140985642857,"1050023060",0.240779135289541,0.423772851848359,0.3354480128621,"normal",1.0730788218956
20190101,46.2510333333333,31.3140985642857,"1050023060",0.240779135289541,0.423772851848359,0.3354480128621,"normal",1.0730788218956
20200101,28.3471666666667,31.3140985642857,"1050023060",0.240779135289541,0.423772851848359,0.3354480128621,"normal",1.0730788218956
20210101,39.7404666666667,31.3140985642857,"1050023060",0.240779135289541,0.423772851848359,0.3354480128621,"normal",1.0730788218956
20220101,55.825,31.3140985642857,"1050023060",0.240779135289541,0.423772851848359,0.3354480128621,"normal",1.0730788218956
20230101,46.7042333333333,31.3140985642857,"1050023060",0.240779135289541,0.423772851848359,0.3354480128621,"normal",1.0730788218956
20240101,29.8141666666667,31.3140985642857,"1050023060",0.240779135289541,0.423772851848359,0.3354480128621,"normal",1.0730788218956
20250101,28.3345833333333,31.3140985642857,"1050023060",0.240779135289541,0.423772851848359,0.3354480128621,"normal",1.0730788218956
20260101,28.3345833333333,31.3140985642857,"1050023060",0.240779135289541,0.423772851848359,0.3354480128621,"normal",1.0730788218956
19930101,18.7552666666667,25.6674263222224,"1050023130",0.533725706387513,0.4617393712235,0.0045349223889869,"below",0.716393545123513
19940101,28.8449666666667,36.4055500333336,"1050023130",0.420824667220859,0.569139010797717,0.0100363219814239,"normal",0.731206887950199
19950101,117.002166666667,121.320250661113,"1050023130",0.00716390295174091,0.523060243268774,0.469775853779485,"normal",0.729269548442823
19960101,87.5494,89.722899401668,"1050023130",0.0534796312799578,0.765835752802761,0.180684615917281,"normal",0.670079889195838
19970101,28.9166333333333,38.5375570892861,"1050023130",0.398876909513158,0.58947421167981,0.0116488788070319,"normal",0.730027337440283
19980101,26.5987333333333,33.2335286888889,"1050023130",0.453918911010839,0.538083054455351,0.00799803453381032,"normal",0.730613662198233
19990101,126.576966666667,123.728349107222,"1050023130",0.00599018597539271,0.498816752311919,0.495193061712689,"normal",0.725616276116481
20000101,28.4928333333333,30.4493811000001,"1050023130",0.483240617250422,0.510240746814232,0.00651863593534596,"normal",0.727568091653908
20010101,20.9201333333333,29.0351567666667,"1050023130",0.498179615381876,0.495956116048859,0.0058642685692647,"below",0.725062690709383
20020101,47.2884333333333,38.2741974083338,"1050023130",0.401572295673061,0.586989486772347,0.0114382175545917,"normal",0.73023721001706
20030101,53.5374666666667,51.9557924250007,"1050023130",0.270379103531484,0.701753565377154,0.0278673310913617,"normal",0.701952564563809
20040101,57.5331333333333,46.278568347222,"1050023130",0.32229420843602,0.658172195369581,0.0195335961943985,"normal",0.717113441163212
20050101,45.7063,42.0338000083334,"1050023130",0.363596871829428,0.621622153212568,0.0147809749580041,"normal",0.7256809408608
20060101,61.7590333333333,61.6657663694448,"1050023130",0.192462675566849,0.75866775130142,0.0488695731317317,"normal",0.674205377651906
20070101,100.803866666667,114.215668086112,"1050023130",0.0118871381655716,0.592228266350809,0.395884595483619,"normal",0.729773444015755
20080101,223.605466666667,188.567992927776,"1050023130",1.16771141237901e-05,0.0440508509955388,0.955937471890337,"above",0.18075466598856
20090101,156.877933333333,137.390748552779,"1050023130",0.00202269276377971,0.361210671600322,0.636766635635898,"above",0.667771969771858
20100101,24.6552666666667,32.5199137805561,"1050023130",0.461416980669213,0.530989898681533,0.00759312064925377,"normal",0.730065856757908
20110101,171.2574,152.483032364446,"1050023130",0.000529520352919914,0.226223737552378,0.773246742094702,"above",0.539061014233905
20120101,57.6761333333333,54.6022732333339,"1050023130",0.247693860860957,0.719642123110763,0.0326640160282797,"normal",0.694194542337254
20130101,17.5995,25.3012798666668,"1050023130",0.537579252582133,0.458012751003706,0.00440799641416145,"below",0.715217684301893
20140101,28.0009,38.7716358166665,"1050023130",0.396485239721671,0.591675822886203,0.0118389373921259,"normal",0.729826164512381
20150101,21.6521666666667,24.1202080166668,"1050023130",0.549983737039528,0.445996338053181,0.00401992490729164,"below",0.711110081322103
20160101,50.9322333333333,67.0178548583335,"1050023130",0.156099429168778,0.778906991380718,0.0649935794505048,"normal",0.662195878314663
20170101,91.6212666666667,102.281933654921,"1050023130",0.0259075867974882,0.693170610399028,0.280921802803484,"normal",0.705359148086617
20180101,132.871833333333,124.61935546881,"1050023130",0.00560118027535769,0.489790828610147,0.504607991114495,"above",0.723780681902905
20190101,109.003666666667,117.010399871588,"1050023130",0.00977740123257963,0.565563826171678,0.424658772595743,"normal",0.731286901894833
20200101,62.2429,97.2537677969849,"1050023130",0.0350329794906505,0.727133058534461,0.237833961974888,"normal",0.690682680236529
20210101,130.378866666667,117.010399871588,"1050023130",0.00977740123257963,0.565563826171678,0.424658772595743,"normal",0.731286901894833
20220101,239.153033333333,117.713922304921,"1050023130",0.009300891804135,0.558726755547106,0.431972352648759,"normal",0.73133304013429
20230101,279.0561,121.168846566032,"1050023130",0.00724405607286988,0.524575117116577,0.468180826810553,"normal",0.729436736370997
20240101,157.468333333333,82.1637475296038,"1050023130",0.0790056919715004,0.78813580238965,0.132858505638849,"normal",0.656349234851763
20250101,59.7175833333333,56.4847186138892,"1050023130",0.232198596753936,0.731326609614295,0.0364747936317695,"normal",0.688649077510085
20260101,59.7175833333333,53.6268517999999,"1050023130",0.255935050144251,0.713242612548116,0.0308223373076328,"normal",0.697071848776373
19930101,21.7625,46.7583512633729,"1050023140",0.3738724281451,0.565337506526325,0.0607900653285753,"normal",0.860493345939835
19940101,29.0091666666667,104.708448376191,"1050023140",0.0721674160389251,0.58691213814464,0.340920445816435,"normal",0.869331703730942
19950101,117.265566666667,122.964486077877,"1050023140",0.034500603822582,0.485987108015818,0.4795122881616,"normal",0.8192658561434
19960101,91.5685333333333,53.3381959165872,"1050023140",0.326048135468797,0.595993259703515,0.0779586048276887,"normal",0.872764855836863
19970101,30.8134666666667,37.6226359490476,"1050023140",0.443470551831696,0.514500693346022,0.0420287548222823,"normal",0.835718228896704
19980101,26.6606,49.7331156013888,"1050023140",0.351956749500587,0.579897803172003,0.06814544732741,"normal",0.866564284211319
19990101,128.351833333333,115.484803377956,"1050023140",0.0473114606674904,0.531279193018232,0.421409346314278,"normal",0.844525414620094
20000101,28.4652,37.6530165688095,"1050023140",0.443234899387517,0.514682791365427,0.0420823092470556,"normal",0.835817235543331
20010101,21.7813333333333,41.996825886865,"1050023140",0.409787670232846,0.539886060496278,0.0503262692708756,"normal",0.848799123273811
20020101,48.8962333333333,41.9772464167857,"1050023140",0.409937158095285,0.539776428985677,0.0502864129190385,"normal",0.848745713347952
20030101,54.1214666666667,52.3997431131348,"1050023140",0.332718319561819,0.591975258016922,0.0753064224212591,"normal",0.87126655422582
20040101,58.4170666666667,81.5174357865277,"1050023140",0.157609185268985,0.648996817086309,0.193393997644706,"normal",0.889534998447865
20050101,46.8515333333333,55.8232225081349,"1050023140",0.308656755817525,0.606019788755496,0.0853234554269788,"normal",0.876361542571769
20060101,63.0933333333333,60.4909376814087,"1050023140",0.277145643853695,0.622308517100601,0.100545839045703,"normal",0.881777614396007
20070101,100.0886,90.7829586205955,"1050023140",0.117747851874474,0.635096850642331,0.247155297483195,"normal",0.885665661378635
20080101,225.112933333333,120.452793439107,"1050023140",0.0384403776472048,0.501669646341189,0.459889976011606,"normal",0.828549903500809
20090101,164.3258,122.627187118532,"1050023140",0.0350095710567769,0.488117192458998,0.476873236484225,"normal",0.820561109746884
20100101,27.324,72.2623346096031,"1050023140",0.205382232367919,0.647123420103547,0.147494347528533,"normal",0.889034939898505
20110101,174.0872,114.788317517321,"1050023140",0.0486768803293028,0.535257633776038,0.41606548589466,"normal",0.846521246388918
20120101,59.8111,106.393228595576,"1050023140",0.0677279314421237,0.579133567849974,0.353138500707902,"normal",0.866256628746842
20130101,18.5655333333333,48.8513873697023,"1050023140",0.358405313440022,0.575697679779022,0.0658970067809566,"normal",0.864858482055482
20140101,30.2409333333333,45.3289206547618,"1050023140",0.384555361383272,0.557960679309471,0.0574839593072568,"normal",0.857247112774277
20150101,22.8540333333333,37.526525416746,"1050023140",0.444216180803074,0.513924123109384,0.0418596960875417,"normal",0.835404247934278
20160101,51.7622666666667,40.1656460292064,"1050023140",0.423822455909925,0.529471317329581,0.0467062267604941,"normal",0.843606848353846
20170101,94.2837666666667,98.9445122010117,"1050023140",0.089050484841137,0.610519559131443,0.30042995602742,"normal",0.877910237420192
20180101,133.508333333333,90.2092550419046,"1050023140",0.119986902626669,0.636403110792925,0.243609986580405,"normal",0.88604500901935
20190101,111.996566666667,110.595678670298,"1050023140",0.0575739081533855,0.558168915145709,0.384257176700905,"normal",0.857340337558662
20200101,63.5689666666667,64.7911797776586,"1050023140",0.249582257087199,0.634175749514357,0.116241993398444,"normal",0.885396193674226
20210101,133.188466666667,102.730138002639,"1050023140",0.0776612406481452,0.595554112113145,0.32678464723871,"normal",0.87260269326592
20220101,242.3387,116.598746596865,"1050023140",0.0451916150741059,0.524822421350197,0.429985963575697,"normal",0.841211247453332
20230101,279.4041,119.855070318373,"1050023140",0.0394300660457373,0.505337042041167,0.455232891913095,"normal",0.8306376286399
20240101,158.924533333333,40.1656460292064,"1050023140",0.423822455909925,0.529471317329581,0.0467062267604941,"normal",0.843606848353846
20250101,61.4522166666667,78.664276927976,"1050023140",0.171490313195313,0.650114220679121,0.178395466125566,"normal",0.889830102164997
20260101,61.4522166666667,56.8191528301388,"1050023140",0.301802654871283,0.609780196203196,0.0884171489255204,"normal",0.877658536279824
19930101,1108.94577777778,1110.50502031914,"1050023300",0.322311363545368,0.519462717311786,0.158225919142847,"normal",0.996886446465668
19940101,1042.3422962963,1035.01789723594,"1050023300",0.52680204086638,0.410221077659276,0.0629768814743435,"below",0.877304960456008
19950101,1129.59577777778,1101.77365996764,"1050023300",0.344534916944783,0.511552195134362,0.143912887920855,"normal",0.989000812464712
19960101,1200.70296296296,1229.32461490247,"1050023300",0.0979898967813584,0.469477767000035,0.432532336218607,"normal",0.945112667074161
19970101,1236.16207407407,1182.51595121794,"1050023300",0.167175460468008,0.523453480070677,0.309371059461314,"normal",1.00082222909252
19980101,1039.64374074074,1123.36427993677,"1050023300",0.290723727324446,0.528325943110885,0.180950329564669,"normal",1.00558939625581
19990101,1064.60148148148,1098.66884249021,"1050023300",0.352573736331784,0.508385678802989,0.139040584865226,"normal",0.985812625653702
20000101,1341.5167037037,1356.45403548443,"1050023300",0.0145137818213942,0.221220722993778,0.764265495184827,"above",0.600629351693813
20010101,1233.1282962963,1357.82274323898,"1050023300",0.014164709751533,0.218630294143164,0.767204996105303,"above",0.596009095115174
20020101,1042.78785185185,1067.80753125763,"1050023300",0.435525399933429,0.467793533661653,0.096681066404918,"normal",0.943285234794493
20030101,1024.63366666667,1021.68236358849,"1050023300",0.563793503384171,0.383977527344323,0.0522289692715058,"below",0.844809906355519
20040101,1259.409,1303.9020848261,"1050023300",0.0347465488716487,0.327605285761384,0.637648165366967,"above",0.769248512993798
20050101,1217.40011111111,1305.53990103421,"1050023300",0.0338749462198755,0.324186360207785,0.641938693572339,"above",0.764392149253133
20060101,1141.23114814815,1062.05316893735,"1050023300",0.451434413133758,0.458602590491327,0.0899629963749158,"normal",0.9332135536922
20070101,1050.12211111111,1036.57985875798,"1050023300",0.522447881756289,0.413211043694466,0.0643410745492445,"below",0.880906876689651
20080101,1174.38037037037,1203.58785015568,"1050023300",0.13287361984947,0.503998839773633,0.363127540376897,"normal",0.981365582811145
20090101,1479.13640740741,1373.75445921332,"1050023300",0.0106048484775541,0.189510402934138,0.799884748588308,"above",0.542033521949484
20100101,1523.91140740741,1369.57713519537,"1050023300",0.0114533960018898,0.19695258526265,0.79159401873546,"above",0.556198398587438
20110101,1469.95011111111,1383.12199584722,"1050023300",0.0088985667195063,0.173360120988447,0.817741312292047,"above",0.510348477454863
20120101,1174.12874074074,1109.90567453316,"1050023300",0.323817844353817,0.518967604230579,0.157214551415603,"normal",0.996396179916224
20130101,1097.67659259259,1061.84774833986,"1050023300",0.45200393768323,0.458266308531359,0.0897297537854114,"normal",0.932841838723997
20140101,918.220962962963,971.460761947442,"1050023300",0.695741376287734,0.280136587339235,0.0241220363730311,"below",0.698712447009923
20150101,901.027481481481,970.393397311066,"1050023300",0.698350989369887,0.277947681741997,0.0237013288881163,"below",0.695289689288179
20160101,950.057407407407,960.538645509655,"1050023300",0.721953931448344,0.257945534105379,0.0201005344462769,"below",0.663259147835715
20170101,1120.543,1112.72250940564,"1050023300",0.31676309847501,0.52123203556028,0.162004865964711,"normal",0.998634878405408
20180101,921.591333333333,950.578981126763,"1050023300",0.744853841784418,0.23820223421676,0.0169439239988222,"below",0.630237591621198
20190101,990.03062962963,1032.53099892557,"1050023300",0.533727760309948,0.405420751005958,0.0608514886840941,"below",0.87148000704564
20200101,1135.66685185185,1331.11312476402,"1050023300",0.0224439956506159,0.271230559056752,0.706325445292632,"above",0.684686338858604
20210101,1118.37925925926,1259.9402291903,"1050023300",0.0658505502422187,0.416439642157092,0.517709807600689,"above",0.884773834103431
20220101,1396.34892592593,963.444964900308,"1050023300",0.71508741728221,0.263801820939142,0.021110761778648,"below",0.672780643757832
20230101,1495.00492592593,1304.52399470705,"1050023300",0.0344134404315065,0.326307127972029,0.639279431596464,"above",0.767408459673743
20240101,1585.71592592593,1212.49875282504,"1050023300",0.119938544289972,0.49328359365767,0.386777862052358,"normal",0.970354115646613
20250101,1538.71766666667,1113.9549382563,"1050023300",0.31369712438882,0.522172550567452,0.164130325043728,"normal",0.999562026471091
20260101,1135.66685185185,1089.64568349824,"1050023300",0.37630079372894,0.498175750651807,0.125523455619253,"normal",0.975407951559968
19930101,406.627294117647,391.961181485295,"1050023310",0.224772426234143,0.581461613093623,0.193765960672234,"normal",0.968774972271058
19940101,375.557647058824,362.376447139704,"1050023310",0.2574470597781,0.576290294041951,0.166262646179949,"normal",0.965265517342268
19950101,663.340882352941,604.145255154413,"1050023310",0.0656752474834369,0.478706199674141,0.455618552842422,"normal",0.889644964764763
19960101,1315.62488235294,1134.06591689706,"1050023310",0.000351453119627747,0.0381650317781644,0.961483515102208,"above",0.165200992019059
19970101,1120.29891176471,1105.64740329413,"1050023310",0.00050515168959853,0.0472156984337702,0.952279149876631,"above",0.194548973086913
19980101,197.112617647059,192.789456213237,"1050023310",0.480178486784817,0.461680267571997,0.0581412456431852,"below",0.874487239071285
19990101,856.791617647059,758.138211477936,"1050023310",0.0199387504352305,0.311936961871986,0.668124287692783,"above",0.710896139675735
20000101,681.452647058824,665.124348352945,"1050023310",0.0422554063982195,0.416005295281849,0.541739298319931,"above",0.830627703725597
20010101,417.974794117647,413.652966897064,"1050023310",0.202389797886523,0.58201622583954,0.215593976273937,"normal",0.969148547249589
20020101,273.4065,271.155912830885,"1050023310",0.371579108605201,0.530346518317779,0.0980743730770207,"normal",0.93195130571423
20030101,189.239205882353,183.839258294117,"1050023310",0.492835784738767,0.452621444894997,0.0545427703662353,"below",0.866165398658521
20040101,143.990470588235,146.892583514706,"1050023310",0.545021205584402,0.413463650975143,0.0415151434404549,"below",0.828043815420966
20050101,417.171264705882,374.931184786767,"1050023310",0.243287032775294,0.579101978065676,0.177610989159031,"normal",0.967179505939172
20060101,175.288470588235,178.542050183824,"1050023310",0.500331271702965,0.447171307679347,0.0524974206176884,"below",0.86107078146564
20070101,228.372029411765,318.196565088235,"1050023310",0.310466451891452,0.559397304122714,0.130136243985834,"normal",0.953467856869689
20080101,356.852176470588,316.766507323529,"1050023310",0.312259394789417,0.558675128873288,0.129065476337295,"normal",0.952951985383728
20090101,800.892588235294,701.121355419124,"1050023310",0.0319573092437282,0.376117906483622,0.591924784272649,"above",0.78821919055036
20100101,134.525235294118,176.646592316178,"1050023310",0.503013431413324,0.445206052968393,0.0517805156182835,"below",0.859217341415146
20110101,87.1851470588235,128.410480279413,"1050023310",0.570893200855097,0.393091492865151,0.0360153062797524,"below",0.806758641567747
20120101,92.6185588235294,157.916044360294,"1050023310",0.529491414163195,0.425401345109973,0.0451072407268319,"below",0.840045286213316
20130101,124.109,137.719405485293,"1050023310",0.557893095853566,0.403401053884971,0.0387058502614624,"below",0.817659156576864
20140101,203.451,176.861752382354,"1050023310",0.502708974652835,0.445429524934418,0.051861500412747,"below",0.859428538531836
20150101,131.563,143.009197720587,"1050023310",0.55047698051649,0.409216704777145,0.0403063147063653,"below",0.823691248019103
20160101,140.665088235294,163.130263897059,"1050023310",0.522128528646068,0.430980080523123,0.0468913908308087,"below",0.845537837613795
20170101,287.776794117647,348.544362551469,"1050023310",0.273529422427526,0.572156006444989,0.154314571127485,"normal",0.962425653065612
20180101,216.486411764706,202.475898374999,"1050023310",0.466502875884727,0.471253950605565,0.0622431735097079,"normal",0.883087060898358
20190101,56.7666764705882,100.932887860294,"1050023310",0.608769182395887,0.362276469653288,0.028954347950826,"below",0.772535808603619
20200101,552.272794117647,359.822312102942,"1050023310",0.260379308828279,0.575608127903618,0.164012563268103,"normal",0.964799032442916
20210101,413.101323529412,690.926474264701,"1050023310",0.0346381644130809,0.387534851160571,0.577826984426349,"above",0.800771658789057
20220101,1155.93855882353,217.859181132355,"1050023310",0.444871768092893,0.485911135373308,0.0692170965337993,"normal",0.895873608581207
20230101,1790.14488235294,478.484732132352,"1050023310",0.14387378453841,0.567430859537282,0.288695355924308,"normal",0.959142452473752
20240101,726.667823529412,713.695301036762,"1050023310",0.0288892209072758,0.361962737495892,0.609148041596832,"above",0.772174286008574
20250101,322.314485294118,221.343373566178,"1050023310",0.439992877018068,0.489129867167582,0.0708772558143507,"normal",0.898621137635291
20260101,322.314485294118,327.203914095584,"1050023310",0.299278078792818,0.563700123440087,0.137021797767094,"normal",0.956521772324631
19930101,252.055125,241.648663156254,"1050023890",0.528940702690111,0.408761605471165,0.0622976918387241,"below",0.875486656793034
19940101,272.4999375,280.534987781246,"1050023890",0.425310966626544,0.47350527028642,0.101183763087036,"normal",0.949395446211302
19950101,571.09621875,549.838376640623,"1050023890",0.0230004232016961,0.274284574644593,0.70271500215371,"above",0.689495292127294
19960101,1003.07409375,828.086175312491,"1050023890",5.6124488241997e-05,0.00815701106083311,0.991786864450925,"above",0.0479547247651125
19970101,451.1176875,494.619495734378,"1050023890",0.0520962279341661,0.383675055593836,0.564228716471998,"above",0.844377471434064
19980101,219.04909375,262.543972093755,"1050023890",0.473050873764437,0.44552521601299,0.0814239102225722,"below",0.918529308696146
19990101,470.89465625,399.849312828126,"1050023890",0.161346369205937,0.520982393409369,0.317671237384694,"normal",0.998314969642666
20000101,424.3394375,457.591825765622,"1050023890",0.0843490306442853,0.45022024355103,0.465430725804685,"above",0.923819337363009
20010101,526.96475,526.621818062496,"1050023890",0.0329135340475421,0.32038169297497,0.646704772977488,"above",0.758910762744762
20020101,341.30703125,375.728660820309,"1050023890",0.204093929240088,0.53354180576302,0.262364264996893,"normal",1.010570452106
20030101,354.1675,382.22032253906,"1050023890",0.191973543932397,0.531273094305181,0.276753361762422,"normal",1.00837709183186
20040101,119.0855,140.484799914062,"1050023890",0.773803027125617,0.212802871560942,0.0133941013134409,"below",0.58548923782343
20050101,265.347625,278.335716148435,"1050023890",0.431102669708788,0.470301282475446,0.098596047815766,"normal",0.945940219061976
20060101,536.254375,510.255695562501,"1050023890",0.0418347382595587,0.353046009310016,0.605119252430425,"above",0.804330316071853
20070101,166.806375,199.105990390622,"1050023890",0.63985609577116,0.325858292236478,0.0342856119923617,"below",0.766732308719726
20080101,411.16209375,373.873473734377,"1050023890",0.207639699776667,0.534036615286243,0.25832368493709,"normal",1.01104763933118
20090101,420.42825,401.128824726559,"1050023890",0.159254824077469,0.520006815935041,0.320738359987489,"normal",0.997351352892509
20100101,401.838625,375.877817664059,"1050023890",0.203810424804469,0.533499047940982,0.262690527254549,"normal",1.01052919713069
20110101,253.7115,294.634010328125,"1050023890",0.388614784878794,0.492430657538843,0.118954557582363,"normal",0.969400316496037
20120101,353.00009375,327.567539445311,"1050023890",0.307158989886506,0.524122294401628,0.168718715711866,"normal",1.00140490907554
20130101,128.553625,148.882272375,"1050023890",0.756497986184484,0.228047507384553,0.0154545064309634,"below",0.612648022609999
20140101,601.08003125,558.392220625006,"1050023890",0.0200468167160673,0.257675014132913,0.72227816915102,"above",0.662788063914856
20150101,186.99590625,217.858894203124,"1050023890",0.591824100314285,0.363176121462846,0.044999778222869,"below",0.817836811590595
20160101,162.4240625,201.179909687501,"1050023890",0.634636230472228,0.330007429204891,0.0353563403228809,"below",0.772601370004196
20170101,160.67603125,172.161571890626,"1050023890",0.705013344387007,0.272346171824839,0.0226404837881541,"below",0.686427429245342
20180101,354.49528125,367.334846374998,"1050023890",0.2204236426674,0.535232351961083,0.244344005371517,"normal",1.01219903860109
20190101,234.4023125,291.241477796873,"1050023890",0.397367526417353,0.488143039147202,0.114489434435445,"normal",0.964928023493214
20200101,418.09025,151.098296796874,"1050023890",0.751814885156321,0.232143507120245,0.0160416077234338,"below",0.619781912474614
20210101,562.24884375,344.104731351563,"1050023890",0.269314954451589,0.532542387687433,0.198142657860978,"normal",1.00960533111494
20220101,835.99459375,504.534223781252,"1050023890",0.0453812837091242,0.364353011118543,0.590265705172332,"above",0.819388909814526
20230101,1264.077375,543.677504937498,"1050023890",0.0253479302464989,0.286405961389727,0.688246108363774,"above",0.708396184380771
20240101,469.40278125,400.133616445309,"1050023890",0.160880093077157,0.520768235053451,0.318351671869392,"normal",0.998103581893198
20250101,378.166953125,342.285588671876,"1050023890",0.273360971215346,0.531877003779282,0.194762025005372,"normal",1.00896181823641
20260101,378.166953125,359.132195585937,"1050023890",0.237081393832146,0.535518971681443,0.227399634486411,"normal",1.01247466277682
19930101,529.5107,266.634197917632,"1050023900",0.320120216077045,0.490094910125991,0.189784873796964,"normal",1.02954660702184
19940101,307.993533333333,311.521469611909,"1050023900",0.244221539732022,0.498985651936547,0.25679280833143,"normal",1.04026407214648
19950101,587.995533333333,368.840063860116,"1050023900",0.163384627776688,0.479212633712959,0.357402738510353,"normal",1.01623830830035
19960101,510.170233333333,354.303483971261,"1050023900",0.182034441221521,0.487422023667594,0.330543535110885,"normal",1.02629738784326
19970101,596.532733333333,436.878747855705,"1050023900",0.0930285682550914,0.416432869216018,0.490538562528891,"above",0.935123229736089
19980101,77.4099666666667,191.535768696827,"1050023900",0.464057318741277,0.431354747978467,0.104587933280256,"below",0.95510333616723
19990101,396.182966666667,280.5400195094,"1050023900",0.295565455696431,0.495134999679766,0.209299544623803,"normal",1.03563920975504
20000101,606.8704,432.717870729543,"1050023900",0.0965543780208558,0.421238337716294,0.48220728426285,"above",0.941607504782938
20010101,411.056266666667,362.594808928456,"1050023900",0.171239530271444,0.482993272471723,0.345767197256834,"normal",1.02088576402192
20020101,225.458466666667,197.724545238773,"1050023900",0.451727776791824,0.437938390846584,0.110333832361593,"below",0.963775452412614
20030101,228.3251,390.26052477466,"1050023900",0.138249879137764,0.463483372088987,0.398266748773249,"normal",0.996623276009538
20040101,44.6482666666667,257.611402783518,"1050023900",0.336494245588777,0.485763102757833,0.177742651653389,"normal",1.02427439652616
20050101,194.150833333333,321.601315242619,"1050023900",0.228617234615665,0.49800986164231,0.273372903742025,"normal",1.03909452794276
20060101,357.0673,355.931927799043,"1050023900",0.179881374839058,0.486606174145371,0.333512451015571,"normal",1.02530310146826
20070101,65.8151,398.050490409432,"1050023900",0.129799940360469,0.456763890489237,0.413436169150294,"normal",0.988103840800891
20080101,420.887,352.671018729522,"1050023900",0.184208925028178,0.488213122383256,0.327577952588566,"normal",1.02726038225436
20090101,385.757233333333,253.883423076726,"1050023900",0.343353447210306,0.483735484522194,0.1729110682675,"normal",1.02179513645641
20100101,378.212633333333,341.292513155166,"1050023900",0.199810616083098,0.492972290146253,0.307217093770649,"normal",1.03303032547387
20110101,227.815,217.4595584754,"1050023900",0.412777154843501,0.45706496758002,0.130157877576478,"normal",0.988487390034695
20120101,166.0247,212.551018117774,"1050023900",0.422400541947156,0.452588449025354,0.12501100902749,"normal",0.982766877063638
20130101,66.2969333333333,276.946423404215,"1050023900",0.301827786080765,0.494025673336813,0.204146540582422,"normal",1.03430204793373
20140101,727.104266666667,442.775705381559,"1050023900",0.0881959641676136,0.4094518527983,0.502352183034087,"above",0.925617492293093
20150101,435.917933333333,439.645224434149,"1050023900",0.0907375858174321,0.413182055439624,0.496080358742943,"above",0.930709482459709
20160101,111.308933333333,299.470806750195,"1050023900",0.263605680830819,0.49871374458579,0.237680574583391,"normal",1.03993834052337
20170101,166.711633333333,252.079754621602,"1050023900",0.346690847853453,0.482705367815008,0.170603784331539,"normal",1.02053275222927
20180101,130.0856,335.99518499578,"1050023900",0.207337407151899,0.494730501903963,0.297932090944138,"normal",1.03515188466014
20190101,25.6441333333333,180.128312151612,"1050023900",0.486865703774044,0.4185635841186,0.0945707121073565,"below",0.938004221104852
20200101,315.227366666667,262.762638438239,"1050023900",0.327105600850005,0.488336904358163,0.184557494791832,"normal",1.02741096013049
20210101,443.496233333333,333.33375529885,"1050023900",0.211181369606577,0.495502615023454,0.293316015369968,"normal",1.03608185233408
20220101,892.3687,421.882820639761,"1050023900",0.106194408290101,0.433247696159609,0.460557895550291,"above",0.957605632824573
20230101,1017.78196666667,365.387563256657,"1050023900",0.167697591514519,0.48134923866428,0.350953169821201,"normal",1.01886794708452
20240101,395.090533333333,340.682124935715,"1050023900",0.200669423627286,0.493189831955026,0.306140744417689,"normal",1.03329311743316
20250101,367.639966666667,348.256028414587,"1050023900",0.190170334849,0.490217365834426,0.319612299316575,"normal",1.02969516432713
20260101,367.639966666667,278.514014649815,"1050023900",0.299088708702689,0.494526271813064,0.206385019484247,"normal",1.03490572660955
19930101,229.594387096774,243.972950362212,"1050023950",0.452960610168447,0.512064221819542,0.0349751680120113,"normal",0.818725295177387
19940101,198.654129032258,233.021166463883,"1050023950",0.476824361708973,0.492592497013057,0.03058314127797,"normal",0.808583736056674
19950101,506.542741935484,572.596526135061,"1050023950",0.0274068018303513,0.476608942814132,0.495984255355517,"above",0.799566267390637
19960101,483.842709677419,581.178016855299,"1050023950",0.0245678921438078,0.460676764718345,0.514755343137847,"above",0.789938114637443
19970101,435.166516129032,576.72324454927,"1050023950",0.0260091876030381,0.468978352989985,0.505012459406977,"above",0.795035715287181
19980101,253.637741935484,264.223981806836,"1050023950",0.409340756630119,0.54620425566802,0.0444549877018618,"normal",0.834350632332275
19990101,592.765709677419,558.359543960483,"1050023950",0.0327174353944971,0.502400463177273,0.46488210142823,"normal",0.813806294282511
20000101,726.108612903226,635.604334424002,"1050023950",0.0117292271149577,0.356906972116086,0.631363800768957,"above",0.71020563452929
20010101,220.031258064516,332.423511112116,"1050023950",0.273172473369784,0.634601430909598,0.0922260957206177,"normal",0.862894972230992
20020101,402.571451612903,290.072169776478,"1050023950",0.355321694743844,0.585230371733518,0.059447933522638,"normal",0.849000602334921
20030101,431.41964516129,373.580432067455,"1050023950",0.203566351550103,0.661086908686847,0.13534673976305,"normal",0.868315482205951
20040101,191.870548387097,193.852159596083,"1050023950",0.562250186276883,0.419309980056733,0.0184398336663834,"below",0.76182417421488
20050101,160.436967741935,216.121509565496,"1050023950",0.513781511972136,0.461509572358246,0.0247089156696177,"below",0.790457503166862
20060101,286.962193548387,323.782526432335,"1050023950",0.289153574300666,0.626212136598944,0.0846342891003899,"normal",0.860886898991705
20070101,37.7131612903226,137.011504159773,"1050023950",0.680247104339406,0.311528601338402,0.00822429432219196,"below",0.664905332494436
20080101,481.381322580645,356.678277944586,"1050023950",0.230786583985134,0.653005345930038,0.116208070084828,"normal",0.866807944258096
20090101,642.976612903226,637.065878509715,"1050023950",0.0114860116042256,0.354131680181451,0.634382308214323,"above",0.707632618589042
20100101,748.590161290323,625.578111385407,"1050023950",0.0135213503903906,0.376031770467262,0.610446879142348,"above",0.727273309279484
20110101,231.659161290323,326.406063320987,"1050023950",0.284255234779606,0.628856757315991,0.0868880079044031,"normal",0.861535231846873
20120101,747.081516129032,644.837034602727,"1050023950",0.0102650424524029,0.33944643092291,0.650288526624687,"above",0.693599547792378
20130101,233.466096774194,245.796874765803,"1050023950",0.449000420156385,0.515244947925371,0.0357546319182439,"normal",0.820295689958251
20140101,646.284806451613,572.851679564477,"1050023950",0.0273186076520356,0.476138938755193,0.496542453592771,"above",0.79929146231715
20150101,88.036935483871,109.079638750941,"1050023950",0.732886937777787,0.26175750128448,0.00535556093773282,"below",0.606605507158109
20160101,96.9518064516129,108.129943609389,"1050023950",0.734596919862617,0.260127044757471,0.00527603537991284,"below",0.60452798322447
20170101,194.857935483871,213.470759673022,"1050023950",0.519575682792108,0.456544763273203,0.0238795539346895,"below",0.787334564750419
20180101,519.431193548387,560.637549779416,"1050023950",0.0318146830810334,0.498336128212221,0.469849188706746,"normal",0.811670453149802
20190101,137.848709677419,219.608421640899,"1050023950",0.506155369713405,0.468008056895643,0.0258365733909524,"below",0.794449020108312
20200101,326.015677419355,219.608421640899,"1050023950",0.506155369713405,0.468008056895643,0.0258365733909524,"below",0.794449020108312
20210101,873.381064516129,560.553121646351,"1050023950",0.0318477700984391,0.498487221428108,0.469665008473453,"normal",0.811750569398134
20220101,780.332838709677,560.553121646351,"1050023950",0.0318477700984391,0.498487221428108,0.469665008473453,"normal",0.811750569398134
20230101,1076.71296774194,220.175551303917,"1050023950",0.504914727591313,0.469061279972083,0.026023992436604,"below",0.795085746188303
20240101,289.296709677419,570.267609990898,"1050023950",0.028222821570645,0.480887384315145,0.49088979411421,"above",0.802042316314605
20250101,364.293564516129,297.824641527073,"1050023950",0.339617760128889,0.595737585297254,0.064644654573857,"normal",0.852382211022665
20260101,364.293564516129,270.005679517761,"1050023950",0.397066361465789,0.555421413723092,0.0475122248111183,"normal",0.838113244723274
19930101,349.41376,337.331452197574,"1050023960",0.38112909443216,0.345203719764052,0.273667185803788,"below",1.089439008739
19940101,252.028,308.072808279909,"1050023960",0.439637103180044,0.334453615627712,0.225909281192244,"below",1.06367651314742
19950101,426.53928,338.199098581618,"1050023960",0.37942797360999,0.345415984332412,0.275156042057597,"below",1.08994526077948
19960101,364.0356,403.217053719837,"1050023960",0.260532529921052,0.343027038778419,0.396440431300529,"above",1.08424221650468
19970101,492.79208,333.314340363052,"1050023960",0.389034595185409,0.344139086374547,0.266826318440044,"below",1.08689844348804
19980101,201.82688,438.706350690338,"1050023960",0.204853855537733,0.326974989960925,0.468171154501342,"above",1.0456084080668
19990101,535.44488,365.459885337166,"1050023960",0.327319987604188,0.348826665683196,0.323853346712616,"normal",1.09806700482344
20000101,458.41608,531.556593789515,"1050023960",0.0963875459860267,0.248876901414406,0.654735552599567,"above",0.848920277775553
20010101,538.91772,536.02432619485,"1050023960",0.0925169524184741,0.244310243634244,0.663172803947282,"above",0.8369125157293
20020101,241.92368,301.22271622221,"1050023960",0.453578940726889,0.33097086973768,0.215450189535431,"below",1.05527741892962
20030101,439.4752,535.637883205177,"1050023960",0.0928471320473993,0.24470669554341,0.662446172409191,"above",0.837957439314076
20040101,170.2768,369.237457264124,"1050023960",0.320331128057032,0.348795558762643,0.330873313180325,"normal",1.09799303897767
20050101,441.633,321.135605424484,"1050023960",0.413271135078669,0.340100335973815,0.246628528947517,"below",1.07723916810892
20060101,424.67772,536.566892568668,"1050023960",0.0920548469981325,0.243753185113351,0.664191967888517,"above",0.835443481623346
20070101,229.88872,298.532260057851,"1050023960",0.459071429034545,0.329508221724312,0.211420349241143,"below",1.05174222597076
20080101,242.35032,310.353099800411,"1050023960",0.435011766359277,0.335534611088646,0.229453622552076,"below",1.06627817077984
20090101,267.49288,409.653938309757,"1050023960",0.249887935515712,0.340846093140428,0.40926597134386,"above",1.07902533010807
20100101,355.88752,443.720991203652,"1050023960",0.197600242184469,0.323952843312845,0.478446914502686,"above",1.0382722998191
20110101,343.06936,337.246046480973,"1050023960",0.381296667046215,0.345182485153244,0.273520847800541,"below",1.0893883589529
20120101,209.64516,322.830357895201,"1050023960",0.409876307979038,0.340734411462401,0.249389280558561,"below",1.0787579159117
20130101,334.95708,323.203539806301,"1050023960",0.409129669472853,0.340870937395637,0.24999939313151,"below",1.07908481442787
20140101,1345.26452,531.861372336058,"1050023960",0.0961197786385749,0.248566589240344,0.655313632121082,"above",0.848106296989908
20150101,400.79296,536.566892568668,"1050023960",0.0920548469981325,0.243753185113351,0.664191967888517,"above",0.835443481623346
20160101,311.79748,368.575291548649,"1050023960",0.321551689848905,0.348809914322077,0.329638395829018,"normal",1.09802717378552
20170101,617.6394,451.247225372678,"1050023960",0.187009551388349,0.319096354068577,0.493894094543074,"above",1.02644085259305
20180101,356.58772,535.894082404951,"1050023960",0.0926281364463516,0.244443890073847,0.662927973479801,"above",0.83726481901217
20190101,196.5356,294.052151106039,"1050023960",0.468234288955065,0.326956940973431,0.204808770071505,"below",1.04556465485009
20200101,323.88512,457.864482168831,"1050023960",0.177994040147418,0.314521970302256,0.507483989550326,"above",1.01524800202565
20210101,583.10568,359.771723311898,"1050023960",0.337958130195541,0.348641170438444,0.313400699366015,"normal",1.09762590602857
20220101,646.01628,531.517320264725,"1050023960",0.0964220901060941,0.248916874467357,0.654661035426549,"above",0.849025110496011
20230101,644.79952,296.298304972639,"1050023960",0.463637973802447,0.32825396235234,0.208108063845213,"below",1.04870699179895
20240101,324.53832,355.915353831746,"1050023960",0.345245398492469,0.348356783617014,0.306397817890517,"normal",1.09694951086852
20250101,356.23762,532.216667575441,"1050023960",0.0958083200090909,0.24820460993672,0.655987070054189,"above",0.847156427627566
20260101,356.23762,337.300831463964,"1050023960",0.381189172115753,0.345196113479095,0.273614714405151,"below",1.08942086598001
19930101,376.24792,350.076983652764,"1050024070",0.00492917491769554,0.19485999998207,0.800210825100235,"above",0.523226135983378
19940101,281.60048,297.394670758744,"1050024070",0.466888948848249,0.484178353410075,0.0489326977416765,"normal",0.854433023202315
19950101,300.7142,299.723196149753,"1050024070",0.423288443184562,0.515525865182081,0.0611856916333576,"normal",0.876415670494514
19960101,295.63272,300.064329234062,"1050024070",0.416966134383529,0.519867308220654,0.0631665573958162,"normal",0.879293692554086
19970101,299.24636,306.697778489758,"1050024070",0.300086233713948,0.587584106172871,0.112329660113181,"normal",0.919237255599369
19980101,286.62688,320.410606207458,"1050024070",0.120142041619048,0.593517310213554,0.286340648167399,"normal",0.922311968349969
19990101,332.75488,316.200146190891,"1050024070",0.164864640539858,0.61261971119903,0.222515648261112,"normal",0.931767508498093
20000101,326.08108,307.764863708913,"1050024070",0.28273257042116,0.594982681253932,0.122284748324908,"normal",0.923061208912374
20010101,301.98564,294.628610421426,"1050024070",0.519160278296543,0.443824908957199,0.0370148127462577,"below",0.822878825056436
20020101,311.28936,306.563109850936,"1050024070",0.302310116339642,0.586574193565328,0.111115690095031,"normal",0.918707308103378
20030101,370.5932,346.045215290052,"1050024070",0.00843307587268552,0.249016397770726,0.742550526356588,"above",0.607495465241015
20040101,298.3826,302.461873040514,"1050024070",0.373223260668731,0.548250644131533,0.0785260951997361,"normal",0.897147758329746
20050101,350.48724,349.940355292071,"1050024070",0.00502243236276004,0.196583999113912,0.798393568523328,"above",0.526125553595074
20060101,319.96424,357.048664378365,"1050024070",0.00179972406264923,0.118617915037304,0.879582360900047,"above",0.377107329429675
20070101,280.20404,294.413661133701,"1050024070",0.523220039549993,0.440582053153967,0.0361979072960406,"below",0.820176251099057
20080101,313.405,304.897315293478,"1050024070",0.330405897984278,0.572723579907081,0.0968705221086408,"normal",0.911243816087991
20090101,366.61188,367.877112016375,"1050024070",0.000307782574571362,0.0455633734064871,0.954128844018942,"above",0.188020737624379
20100101,292.63344,305.641239281651,"1050024070",0.317727834206035,0.579214929833317,0.103057235960648,"normal",0.914787273109051
20110101,323.04632,343.906941366567,"1050024070",0.0110618569013157,0.280148207177642,0.708789935921043,"above",0.650258917477629
20120101,330.97176,346.093130334403,"1050024070",0.00838106331852245,0.248335859005807,0.743283077675671,"above",0.606517566257607
20130101,537.95404,464.865291244864,"1050024070",5.16526796327793e-16,1.64472990782372e-10,0.999999999835526,"above",3.89839671489048e-09
20140101,337.12964,314.030140791153,"1050024070",0.191664350783022,0.615256300199861,0.193079349017118,"normal",0.93302012496767
20150101,295.66996,291.133410332046,"1050024070",0.584630334227632,0.389908724432428,0.02546094133994,"below",0.77450509081599
20160101,363.70716,359.093705748325,"1050024070",0.00131382361844805,0.100753982456037,0.897932193925515,"above",0.33662680286288
20170101,280.83216,290.980282301906,"1050024070",0.587458937039666,0.387507923920334,0.0250331390400007,"below",0.772174091531995
20180101,286.3324,291.231436207428,"1050024070",0.582817271164396,0.391444725656336,0.0257380031792684,"below",0.775988202412501
20190101,304.01112,310.391995735404,"1050024070",0.242183790509483,0.608434507054416,0.149381702436102,"normal",0.929753208573277
20200101,356.09896,340.211283286408,"1050024070",0.0172992633625746,0.336664052830952,0.646036683806474,"above",0.718953427736553
20210101,287.05976,294.55118146129,"1050024070",0.520622935214786,0.442658237011962,0.0367188277732523,"below",0.821909466409149
20220101,299.37116,301.298480708524,"1050024070",0.394283440253145,0.534964385605582,0.0707521741412727,"normal",0.888995706735537
20230101,328.73184,365.781351189327,"1050024070",0.000441614215279875,0.0558240124962526,0.943734373288468,"above",0.219146711069953
20240101,288.769,311.905605424128,"1050024070",0.220337065299467,0.612973066929087,0.166689867771447,"normal",0.931936115982937
20250101,297.431708333333,313.405285890265,"1050024070",0.199850565830641,0.61508418056395,0.18506525360541,"normal",0.932938737055427
20260101,304.01112,321.148409072346,"1050024070",0.113282211923951,0.588359398856192,0.298358389219857,"normal",0.919642783303744
19930101,50.9696129032258,91.5635870276499,"1050024080",0.279089966083289,0.327898533155326,0.393011500761385,"above",1.08884399785635
19940101,91.517935483871,91.5635870276499,"1050024080",0.279089966083289,0.327898533155326,0.393011500761385,"above",1.08884399785635
19950101,119.293806451613,91.5635870276499,"1050024080",0.279089966083289,0.327898533155326,0.393011500761385,"above",1.08884399785635
19960101,84.2456774193548,91.5635870276499,"1050024080",0.279089966083289,0.327898533155326,0.393011500761385,"above",1.08884399785635
19970101,101.418129032258,91.5635870276499,"1050024080",0.279089966083289,0.327898533155326,0.393011500761385,"above",1.08884399785635
19980101,18.3436129032258,91.5635870276499,"1050024080",0.279089966083289,0.327898533155326,0.393011500761385,"above",1.08884399785635
19990101,171.250193548387,91.5635870276499,"1050024080",0.279089966083289,0.327898533155326,0.393011500761385,"above",1.08884399785635
20000101,68.5934516129032,91.5635870276499,"1050024080",0.279089966083289,0.327898533155326,0.393011500761385,"above",1.08884399785635
20010101,226.686225806452,91.5635870276499,"1050024080",0.279089966083289,0.327898533155326,0.393011500761385,"above",1.08884399785635
20020101,24.1326774193548,91.5635870276499,"1050024080",0.279089966083289,0.327898533155326,0.393011500761385,"above",1.08884399785635
20030101,98.7803225806452,91.5635870276499,"1050024080",0.279089966083289,0.327898533155326,0.393011500761385,"above",1.08884399785635
20040101,0.459806451612903,91.5635870276499,"1050024080",0.279089966083289,0.327898533155326,0.393011500761385,"above",1.08884399785635
20050101,86.0372258064516,91.5635870276499,"1050024080",0.279089966083289,0.327898533155326,0.393011500761385,"above",1.08884399785635
20060101,143.095225806452,91.5635870276499,"1050024080",0.279089966083289,0.327898533155326,0.393011500761385,"above",1.08884399785635
20070101,14.9086129032258,91.5635870276499,"1050024080",0.279089966083289,0.327898533155326,0.393011500761385,"above",1.08884399785635
20080101,1.55212903225806,91.5635870276499,"1050024080",0.279089966083289,0.327898533155326,0.393011500761385,"above",1.08884399785635
20090101,6.34303225806452,91.5635870276499,"1050024080",0.279089966083289,0.327898533155326,0.393011500761385,"above",1.08884399785635
20100101,42.925935483871,91.5635870276499,"1050024080",0.279089966083289,0.327898533155326,0.393011500761385,"above",1.08884399785635
20110101,34.1624838709677,91.5635870276499,"1050024080",0.279089966083289,0.327898533155326,0.393011500761385,"above",1.08884399785635
20120101,7.15,91.5635870276499,"1050024080",0.279089966083289,0.327898533155326,0.393011500761385,"above",1.08884399785635
20130101,120.694774193548,91.5635870276499,"1050024080",0.279089966083289,0.327898533155326,0.393011500761385,"above",1.08884399785635
20140101,464.70964516129,91.5635870276499,"1050024080",0.279089966083289,0.327898533155326,0.393011500761385,"above",1.08884399785635
20150101,89.1671612903226,91.5635870276499,"1050024080",0.279089966083289,0.327898533155326,0.393011500761385,"above",1.08884399785635
20160101,59.3561612903226,91.5635870276499,"1050024080",0.279089966083289,0.327898533155326,0.393011500761385,"above",1.08884399785635
20170101,246.975,91.5635870276499,"1050024080",0.279089966083289,0.327898533155326,0.393011500761385,"above",1.08884399785635
20180101,75.0033225806452,91.5635870276499,"1050024080",0.279089966083289,0.327898533155326,0.393011500761385,"above",1.08884399785635
20190101,7.24838709677419,91.5635870276499,"1050024080",0.279089966083289,0.327898533155326,0.393011500761385,"above",1.08884399785635
20200101,89.538935483871,91.5635870276499,"1050024080",0.279089966083289,0.327898533155326,0.393011500761385,"above",1.08884399785635
20210101,180.420096774194,91.5635870276499,"1050024080",0.279089966083289,0.327898533155326,0.393011500761385,"above",1.08884399785635
20220101,110.761935483871,91.5635870276499,"1050024080",0.279089966083289,0.327898533155326,0.393011500761385,"above",1.08884399785635
20230101,262.903322580645,91.5635870276499,"1050024080",0.279089966083289,0.327898533155326,0.393011500761385,"above",1.08884399785635
20240101,51.6290967741935,91.5635870276499,"1050024080",0.279089966083289,0.327898533155326,0.393011500761385,"above",1.08884399785635
20250101,85.1414516129032,91.5635870276499,"1050024080",0.279089966083289,0.327898533155326,0.393011500761385,"above",1.08884399785635
20260101,85.1414516129032,91.5635870276499,"1050024080",0.279089966083289,0.327898533155326,0.393011500761385,"above",1.08884399785635
19930101,422.961322580645,727.431079430396,"1050024310",0.407460934750958,0.572000391753376,0.020538673495666,"normal",0.765152833411078
19940101,668.265096774194,770.97398516156,"1050024310",0.347484164921464,0.622781204580041,0.0297346304984948,"normal",0.766758009973676
19950101,661.161709677419,575.180583611233,"1050024310",0.624953494048239,0.370321725249091,0.00472478070266991,"below",0.686949156095791
19960101,910.547387096774,640.25026660941,"1050024310",0.532813512160249,0.458028654326253,0.00915783351349786,"below",0.736069353822869
19970101,746.109774193548,774.565257096332,"1050024310",0.342681316834576,0.626692785292386,0.030625897873038,"normal",0.76660796333218
19980101,792.717580645161,923.317667186714,"1050024310",0.172314661382465,0.736217751990281,0.0914675866272535,"normal",0.747224761075469
19990101,1395.49864516129,1181.70396594992,"1050024310",0.0298583720950536,0.623332856523485,0.346808771381461,"normal",0.766739183217798
20000101,1039.53077419355,638.023604256837,"1050024310",0.536025644475756,0.455014082427582,0.00896027309666214,"below",0.734788880146602
20010101,1141.42277419355,940.449893939807,"1050024310",0.156909763510785,0.740974858611512,0.102115377877703,"normal",0.745737678282369
20020101,1141.39009677419,1241.40255575664,"1050024310",0.0178839098167035,0.552468965278708,0.429647124904589,"normal",0.762736174659429
20030101,1444.6785483871,1242.11579224255,"1050024310",0.0177702521861217,0.551565743596745,0.430664004217133,"normal",0.76259964659454
20040101,345.935967741935,533.154810913825,"1050024310",0.681197699597886,0.315803205558931,0.00299909484318284,"below",0.64294286885646
20050101,462.358290322581,735.394386591264,"1050024310",0.396281313747877,0.581705800575923,0.0220128856761994,"normal",0.765976866448068
20060101,1428.09187096774,1164.0516594456,"1050024310",0.0344702442128528,0.642060778854069,0.323468976933078,"normal",0.765647303017519
20070101,814.197290322581,948.316270232142,"1050024310",0.150149802177539,0.742554456291261,0.1072957415312,"normal",0.745232322035413
20080101,221.725193548387,632.091643455818,"1050024310",0.544570940873873,0.44697698527289,0.0084520738532361,"below",0.731238885305752
20090101,345.289548387097,556.832373405492,"1050024310",0.649922831060498,0.346192604183117,0.00388456475638521,"below",0.668842309141965
20100101,1007.40087096774,861.291919112807,"1050024310",0.235782981286011,0.704469460743865,0.0597475579701234,"normal",0.75579873677538
20110101,738.716709677419,638.789647966321,"1050024310",0.53492082155632,0.456051363592135,0.00902781485154491,"below",0.735232606773756
20120101,357.185870967742,550.369268037597,"1050024310",0.658572441313287,0.337805405268565,0.00362215341814831,"below",0.662047254666637
20130101,1609.98141935484,1186.45963959234,"1050024310",0.0287073720366679,0.618090514753989,0.353202113209343,"normal",0.766887045450766
20140101,1369.64058064516,1280.81664863095,"1050024310",0.0124609291256956,0.501187384542534,0.48635168633177,"normal",0.751424581207596
20150101,374.571870967742,571.980997039172,"1050024310",0.629349027599017,0.366083463583527,0.00456750881745582,"below",0.683920586926911
20160101,870.617096774194,796.797067636599,"1050024310",0.313537699620722,0.649814239128394,0.0366480612508839,"normal",0.764939773120904
20170101,1663.69977419355,1377.97532635164,"1050024310",0.00472607509186864,0.370356129653952,0.624917795254179,"above",0.686973480205644
20180101,986.297064516129,920.535516631279,"1050024310",0.174904460824553,0.735276422833761,0.0898191163416859,"normal",0.747512812866377
20190101,728.171322580645,915.161740301709,"1050024310",0.179976226193935,0.733326015726199,0.0866977580798659,"normal",0.748103108092991
20200101,1213.33987096774,790.949741835619,"1050024310",0.321100265077015,0.643922505147881,0.034977229775105,"normal",0.765490984407951
20210101,1322.98029032258,833.458758768126,"1050024310",0.267987125414767,0.683345825683013,0.0486670489022194,"normal",0.760185100842536
20220101,1315.87909677419,833.651962348771,"1050024310",0.267756183461992,0.683505947351993,0.0487378691860156,"normal",0.760155862138078
20230101,1598.60238709677,766.538107099463,"1050024310",0.35345045919499,0.617885973582636,0.0286635672223746,"normal",0.766891405870436
20240101,570.468548387097,562.113553561637,"1050024310",0.64279654001306,0.353091960707464,0.00411149927947674,"below",0.674235782160985
20250101,890.582241935484,862.85809117356,"1050024310",0.234036511321474,0.705538020525684,0.0604254681528424,"normal",0.755548660977769
20260101,890.582241935484,1010.07820157644,"1050024310",0.103842255757744,0.741550516366715,0.154607227875541,"normal",0.745554177023654
19930101,250.604133333333,226.035176566667,"1050024320",0.616390859613961,0.383443657272204,0.00016548311383513,"below",0.667251059335199
19940101,305.746633333333,300.417836516666,"1050024320",0.238668489656154,0.756436588819419,0.00489492152442672,"normal",0.579123444927666
19950101,153.216966666667,186.172435966666,"1050024320",0.798273719821642,0.201708081045737,1.81991326214659e-05,"below",0.502973955549243
19960101,1165.68606666667,933.996340049989,"1050024320",8.10814368628532e-21,1.04313935267442e-09,0.999999998956861,"above",2.26449678170952e-08
19970101,237.594533333333,240.583728599999,"1050024320",0.539483433554532,0.460170769204346,0.000345797241121382,"below",0.692859468707794
19980101,596.1884,588.080009283331,"1050024320",2.07750002212991e-06,0.0951436948438019,0.904854227656176,"above",0.314308679241536
19990101,488.595133333333,516.73690786667,"1050024320",0.00013738133258971,0.365194277787611,0.6346683408798,"above",0.657644999448979
20000101,273.002066666667,312.786869833334,"1050024320",0.189977236621698,0.802171931047543,0.00785083233075856,"normal",0.530402554079675
20010101,239.4069,305.343659133334,"1050024320",0.218504906123913,0.775568831385072,0.0059262624910148,"normal",0.559843800862853
20020101,247.0107,246.750958566669,"1050024320",0.506252112488563,0.493280456434112,0.000467431077324942,"below",0.696790712604628
20030101,534.088266666667,546.939639833336,"1050024320",2.5969150405167e-05,0.225707508075123,0.774266522774472,"above",0.53433094959449
20040101,231.0808,260.245729766665,"1050024320",0.433704680822016,0.565411740822099,0.000883578355884374,"normal",0.690924462813508
20050101,194.106133333333,201.774545733331,"1050024320",0.733794677264736,0.266160695631528,4.46271037362056e-05,"below",0.579880528290259
20060101,359.643566666667,328.994156250003,"1050024320",0.136252823326407,0.849717188109986,0.0140299885636072,"normal",0.469822658595605
20070101,306.944933333333,286.767697983336,"1050024320",0.299490226695345,0.69768875002409,0.00282102328056533,"normal",0.628804210096011
20080101,309.1046,313.248058083334,"1050024320",0.188288364040766,0.803725226874952,0.00798640908428205,"normal",0.528586947714236
20090101,314.550833333333,295.304033933335,"1050024320",0.2606353158684,0.735368232186029,0.00399645194557108,"normal",0.598569035806307
20100101,372.1491,307.233393833334,"1050024320",0.211037669299191,0.782591895827199,0.00637043487361089,"normal",0.552372359788031
20110101,596.747166666667,582.064712950001,"1050024320",3.06188158931164e-06,0.109661652217176,0.890335285901235,"above",0.345848935452189
20120101,626.6609,603.58783576667,"1050024320",7.42144922854468e-07,0.0643073072677961,0.935691950587281,"above",0.238669478998303
20130101,625.179433333333,607.138576350001,"1050024320",5.82819292735333e-07,0.0584827710348144,0.941516646145893,"above",0.222781156948234
20140101,492.200633333333,428.535325833338,"1050024320",0.00725498700551356,0.794908244975267,0.197836768019219,"normal",0.538750197275118
20150101,375.2027,353.815256483334,"1050024320",0.0758988833588028,0.892697041524799,0.0314040751163981,"normal",0.405706182258486
20160101,383.129233333333,390.113071550002,"1050024320",0.0271508373791514,0.887401892599342,0.0854472700215063,"normal",0.414109956416258
20170101,427.543833333333,413.507339816671,"1050024320",0.0125126212326235,0.841258337704372,0.146229041063004,"normal",0.481372165198697
20180101,201.6961,238.138791050001,"1050024320",0.552594595638903,0.447099107944741,0.000306296416355267,"below",0.690142621298294
20190101,213.713666666667,259.122743216669,"1050024320",0.439690933919113,0.559470088950515,0.000838977130371621,"normal",0.692150177994503
20200101,245.046366666667,264.243557583335,"1050024320",0.41252599218021,0.586413369077632,0.00106063874215767,"normal",0.685524434000961
20210101,623.2776,414.867680900005,"1050024320",0.0119285700777502,0.837581708975684,0.150489720946566,"normal",0.486286028969079
20220101,523.366266666667,264.243557583335,"1050024320",0.41252599218021,0.586413369077632,0.00106063874215767,"normal",0.685524434000961
20230101,327.440166666667,343.860396183335,"1050024320",0.0970590190581273,0.879933965371153,0.0230070155707199,"normal",0.425716364238795
20240101,269.1884,291.928100350001,"1050024320",0.275687137823824,0.720825569909527,0.00348729226664957,"normal",0.610921122185917
20250101,320.9955,319.273374916668,"1050024320",0.167081910863563,0.822961943749755,0.00995614538668177,"normal",0.50519862058159
20260101,320.9955,357.993131366668,"1050024320",0.0681451637461008,0.896239866320954,0.0356149699329456,"normal",0.400001855934094
19930101,622.070733333333,745.749092634128,"1050024870",0.187931666603519,0.707003147884995,0.105065185511486,"normal",0.796023439466503
19940101,1046.60616666667,911.228736486628,"1050024870",0.0165136283265003,0.48627861731121,0.49720775436229,"above",0.765781418034413
19950101,233.745066666667,439.895445991429,"1050024870",0.921876019923625,0.0779361052219911,0.000187874854383763,"below",0.27548398411355
19960101,887.759033333333,818.9169375073,"1050024870",0.0754211834696821,0.683298022786744,0.241280793743574,"normal",0.798206615979931
19970101,646.430866666667,745.300371238791,"1050024870",0.188843882468406,0.70670437874682,0.104451738784773,"normal",0.796058510060812
19980101,1086.47843333333,1024.94111146036,"1050024870",0.00140355907289903,0.196438215355292,0.802158225571809,"above",0.505739911487843
19990101,1131.31866666667,1050.54130384869,"1050024870",0.000734095419849046,0.147937558552536,0.851328346027615,"above",0.42502895633393
20000101,862.961,800.540155491469,"1050024870",0.0971146293888431,0.702594281765211,0.200291088845946,"normal",0.796521499698809
20010101,661.099,686.776286671866,"1050024870",0.329452083703494,0.625730237428664,0.0448176788678429,"normal",0.798329223664816
20020101,795.249566666667,781.178456318651,"1050024870",0.124586927597566,0.713442833946485,0.161970238455949,"normal",0.795221047757505
20030101,770.568033333333,785.448316955655,"1050024870",0.118104798154475,0.711913310330046,0.169981891515479,"normal",0.7954196603949
20040101,559.0801,816.323346117443,"1050024870",0.078237021169471,0.686529835551591,0.235233143278938,"normal",0.797980873088591
20050101,524.0535,653.89051688639,"1050024870",0.423178873505629,0.550932628107396,0.0258884983869754,"normal",0.786946977926464
20060101,826.528833333333,827.941132136786,"1050024870",0.0662234320279986,0.670810677278798,0.262965890693204,"normal",0.798863275084972
20070101,379.8203,600.591048313096,"1050024870",0.582238845645388,0.408282650041317,0.00947850431329444,"below",0.72481373234022
20080101,920.291166666667,838.970138135635,"1050024870",0.0561905887818245,0.65305092065531,0.290758490562866,"normal",0.799201150029649
20090101,857.829333333333,916.760800293155,"1050024870",0.0148746192184569,0.471299953389335,0.513825427392208,"above",0.759276042720458
20100101,886.886833333333,888.436184749186,"1050024870",0.0249918325830431,0.545900810801554,0.429107356615403,"normal",0.785689084733442
20110101,1277.9687,1001.85844029829,"1050024870",0.00244438079148826,0.247227541499126,0.750328077709386,"above",0.575715378676701
20120101,1562.52746666667,1261.48569788694,"1050024870",9.23436937000896e-07,0.00425897266009567,0.995740103902967,"above",0.0275122114964265
20130101,1136.35306666667,1099.85704786155,"1050024870",0.000190947180493649,0.0785577652006847,0.921251287618822,"above",0.277043208735844
20140101,1107.28326666667,951.346592429784,"1050024870",0.00746908311024752,0.376480607966794,0.616050308922959,"above",0.702786826098135
20150101,348.280066666667,427.517556021369,"1050024870",0.934608394347072,0.0652603688270054,0.000131236825922643,"below",0.242498161366811
20160101,972.110066666667,1020.33661440236,"1050024870",0.00157131699129631,0.206056579650189,0.792372103358515,"above",0.520036211308953
20170101,853.702466666667,722.717463448135,"1050024870",0.238202841907587,0.684957554758253,0.0768396033341592,"normal",0.798093550897064
20180101,458.723433333333,416.060199370159,"1050024870",0.94490108468635,0.0550054506181765,9.34646954735552e-05,"below",0.213953028581717
20190101,523.732066666667,598.430835586488,"1050024870",0.588579576929902,0.402347868142346,0.0090725549277525,"below",0.720949147163798
20200101,829.710066666667,735.215138132877,"1050024870",0.210059746107995,0.698598360299734,0.0913418935922714,"normal",0.7969367451866
20210101,800.748933333333,773.44202996879,"1050024870",0.13695639194538,0.714952327470961,0.148091280583659,"normal",0.795020140600895
20220101,710.012833333333,925.173070064445,"1050024870",0.0126508536326513,0.448309747661882,0.539039398705467,"above",0.748058827536046
20230101,668.103933333333,446.603956314763,"1050024870",0.914231709076929,0.0855408724393719,0.000227418483698671,"below",0.29421258938868
20240101,596.101666666667,576.203153037698,"1050024870",0.652207341101209,0.342090145091804,0.00570251380698694,"below",0.675166315614959
20250101,813.638883333333,874.912108884623,"1050024870",0.0315663689410572,0.578884925568834,0.389548705490109,"normal",0.792784506510959
20260101,813.638883333333,788.607334241904,"1050024870",0.11346510886935,0.710464947544609,0.176069943586041,"normal",0.795603125607772
19930101,947.960777777778,1052.81930636951,"1050870170",0.307908165060001,0.50319727630245,0.188894558637548,"normal",1.02308916791769
19940101,906.131611111111,993.641584187167,"1050870170",0.437981852912444,0.452234167983046,0.10978397910451,"normal",0.963000085351831
19950101,1151.58455555556,1082.85699844058,"1050870170",0.24912028841059,0.510942646632886,0.239937064956524,"normal",1.03181018044902
19960101,1112.05405555556,1109.03570511547,"1050870170",0.203215762855067,0.506849701920472,0.289934535224461,"normal",1.02721469269122
19970101,1133.12841666667,1255.62356429246,"1050870170",0.0458481286447539,0.335191558201375,0.618960313153871,"above",0.804629403574026
19980101,1306.64619444444,1181.02574172902,"1050870170",0.105515336295493,0.44739956655179,0.447085097152717,"normal",0.957044566097388
19990101,1408.09480555556,1260.27204543354,"1050870170",0.0432944704755256,0.32744082597747,0.629264703547004,"above",0.792981067330991
20000101,1002.22802777778,1121.00151313435,"1050870170",0.184035968079626,0.501655729817643,0.314308302102731,"normal",1.02134092645099
20010101,945.265444444444,1191.00891685412,"1050870170",0.0952577865452435,0.434519592232809,0.470222621221947,"above",0.940951403072933
20020101,868.033388888889,981.735409025237,"1050870170",0.465520476831661,0.437203573508349,0.09727594965999,"below",0.944332492041746
20030101,1500.19458333333,1199.27060990299,"1050870170",0.0873400870635281,0.423209767756336,0.489450145180136,"above",0.926541857196529
20040101,1233.44288888889,1148.74994171005,"1050870170",0.144074779299539,0.482038242578475,0.373886978121985,"normal",0.998723065474482
20050101,1231.28369444444,1173.48662319339,"1050870170",0.113774840788096,0.456498787811572,0.429726371400333,"normal",0.968215511690657
20060101,973.813277777778,1004.05670129794,"1050870170",0.414131338154107,0.464230240764837,0.121638421081056,"normal",0.977581106742696
20070101,1038.1925,999.969492882786,"1050870170",0.423458378417705,0.459658249561146,0.116883372021149,"normal",0.972056645488842
20080101,1454.68011111111,1217.83816982788,"1050870170",0.0713534614920818,0.395962299985801,0.532684238522117,"above",0.890713408676923
20090101,1051.92861111111,1002.76121004387,"1050870170",0.417082683707981,0.462800560269923,0.120116756022096,"normal",0.975857881572819
20100101,896.677,1000.22049340087,"1050870170",0.422884299208767,0.459944167696618,0.117171533094615,"normal",0.972403302629442
20110101,893.317888888889,1075.28702936876,"1050870170",0.263354111145065,0.510237334655886,0.22640855419905,"normal",1.03102034010058
20120101,1098.87372222222,1240.94866696826,"1050870170",0.0547116993591485,0.359382932627711,0.58590536801314,"above",0.839978371438678
20130101,1100.59227777778,1038.57185495757,"1050870170",0.337769361895051,0.495010082557851,0.167220555547099,"normal",1.01375613930749
20140101,964.625083333333,1003.37705050766,"1050870170",0.415679102741833,0.463482465000277,0.120838432257891,"normal",0.976680282581248
20150101,1089.42472222222,1086.52881794911,"1050870170",0.242366495091234,0.510978969865703,0.246654535043063,"normal",1.03185083355824
20160101,921.896972222222,1091.4426250202,"1050870170",0.233485693210785,0.510714854137052,0.255799452652163,"normal",1.03155518215638
20170101,1561.91716666667,1309.08356471836,"1050870170",0.0228141251094455,0.246446577668861,0.730739297221694,"above",0.660653343825532
20180101,984.438277777778,985.486742069512,"1050870170",0.456819561532557,0.442081762010211,0.101098676457232,"below",0.950440424890273
20190101,1031.56288888889,1091.43603881741,"1050870170",0.233497474509209,0.510715447560203,0.255787077930589,"normal",1.03155584657004
20200101,1054.68416666667,986.491035439,"1050870170",0.45449351779573,0.443366062739772,0.102140419464498,"below",0.952040545139045
20210101,936.838916666667,1073.67399455,"1050870170",0.26643989779101,0.509977545819176,0.223582556389814,"normal",1.03072919982476
20220101,1221.20244444444,1159.22174278462,"1050870170",0.130641633138139,0.472081703416284,0.397276663445577,"normal",0.986975577456376
20230101,1717.80380555556,1044.14843778971,"1050870170",0.325945927703317,0.498548590869849,0.175505481426834,"normal",1.01780444194663
20240101,1117.44547222222,1149.1861955017,"1050870170",0.143497205884638,0.481649958310101,0.374852835805261,"normal",0.998268368483253
20250101,1072.05444444444,1106.04292328435,"1050870170",0.208193123642746,0.50782705596403,0.283979820393223,"normal",1.02831469349895
20260101,1072.05444444444,1029.36384179567,"1050870170",0.357642344640482,0.488255656106291,0.154101999253227,"normal",1.00596641838281
19930101,228.1371,321.596699863888,"1050873640",0.714515747884558,0.279630128028626,0.00585412408681518,"below",0.626607585975628
19940101,375.071233333333,398.150143633332,"1050873640",0.469481904788763,0.500301493537737,0.0302166016735,"normal",0.807207117325332
19950101,525.371533333333,533.966965130553,"1050873640",0.111669370355129,0.657615564281184,0.230715065363687,"normal",0.858792783907063
19960101,616.7725,679.737217397219,"1050873640",0.00729393459065256,0.305388916764445,0.687317148644903,"above",0.655850333203961
19970101,522.7055,575.089009097221,"1050873640",0.0590023938046442,0.593094825602085,0.34790278059327,"normal",0.844147513935265
19980101,228.816,442.671617066665,"1050873640",0.32612475020002,0.607526957173897,0.0663482926260833,"normal",0.848173210910559
19990101,704.223433333333,547.485380758333,"1050873640",0.0915486031823056,0.641780537760667,0.266670859057027,"normal",0.855987143750839
20000101,538.1913,472.652438530556,"1050873640",0.241172283325636,0.65347998624974,0.105347730424624,"normal",0.85810837217671
20010101,285.7097,408.573487419445,"1050873640",0.434807055527676,0.528469473589449,0.0367234708828754,"normal",0.820519220743234
20020101,449.9884,463.879033916663,"1050873640",0.264732487579067,0.642743128030606,0.0925243843903271,"normal",0.856172053334715
20030101,824.465033333333,816.029442069442,"1050873640",0.000166885740930965,0.0510276587132303,0.948805455545839,"above",0.203139812546046
20040101,300.3472,349.086243191666,"1050873640",0.631436370330507,0.357548682054026,0.0110149476154673,"below",0.707701911245222
20050101,623.241833333333,669.87215526944,"1050873640",0.00914815622534307,0.333453061123746,0.657398782650911,"above",0.684914614695559
20060101,438.6178,398.34100471389,"1050873640",0.468844071268498,0.500829396565994,0.0303265321655078,"normal",0.80747420656127
20070101,319.224666666667,358.568551966667,"1050873640",0.601020782409014,0.385432957081537,0.0135462605094486,"below",0.731733527162433
20080101,861.758866666667,698.052181130556,"1050873640",0.00471122988312667,0.255679478098264,0.739609292018609,"above",0.597036097145683
20090101,505.5799,568.754353925,"1050873640",0.0655242832734375,0.606031121437549,0.328444595289014,"normal",0.847776461306727
20100101,610.7294,615.886631925,"1050873640",0.0283262213597829,0.490899045268022,0.480774733372195,"normal",0.802335113729239
20110101,482.538933333333,416.375566283336,"1050873640",0.40916193415426,0.548528417755843,0.0423096480898965,"normal",0.828859837579218
20120101,715.196533333333,638.58573359722,"1050873640",0.0180100963327973,0.425329525381401,0.556660378285802,"above",0.762045399097837
20130101,283.064433333333,316.729533663889,"1050873640",0.728246858169769,0.266545250377811,0.00520789145241995,"below",0.610748183184766
20140101,192.362566666667,282.887732336114,"1050873640",0.813765049282278,0.184021677628018,0.00221327308970343,"below",0.492727798011181
20150101,181.9203,257.950438597222,"1050873640",0.864633962948794,0.1342428722156,0.00112316483560548,"below",0.402961993968697
20160101,1141.9985,896.24611600555,"1050873640",1.01507715496184e-05,0.0105073314838285,0.989482517744622,"above",0.0584467529964366
20170101,486.7317,558.164477649999,"1050873640",0.0776577596170772,0.625390432319355,0.296951808063568,"normal",0.852549813798338
20180101,430.932333333333,401.905717225001,"1050873640",0.456947708039455,0.510610952134374,0.03244133982617,"normal",0.812300329875232
20190101,460.925566666667,358.741451830556,"1050873640",0.600459817882989,0.385943451039417,0.0135967310775941,"below",0.732151037250264
20200101,574.624066666667,347.709595011112,"1050873640",0.635789434319634,0.353526573921527,0.0106839917588387,"below",0.70403177879274
20210101,538.628633333333,696.920057499996,"1050873640",0.00484329041767821,0.258644584744469,0.736512124837853,"above",0.600827891999054
20220101,967.562466666667,612.502349555555,"1050873640",0.0302214991028917,0.500325054322295,0.469453446574813,"normal",0.807219052305136
20230101,701.347633333333,635.854342666664,"1050873640",0.0190512484839662,0.433365244466202,0.547583507049832,"above",0.767600581340875
20240101,676.733966666667,592.39751798611,"1050873640",0.0437598964256038,0.553230053074966,0.40301005049943,"normal",0.830681259128208
20250101,514.1427,392.726301969443,"1050873640",0.487634191145178,0.485137748368205,0.0272280604866169,"below",0.799241401873097
20260101,514.1427,447.228300491668,"1050873640",0.312447622819848,0.616128423793026,0.0714239533871254,"normal",0.8503635114168
19930101,796.236233333333,936.700274361118,"1050874640",0.139602737514509,0.714406125249599,0.145991137235892,"normal",0.796046354217435
19940101,577.238566666667,721.26593616528,"1050874640",0.311822937166223,0.638212685876017,0.0499643769577603,"normal",0.799699844192553
19950101,1283.2898,1159.24863734862,"1050874640",0.0452228203753856,0.625835461806447,0.328941717818167,"normal",0.799067681101947
19960101,1285.63726666667,1106.71463459167,"1050874640",0.0607108300232167,0.660705796498086,0.278583373478697,"normal",0.799956873394369
19970101,960.687266666667,998.92014262639,"1050874640",0.105118585420107,0.706256622131524,0.188624792448368,"normal",0.797041921220034
19980101,957.462966666667,1021.77790432778,"1050874640",0.0941435407346829,0.699812709536189,0.206043749729128,"normal",0.797728418769153
19990101,712.156033333333,918.49211062223,"1050874640",0.151007868572623,0.714145355499501,0.134846775927877,"normal",0.796080404807222
20000101,734.343333333333,760.448083709725,"1050874640",0.274835344755991,0.663095742729047,0.0620689125149623,"normal",0.799917382896238
20010101,725.9031,862.711319847224,"1050874640",0.189703501112428,0.705901478388178,0.104395020499394,"normal",0.797082077553568
20020101,457.323533333333,801.078383473614,"1050874640",0.238916239552044,0.684163423130518,0.076920337317438,"normal",0.799022112424636
20030101,1061.0199,906.116348591663,"1050874640",0.159104262568189,0.713281793821241,0.12761394361057,"normal",0.796192132706779
20040101,1074.53623333333,1133.58648542222,"1050874640",0.0523371280374773,0.643787131891626,0.303875740070897,"normal",0.799870142917799
20050101,876.4455,1018.19815428889,"1050874640",0.0958041568180447,0.700941390118622,0.203254453063334,"normal",0.797614624933661
20060101,1341.4707,1346.48308972222,"1050874640",0.0136551902406318,0.45797852403377,0.528366285725599,"above",0.753360415896979
20070101,271.8493,412.7368565875,"1050874640",0.639189241818396,0.35446269968796,0.00634805849364439,"below",0.685822589621395
20080101,530.9512,560.083490270835,"1050874640",0.480775470797647,0.500811241537387,0.0184132876649657,"normal",0.771977521638512
20090101,515.838333333333,654.452035759724,"1050874640",0.379318754185181,0.586952851236201,0.0337283945786173,"normal",0.794757745195976
20100101,1502.64,1190.48988914167,"1050874640",0.0376349708417853,0.601846435562944,0.360518593595271,"normal",0.796830600790885
20110101,295.6222,429.780454905555,"1050874640",0.621530903430288,0.371234375280009,0.00723472128970293,"below",0.699104374123073
20120101,1526.72266666667,1356.53881713889,"1050874640",0.0127199078140848,0.447940931043732,0.539339161142183,"above",0.748249525556647
20130101,431.906266666667,517.104875026389,"1050874640",0.5278150725401,0.458481284295713,0.0137036431641873,"below",0.75360877281935
20140101,451.7579,406.213381625001,"1050874640",0.645872584053342,0.34809239343833,0.00603502250832777,"below",0.680522678939334
20150101,173.613766666667,293.802412694446,"1050874640",0.752631657828685,0.244957289745575,0.00241105242574058,"below",0.572989863311088
20160101,2157.81493333333,1715.03621777499,"1050874640",0.000643608453591982,0.138777099062725,0.860579292483683,"above",0.408014056362578
20170101,1168.75926666667,1062.49592451528,"1050874640",0.0767260517397675,0.68393960069073,0.239334347569502,"normal",0.799036752417256
20180101,1448.206,1241.962780425,"1050874640",0.0274213270823364,0.557994454062481,0.414584218855182,"normal",0.789189211654316
20190101,1514.17986666667,1181.61937088889,"1050874640",0.0396754855085754,0.608880388570064,0.351444125921361,"normal",0.79762629330239
20200101,1018.45003333333,409.685726838889,"1050874640",0.642320583101437,0.351479516137749,0.00619990076081356,"below",0.683358412266897
20210101,2333.14476666667,966.806976358335,"1050874640",0.122058963180311,0.712200081151872,0.165740955667816,"normal",0.796329843659799
20220101,1332.2014,1123.70108562084,"1050874640",0.0553040855362396,0.650243367832171,0.294452546631589,"normal",0.799979289910177
20230101,1462.96526666667,378.595704790278,"1050874640",0.673651167006425,0.321492671094809,0.00485616189876537,"below",0.656815942735872
20240101,497.7976,995.956341568057,"1050874640",0.106606821941782,0.706958544423108,0.18643463363511,"normal",0.796961759502897
20250101,959.075116666667,1084.12884551806,"1050874640",0.0685297573510533,0.673319845813924,0.258150396835023,"normal",0.799605179981719
20260101,959.075116666667,875.611040534719,"1050874640",0.180252800035693,0.708796321597156,0.110950878367151,"normal",0.796746883343098
19930101,9.48826923076923,8.21858124038461,"1050887720",0.304320534854676,0.592237097286564,0.10344236785876,"normal",0.906968405242919
19940101,16.3846538461538,12.674724028846,"1050887720",0.0908669594886441,0.57871420366361,0.330418836847746,"normal",0.900361210185746
19950101,1.51234615384615,4.79439380769226,"1050887720",0.548043076667784,0.422904821455328,0.0290521018768882,"below",0.796354836075915
19960101,14.1908461538462,10.9912956346154,"1050887720",0.152831283536035,0.620489114327902,0.226679602136063,"normal",0.919650026676105
19970101,14.6785769230769,18.407508096154,"1050887720",0.00831565836193065,0.25912686791874,0.73255747371933,"above",0.617745201355057
19980101,5.53284615384615,8.35384026923085,"1050887720",0.295631105481267,0.596359578899114,0.108009315619619,"normal",0.908912661340183
19990101,22.219,24.6725110961539,"1050887720",0.000190847559747108,0.0374918159600652,0.962317336480188,"above",0.161707356721018
20000101,10.0382307692308,7.76196538461536,"1050887720",0.334456916434431,0.57648096981239,0.0890621137531791,"normal",0.899235895263403
20010101,43.4416923076923,34.7014069615387,"1050887720",3.22958897720151e-08,0.000140907365556719,0.999859060338554,"above",0.00139096986064155
20020101,4.2805,7.015637826923,"1050887720",0.386011301801051,0.545145494596392,0.0688432036025566,"normal",0.882400100258553
20030101,0.816846153846154,4.78950948076925,"1050887720",0.548400505411802,0.422607137280992,0.0289923573072062,"below",0.796101906013504
20040101,9.94969230769231,8.35184301923073,"1050887720",0.29575858137198,0.596300578503816,0.107940840124204,"normal",0.90888506403142
20050101,9.29165384615385,12.4979587307693,"1050887720",0.0963263048914538,0.585003353545341,0.318670341563206,"normal",0.903478043104347
20060101,10.397,12.8711803173078,"1050887720",0.0850726391746846,0.571252787149332,0.343674573675983,"normal",0.896563161977393
20070101,13.3229615384615,21.1462107115384,"1050887720",0.00186090727469675,0.128087942651172,0.870051150074131,"above",0.396038534502579
20080101,15.9748846153846,12.907221798077,"1050887720",0.0840403717259167,0.569831570989082,0.346128057285002,"normal",0.895827298213458
20090101,5.41930769230769,6.20366942307686,"1050887720",0.444451673313452,0.504471396867962,0.0510769298185862,"normal",0.857518019974082
20100101,38.5638461538462,34.8465076346157,"1050887720",2.77986476134757e-08,0.000126958687819978,0.999873013513532,"above",0.00126649083336546
20110101,8.31607692307692,16.5669161153846,"1050887720",0.0199565235200853,0.369607524899773,0.610435951580141,"above",0.747289335299686
20120101,44.673,32.0758474423076,"1050887720",4.31748647569458e-07,0.000826466533646375,0.999173101717706,"above",0.00669943342201717
20130101,2.53023076923077,6.45220358653852,"1050887720",0.426372567612686,0.517549271589904,0.05607816079741,"normal",0.8659035624476
20140101,9.53576923076923,7.99055410576916,"1050887720",0.319220884494665,0.58471578287708,0.0960633326282547,"normal",0.903337201484008
20150101,0.219153846153846,3.27109352884617,"1050887720",0.656231307892492,0.329005692194137,0.0147629999133707,"below",0.704416641015088
20160101,16.2512307692308,12.54083225,"1050887720",0.0949805288832274,0.583515711692815,0.321503759423958,"normal",0.902747721629699
20170101,2.33623076923077,5.29737807692306,"1050887720",0.511079424833726,0.453145338768589,0.0357752363976843,"below",0.820885116939525
20180101,2.13411538461538,4.44604798076925,"1050887720",0.573419686143402,0.401540278772025,0.025040035084573,"below",0.777614129012469
20190101,3.44484615384615,4.28083327884619,"1050887720",0.585356515774959,0.391337459699787,0.023306024525254,"below",0.768233727786653
20200101,15.1726923076923,21.1841679423077,"1050887720",0.00181967800624168,0.126651684620121,0.871528637373637,"above",0.393023648154469
20210101,28.0345,29.2169630000002,"1050887720",5.61134770580211e-06,0.00441706868409286,0.995577319968201,"above",0.0284313095164335
20220101,8.41834615384615,5.64046594230762,"1050887720",0.485792137205631,0.47315272492245,0.0410551378719192,"below",0.835889684889072
20230101,6.99207692307692,7.25138969230763,"1050887720",0.369456453412007,0.555736928376813,0.0748066182111801,"normal",0.888311678295292
20240101,5.86615384615385,25.6069106153847,"1050887720",9.76234133014665e-05,0.0254370782748451,0.974465298311853,"above",0.119500811808324
20250101,9.51201923076923,7.16557140384615,"1050887720",0.375456589456281,0.551951638554296,0.0725917719894235,"normal",0.886225181052152
20260101,9.51201923076923,10.5653895673078,"1050887720",0.17215964784604,0.624154258037216,0.203686094116743,"normal",0.921186360418804
19930101,773.2204,573.818623611109,"1050888070",0.0238142886787407,0.822352540899473,0.153833170421786,"normal",0.537804145444023
19940101,463.524466666667,517.113212887502,"1050888070",0.0645910390146471,0.866433276761998,0.0689756842233552,"normal",0.485620507880681
19950101,691.274933333333,593.547874423611,"1050888070",0.0161018708380647,0.78870744001801,0.195190689143926,"normal",0.572587496855633
19960101,960.6304,728.073164265281,"1050888070",0.000595429417294973,0.404468108320131,0.594936462262574,"above",0.679490103154256
19970101,295.096566666667,526.416067618058,"1050888070",0.0555411210712416,0.864812014702018,0.0796468642267407,"normal",0.487675636960559
19980101,474.006566666667,517.100124583334,"1050888070",0.0646045335310272,0.866433978020191,0.0689614884487817,"normal",0.485619616681789
19990101,480.720666666667,477.437186598613,"1050888070",0.116405762875078,0.848263799162572,0.0353304379623507,"normal",0.508054132020907
20000101,702.348733333333,634.920791444445,"1050888070",0.00657049996645052,0.692202017205467,0.301227482828082,"normal",0.649103057026121
20010101,356.928366666667,394.963177468055,"1050888070",0.301788434748362,0.691670667850753,0.00654089740088504,"normal",0.649431115385854
20020101,862.433233333333,705.903008484721,"1050888070",0.00110701313726734,0.475324142614125,0.523568844248608,"above",0.699855169728119
20030101,418.214366666667,486.527832237502,"1050888070",0.102501475256021,0.855983765671618,0.0415147590723608,"normal",0.498682420694233
20040101,322.907266666667,491.8830225625,"1050888070",0.0948980228444435,0.859551232550955,0.0455507446046016,"normal",0.494271962969348
20050101,271.975566666667,358.706562968056,"1050888070",0.411761614778264,0.585501824752521,0.00273656046921555,"normal",0.694919994753092
20060101,322.535133333333,461.655641602779,"1050888070",0.143619316459527,0.82998353126902,0.0263971522714531,"normal",0.529313459489828
20070101,225.286966666667,223.324917815278,"1050888070",0.811427630995515,0.188520986260591,5.13827438939352e-05,"below",0.484619372791293
20080101,452.6142,434.977000083335,"1050888070",0.198717453574557,0.785685470965511,0.0155970754599316,"normal",0.575502480200699
20090101,701.132933333333,625.030097954168,"1050888070",0.00821749886897417,0.71809188997521,0.273690611155815,"normal",0.631894435535836
20100101,842.776466666667,645.198770161114,"1050888070",0.00517509291978841,0.663730585297532,0.33109432178268,"normal",0.665266126655275
20110101,75.8753666666667,200.587442016667,"1050888070",0.85745486433804,0.142521604132036,2.35315299236261e-05,"below",0.409785346087723
20120101,1007.13153333333,828.963007774999,"1050888070",2.39732366198898e-05,0.143500118505982,0.856475908257398,"above",0.411541990415151
20130101,461.802833333333,395.995884887499,"1050888070",0.298853160284658,0.69444944416813,0.00669739554721172,"normal",0.647704337042178
20140101,264.702833333333,274.612126693056,"1050888070",0.678715010178518,0.32101978239066,0.000265207430821146,"below",0.629982212304582
20150101,191.429433333333,204.902714508333,"1050888070",0.849360560453428,0.150612079412465,2.73601341064245e-05,"below",0.424079684464321
20160101,893.441,862.658412377777,"1050888070",7.10023191692955e-06,0.0901253184919734,0.90986758127611,"above",0.302918274068637
20170101,362.510766666667,432.31844686528,"1050888070",0.204831003998874,0.780402947693264,0.014766048307862,"normal",0.580515988346133
20180101,395.011366666667,365.841248347221,"1050888070",0.389235427718254,0.607495400429868,0.00326917185187703,"normal",0.688763602840072
20190101,272.483933333333,410.371408004165,"1050888070",0.259411017260771,0.731343473970658,0.009245508768571,"normal",0.62215342601978
20200101,497.495266666667,496.956074458335,"1050888070",0.0880863045430238,0.862254239208127,0.0496594562488489,"normal",0.490896536359641
20210101,803.171466666667,683.094396823612,"1050888070",0.0020294655934726,0.548600596123983,0.449369938282544,"normal",0.701408983377198
20220101,566.242466666667,788.664265255554,"1050888070",9.34324786571751e-05,0.230971628346943,0.7689349391744,"above",0.541383488987059
20230101,593.354633333333,377.020131658333,"1050888070",0.35470318231344,0.641004221814846,0.0042925958717146,"normal",0.676105869198868
20240101,503.556666666667,569.699118131945,"1050888070",0.0257669151831505,0.828243757959405,0.145989326857445,"normal",0.531269016853574
20250101,468.765516666667,504.249999601391,"1050888070",0.0789408887266165,0.864980002980652,0.056079108292731,"normal",0.487463181618149
20260101,468.765516666667,527.410273984724,"1050888070",0.0546363091679594,0.864506272793445,0.0808574180385953,"normal",0.488062020217543
19930101,1186.63375757576,1291.30398026021,"1050892990",0.251458305032404,0.676604885164655,0.0719368098029405,"normal",0.800795746809319
19940101,974.172606060606,1202.26598237966,"1050892990",0.426301146116292,0.547848988365529,0.0258498655181796,"normal",0.787632391382211
19950101,1353.40806060606,1242.71029399737,"1050892990",0.342481910485188,0.615319709768322,0.0421983797464898,"normal",0.79936290821922
19960101,1547.83006060606,1703.97670975169,"1050892990",0.00178614429595389,0.215254611451562,0.782959244252484,"above",0.533489259957847
19970101,1464.43878787879,1305.37695581612,"1050892990",0.227705685356696,0.689268201036196,0.0830261136071078,"normal",0.800049008637717
19980101,1429.22115151515,1254.30985491748,"1050892990",0.319618121054232,0.632191400288674,0.0481904786570941,"normal",0.800607280210911
19990101,1639.99606060606,1396.58765045314,"1050892990",0.107054519004623,0.705965169894311,0.186980311101066,"normal",0.798533617774006
20000101,1176.22984848485,1261.91454942005,"1050892990",0.304985651143795,0.642538794157635,0.0524755546985691,"normal",0.801047393481435
20010101,1461.65833333333,1263.05083529693,"1050892990",0.302825058849188,0.644033905289311,0.0531410358615018,"normal",0.801090873248498
20020101,1138.66357575758,1220.28825759419,"1050892990",0.38828640332116,0.579386134859649,0.0323274618191906,"normal",0.79448715104556
20030101,1874.06184848485,1554.512061997,"1050892990",0.0178206269627184,0.494316511106114,0.487862861931167,"normal",0.770205317706452
20040101,1591.6136969697,1703.71193719714,"1050892990",0.00179439744496627,0.215669540305762,0.782536062249272,"above",0.534074711611686
20050101,1716.09854545455,1698.27702550925,"1050892990",0.00197165540458949,0.22428346069046,0.77374488390495,"above",0.546025796804041
20060101,1103.40045454545,1272.18713578457,"1050892990",0.285707932324593,0.655554194654221,0.0587378730211854,"normal",0.801256880599935
20070101,1363.35478787879,1230.61624629161,"1050892990",0.366949960834382,0.596442075543047,0.0366079636225709,"normal",0.797183970227996
20080101,1841.64533333333,1704.51720336546,"1050892990",0.0017694038238511,0.214408967911674,0.783821628264475,"above",0.532293265691418
20090101,1090.51575757576,1232.26911561423,"1050892990",0.363571232803273,0.599094536192485,0.0373342310042419,"normal",0.797540887691761
20100101,1321.3366969697,1240.89543852033,"1050892990",0.346114710122847,0.612567406235442,0.041317883641711,"normal",0.799097316641798
20110101,1038.08936363636,1184.20703381338,"1050892990",0.465093012486002,0.514421020762258,0.02048596675174,"normal",0.777629224891198
20120101,1564.20121212121,1664.36212146265,"1050892990",0.00348512146475128,0.281927035222264,0.714587843312984,"above",0.616809746609165
20130101,1414.50163636364,1310.63758849732,"1050892990",0.219161995043854,0.693351750979914,0.0874862539762321,"normal",0.799733886690031
20140101,1083.90509090909,1233.83137948104,"1050892990",0.360387437056557,0.601581097611983,0.0380314653314596,"normal",0.797860334755442
20150101,1332.53363636364,1380.58274520315,"1050892990",0.123978595630765,0.711513773745717,0.164507630623518,"normal",0.797897743656031
20160101,1101.48524242424,1216.1842642312,"1050892990",0.396863409680181,0.572391242913394,0.0307453474064249,"normal",0.793178028939507
20170101,1823.88306060606,1706.43363245828,"1050892990",0.00171119112356786,0.211425460851524,0.786863348024908,"above",0.528043318121127
20180101,1170.87636363636,1298.7805998634,"1050892990",0.238678818943023,0.683643298397164,0.0776778826598132,"normal",0.800423851823781
20190101,1167.16590909091,1227.25072500678,"1050892990",0.373861317484167,0.59097380574268,0.0351648767731522,"normal",0.796395311587985
20200101,1719.03487878788,1697.19925391151,"1050892990",0.00200864151029768,0.226013364718237,0.771977993771465,"above",0.54837986812752
20210101,1016.78124242424,1302.23326565395,"1050892990",0.232899495675546,0.686656817580806,0.0804436867436478,"normal",0.800231582361622
20220101,1358.48657575758,1240.33311336452,"1050892990",0.347243216389101,0.611708675996363,0.0410481076145359,"normal",0.799010831323429
20230101,2074.65181818182,1544.72266529724,"1050892990",0.0202912322778459,0.513042973788615,0.46666579393354,"normal",0.777154648299611
20240101,1292.03463636364,1658.69565250022,"1050892990",0.00382142376166618,0.292147919432783,0.704030656805551,"above",0.62782879069889
20250101,1355.94731818182,1261.71551439093,"1050892990",0.305364810216641,0.642275518830712,0.0523596709526473,"normal",0.801039212981841
20260101,1355.94731818182,1263.39445520371,"1050892990",0.302173034549698,0.644483371596197,0.053343593854105,"normal",0.801102955516572
19930101,86.2384705882353,67.8236206212309,"1050893000",0.0965860574534374,0.725544163740213,0.17786977880635,"normal",0.765659745786442
19940101,14.4817647058824,33.80168295472,"1050893000",0.340778179816533,0.624415716492019,0.0348061036914485,"normal",0.777794977779726
19950101,28.2123529411765,59.4582704380282,"1050893000",0.139583191814275,0.733808662050415,0.12660814613531,"normal",0.763627177298456
19960101,36.325,93.1269286716871,"1050893000",0.0247734670286512,0.578146040965915,0.397080492005433,"normal",0.775144691932317
19970101,80.2735882352941,100.817123455726,"1050893000",0.0151849118822353,0.50855117747691,0.476263910640855,"normal",0.760747573757036
19980101,148.655529411765,128.213766021769,"1050893000",0.00197170979577992,0.253333758787414,0.744694531416806,"above",0.579642690577922
19990101,110.328764705882,93.3341866605256,"1050893000",0.024460351035511,0.576364946665806,0.399174702298683,"normal",0.774934882225149
20000101,17.7861176470588,27.6843208960634,"1050893000",0.401236222876042,0.574607986280494,0.0241557908434638,"normal",0.774719951210737
20010101,121.696294117647,89.4711128597562,"1050893000",0.0308725240744945,0.608448254646195,0.360679221279311,"normal",0.777483220990664
20020101,145.456764705882,95.3790032106873,"1050893000",0.0215454155358174,0.558471785338071,0.419982799126112,"normal",0.772373434017132
20030101,213.806823529412,128.649262491972,"1050893000",0.00190149693213213,0.249753505136829,0.748344997931039,"above",0.575329958515526
20040101,68.7377647058824,99.5669385866081,"1050893000",0.0164830688244486,0.520275383539095,0.463241547636457,"normal",0.764083789255474
20050101,160.656588235294,99.1046998396222,"1050893000",0.016986538827119,0.524577543424909,0.458435917747972,"normal",0.765213436352668
20060101,19.2622352941176,26.7817220279977,"1050893000",0.410401314198993,0.566754078883821,0.022844606917186,"normal",0.773662068581623
20070101,154.639294117647,79.4735170163766,"1050893000",0.0541016870614482,0.67775725329389,0.268141059644662,"normal",0.774371803035025
20080101,22.6642941176471,27.7407878756038,"1050893000",0.400664596735447,0.575095524698767,0.024239878565786,"normal",0.774780386143053
20090101,6.88129411764706,47.1910199911288,"1050893000",0.223340844109746,0.705035840628594,0.0716233152616594,"normal",0.770038216332766
20100101,103.835235294118,105.406240278243,"1050893000",0.0111445239633621,0.464678536949481,0.524176939087157,"above",0.744828290629764
20110101,19.1684705882353,92.5292611408032,"1050893000",0.0256952774160879,0.583246485788187,0.391058236795725,"normal",0.775700683809865
20120101,100.856470588235,59.2953003084821,"1050893000",0.140533326511444,0.733742735911638,0.125723937576918,"normal",0.76364399644218
20130101,26.6862352941176,26.24968237822,"1050893000",0.415827064917828,0.562072738030416,0.0221001970517557,"normal",0.772955631354562
20140101,38.3866470588235,76.7828203221433,"1050893000",0.0622861816434103,0.692272146945842,0.245441671410748,"normal",0.772279506470641
20150101,9.22858823529412,71.9338219610492,"1050893000",0.0794347871412983,0.713281496812635,0.207283716046066,"normal",0.768392365793767
20160101,129.388176470588,102.992866865532,"1050893000",0.0131346199852271,0.487885799630085,0.498979580384688,"above",0.753934370981523
20170101,12.45,26.5174797366812,"1050893000",0.413093987683783,0.564433722749135,0.022472289567082,"normal",0.773319026119951
20180101,13.0476470588235,31.1189713853801,"1050893000",0.366894485347204,0.60336873661287,0.0297367780399257,"normal",0.777251954409246
20190101,16.7827058823529,26.0926157909651,"1050893000",0.417431955043253,0.560683655730766,0.0218843892259809,"normal",0.772735052087038
20200101,82.3976470588235,31.146882669708,"1050893000",0.366619318456735,0.603594500112748,0.029786181430517,"normal",0.777263596336649
20210101,12.0524705882353,31.1999634589095,"1050893000",0.366096204069143,0.604023472821788,0.0298803231090682,"normal",0.777285367255437
20220101,15.9425294117647,26.5174797366812,"1050893000",0.413093987683783,0.564433722749135,0.022472289567082,"normal",0.773319026119951
20230101,42.7163529411765,85.3229336761675,"1050893000",0.0392466268670188,0.639884217764114,0.320869155368868,"normal",0.777503078667307
20240101,37.5289411764706,26.4819952632488,"1050893000",0.413455894992654,0.564121421166992,0.0224226838403543,"normal",0.773271788966092
20250101,37.9577941176471,28.4118474418083,"1050893000",0.393887934932916,0.580853920910714,0.0252581441563701,"normal",0.775448136032666
20260101,37.9577941176471,26.6174339083667,"1050893000",0.412074949712928,0.565312531456813,0.0226125188302589,"normal",0.773450591929521
19930101,1591.3358,1466.32514786667,"1050908780",0.158688570868636,0.559114738882209,0.282196690249154,"normal",0.974206816790625
19940101,984.669666666667,1135.26153698333,"1050908780",0.420076443817581,0.495279149390212,0.0846444067922064,"normal",0.921352058443069
19950101,1978.58876666667,1624.14184691666,"1050908780",0.0837403620914531,0.493894442923931,0.422365194984616,"normal",0.920118832836696
19960101,2314.18036666667,1994.41918770002,"1050908780",0.011511606205469,0.231433991409906,0.757054402384625,"above",0.600790436770896
19970101,1267.55776666667,1460.42180671667,"1050908780",0.162157380424401,0.560435183833396,0.277407435742203,"normal",0.975220749997325
19980101,1308.40996666667,1368.03427536668,"1050908780",0.222763926727239,0.569212626032771,0.208023447239991,"normal",0.981882384377239
19990101,1082.651,1125.19778354999,"1050908780",0.429583310447318,0.489473513248244,0.0809431763044388,"normal",0.916155808393515
20000101,1361.00183333333,1297.16940776666,"1050908780",0.276910849672856,0.560567617297522,0.162521533029622,"normal",0.975322271150274
20010101,1041.25103333333,1215.14521935,"1050908780",0.346683380935131,0.534693977376298,0.118622641688572,"normal",0.954888309554324
20020101,1270.5471,1428.10560370001,"1050908780",0.182013494639246,0.566070343150152,0.251916162210602,"normal",0.979513137042949
20030101,1375.54533333333,1117.52790096666,"1050908780",0.436856603414678,0.48493800012801,0.0782053964573116,"normal",0.912049079989589
20040101,1188.43996666667,1141.69798361666,"1050908780",0.414020159385263,0.498902567042517,0.0870772735722198,"normal",0.924561011563088
20050101,1112.94853333333,1272.71355391667,"1050908780",0.296988308188183,0.554562601287467,0.14844909052435,"normal",0.970687538688603
20060101,1530.45323333333,1517.28019836665,"1050908780",0.130780268846322,0.54411821907107,0.325101512082608,"normal",0.962472090678955
20070101,459.696466666667,672.327445649994,"1050908780",0.819745143694717,0.17387820278576,0.00637665351952355,"below",0.499351270990828
20080101,1005.03193333333,1049.90136133334,"1050908780",0.501634755269044,0.441344807968074,0.0570204367628818,"below",0.870384168083412
20090101,1212.05113333333,1245.94277835,"1050908780",0.319699102301684,0.546294423548068,0.134006474150248,"normal",0.964200171060639
20100101,2281.28383333333,1808.24517641666,"1050908780",0.0340608786515054,0.368002432647668,0.597936688700827,"above",0.790492905385729
20110101,340.557133333333,724.886338233328,"1050908780",0.784557910650736,0.206399511415172,0.00904257793409213,"below",0.558600163484488
20120101,2535.62246666667,2032.56083119999,"1050908780",0.00901490653734956,0.206095222658874,0.784889870803776,"above",0.558070005333077
20130101,888.757733333333,1215.18863916668,"1050908780",0.346644743237439,0.534711843213187,0.118643413549374,"normal",0.954902841410914
20140101,709.571733333333,921.739352933324,"1050908780",0.622891857382914,0.347680663440229,0.0294274791768563,"below",0.765936686560761
20150101,342.775766666667,581.560166433335,"1050908780",0.871440312880178,0.125189603277374,0.00337008384244863,"below",0.39923706250368
20160101,3166.3257,2641.88277526664,"1050908780",6.303157115738e-05,0.0119149472071582,0.988022021221684,"above",0.0652983466963306
20170101,1435.83363333333,1377.04295685001,"1050908780",0.216340827945466,0.56935620788093,0.214302964173604,"normal",0.981990230313103
20180101,1725.5619,1543.83543776668,"1050908780",0.117666553484603,0.533864716892152,0.348468729623245,"normal",0.954213147055446
20190101,1685.79073333333,1723.46298785002,"1050908780",0.0526377976674182,0.429970688074503,0.517391514258078,"above",0.858832204368912
20200101,1435.1021,1663.08356956666,"1050908780",0.0702099635276199,0.470396392876037,0.459393643596343,"normal",0.89859795885233
20210101,3051.28713333333,1889.85735310001,"1050908780",0.021641946342903,0.306601175184686,0.671756878472411,"above",0.712686800887707
20220101,1711.90343333333,1236.81351005,"1050908780",0.327607030012452,0.543083202687539,0.12930976730001,"normal",0.961647174147612
20230101,1985.56606666667,656.048424999999,"1050908780",0.829867432662308,0.164426709845989,0.00570585749170316,"below",0.481077311251566
20240101,973.451866666667,1865.89742656669,"1050908780",0.0248117650406774,0.324564703874481,0.650623531084842,"above",0.736591850223736
20250101,1334.7059,1285.45745636666,"1050908780",0.286442850060775,0.557879861724841,0.155677288214384,"normal",0.973255782617956
20260101,1334.7059,1285.57656649998,"1050908780",0.286345131245703,0.557908945791941,0.155745922962355,"normal",0.973278212790534
19930101,793.497966666667,769.226265583335,"1050909040",0.0836667487829908,0.812869567257415,0.103463683959594,"normal",0.610694995837303
19940101,473.8816,552.009375016669,"1050909040",0.315945208718947,0.668815493211656,0.0152392980693964,"normal",0.696816215962205
19950101,511.1747,508.896989599994,"1050909040",0.38205391844664,0.608376038413628,0.00957004313973198,"normal",0.714441901140235
19960101,875.483833333333,1024.43353596668,"1050909040",0.00733771931049779,0.572935021351394,0.419727259338108,"normal",0.719564226074939
19970101,1216.85553333333,1155.83497558334,"1050909040",0.00141422821280621,0.364419200670316,0.634166571116878,"above",0.665969234434118
19980101,376.4615,559.680707533331,"1050909040",0.304705441357998,0.678789804011933,0.0165047546300691,"normal",0.69284506644108
19990101,1488.10343333333,1331.94410011667,"1050909040",0.000100844610882888,0.141308467014345,0.858590688374772,"above",0.408345081058422
20000101,1384.13583333333,1061.66236208334,"1050909040",0.00473170987156572,0.514425868542552,0.480842421585882,"normal",0.719352254743753
20010101,291.067766666667,478.22577848333,"1050909040",0.431419129396485,0.561827481191851,0.00675338941166381,"normal",0.720362356243994
20020101,1410.81463333333,1182.65601538334,"1050909040",0.000977000343210387,0.323845998229441,0.675177001427348,"above",0.63710011846408
20030101,996.8425,965.432868200013,"1050909040",0.0140690585244257,0.658683578022821,0.327247363452753,"normal",0.700543685316927
20040101,436.045766666667,379.513821183333,"1050909040",0.593683556734435,0.404327518577343,0.0019889246882222,"below",0.68805399738085
20050101,490.386466666667,514.692790049996,"1050909040",0.372911638146856,0.616883537532502,0.0102048243206426,"normal",0.712634257158004
20060101,601.53,823.826724866678,"1050909040",0.0539733327236492,0.795783495552448,0.150243171723902,"normal",0.624127754836455
20070101,438.3042,415.813725983337,"1050909040",0.534400050663521,0.462425707998419,0.00317424133806077,"below",0.709775914504211
20080101,1148.71793333333,1137.20885246667,"1050909040",0.00181602920187822,0.39346356828473,0.604720402513392,"above",0.682638654690089
20090101,1485.20766666667,1307.69698516668,"1050909040",0.000149461429215279,0.165040351354751,0.834810187216033,"above",0.449373225052415
20100101,1484.1357,1179.23658955,"1050909040",0.00102482965099783,0.328922496913898,0.670052673435104,"above",0.641082346439349
20110101,311.255033333333,353.533196466663,"1050909040",0.634910284942968,0.363684605868753,0.00140510918827952,"below",0.665505379361738
20120101,1193.1659,1180.80552143334,"1050909040",0.00100262357433193,0.326589475598022,0.672407900827646,"above",0.639265693428589
20130101,665.299933333333,519.041931250003,"1050909040",0.366097701535797,0.623197310036585,0.0107049884276179,"normal",0.711149223535064
20140101,180.6621,288.777314983332,"1050909040",0.730298039926147,0.269138177699882,0.000563782373970256,"below",0.587004135476546
20150101,217.5232,310.659084266667,"1050909040",0.699469233292919,0.299757366298063,0.000773400409018632,"below",0.616697159947587
20160101,1037.3726,1017.16921293334,"1050909040",0.00797333603584566,0.584048271304334,0.40797839265982,"normal",0.718378368688713
20170101,293.293433333333,432.437160866669,"1050909040",0.506911207290403,0.48918415918688,0.00390463352271675,"below",0.715833448862705
20180101,137.828366666667,255.676893933331,"1050909040",0.773712132723779,0.22594348138271,0.000344385893510712,"below",0.537330308064408
20190101,143.447966666667,260.037058,"1050909040",0.768229025502427,0.231403113514437,0.000367860983136459,"below",0.544146118132302
20200101,829.0381,1101.52011305001,"1050909040",0.00288734126869451,0.450373822889718,0.546738835841588,"above",0.706248662791344
20210101,1054.8468,402.331734449999,"1050909040",0.556580236402508,0.44074491750456,0.00267484609293178,"below",0.703067696606388
20220101,833.513,831.56160301667,"1050909040",0.0505439979763414,0.791593209451961,0.157862792571698,"normal",0.627290019965619
20230101,1072.89763333333,464.350346466665,"1050909040",0.454159229044059,0.540100516170806,0.00574025478513496,"normal",0.720794334129677
20240101,1073.3464,345.594982283332,"1050909040",0.647225860812617,0.351513282661853,0.00126085652553021,"below",0.657509359110765
20250101,811.268033333334,1018.99159943334,"1050909040",0.00780949034261119,0.581272027990098,0.410918481667291,"normal",0.71871077643201
20260101,811.268033333334,760.503005466673,"1050909040",0.0893757870392038,0.813527493128198,0.0970967198325983,"normal",0.610160447307546
19930101,3561.07686666667,3527.63168774103,"1050909890",0.262327235892965,0.511247026227768,0.226425737879268,"normal",1.03035214772986
19940101,2275.89933333333,3130.07345326186,"1050909890",0.440853678027844,0.451297858073469,0.107848463898687,"normal",0.960324440368913
19950101,4148.93343333333,3651.22347316092,"1050909890",0.215435215199618,0.510029606439414,0.274535178360968,"normal",1.02899458159036
19960101,4749.3818,3813.13158928803,"1050909890",0.162019349513134,0.493647028181076,0.34433362230579,"normal",1.01047341742705
19970101,4006.45156666667,3410.91472845763,"1050909890",0.310971210872984,0.503302958811877,0.185725830315139,"normal",1.0214470540449
19980101,3168.08156666667,3733.75723724151,"1050909890",0.187032618924301,0.503715648154845,0.309251732920854,"normal",1.02191238553669
19990101,4317.8685,3748.38806593169,"1050909890",0.182250772701749,0.50214831100809,0.315600916290161,"normal",1.02014352893584
20000101,3757.021,3492.74112288065,"1050909890",0.276452252262514,0.509787970253758,0.213759777483728,"normal",1.02872482320236
20010101,2744.0873,3326.61587688265,"1050909890",0.348359193047064,0.492283472927134,0.159357334025802,"normal",1.00891038787208
20020101,3836.23226666667,3749.25199766767,"1050909890",0.181970820337081,0.502051620056116,0.315977559606803,"normal",1.02003426435766
20030101,4307.88576666667,3631.65330836621,"1050909890",0.222519677467885,0.510885890882469,0.266594431649646,"normal",1.0299497072669
20040101,3009.16716666667,3119.21557816336,"1050909890",0.446110613427048,0.448488294792375,0.105401091780577,"normal",0.956876395497953
20050101,3442.55826666667,3502.20824016677,"1050909890",0.272583009731729,0.510261879957656,0.217155110310615,"normal",1.02925379217122
20060101,3120.79566666667,3484.11729641993,"1050909890",0.280000121068497,0.509305908634317,0.210693970297186,"normal",1.02818635526071
20070101,2327.85323333333,3247.18537843756,"1050909890",0.38499911922299,0.478128533885207,0.136872346891803,"normal",0.992485491840392
20080101,4113.0164,3872.73185564221,"1050909890",0.144740994570376,0.483651231657592,0.371607773772032,"normal",0.998937375666678
20090101,3683.33126666667,3587.91884036074,"1050909890",0.2388224735209,0.511898831147205,0.249278695331896,"normal",1.0310779320499
20100101,5257.03143333333,3709.4404600571,"1050909890",0.195149989748624,0.506025140565177,0.298824869686198,"normal",1.02451095830863
20110101,1623.84623333333,2666.92681849488,"1050909890",0.662386115100665,0.302142284971218,0.035471599928117,"below",0.752902900450881
20120101,5304.6186,3687.90067022639,"1050909890",0.202516274723461,0.507759236213309,0.28972448906323,"normal",1.02645597797822
20130101,3008.5347,3672.78351732901,"1050909890",0.207784003025847,0.50879968650366,0.283416310470493,"normal",1.02762046515062
20140101,2009.1779,3007.90704746864,"1050909890",0.500384302901964,0.417019780113165,0.0825959169848706,"below",0.917167322861793
20150101,1914.7609,3658.74235377337,"1050909890",0.212748538519728,0.509634706821463,0.27761675465881,"normal",1.02855367007688
20160101,5609.9699,4232.89283442029,"1050909890",0.0667044427772568,0.387939394627442,0.545356162595302,"above",0.878601661676377
20170101,3437.80133333333,3537.23974718638,"1050909890",0.258503469832589,0.511509872087015,0.229986658080396,"normal",1.03064491483147
20180101,2971.17906666667,3447.85288153108,"1050909890",0.295156258671822,0.50675660234323,0.198087138984948,"normal",1.0253320305272
20190101,2906.35816666667,3133.6891146914,"1050909890",0.439105387692963,0.452222161903064,0.108672450403973,"normal",0.961455402793827
20200101,3955.506,3688.35427028335,"1050909890",0.202359456828024,0.507725759229853,0.289914783942123,"normal",1.02641847874181
20210101,4895.08983333333,3504.76612378044,"1050909890",0.271542226141667,0.510379973578586,0.218077800279747,"normal",1.02938554538407
20220101,3727.90156666667,3671.38962182434,"1050909890",0.208273762097192,0.508888249208545,0.282837988694263,"normal",1.02771949882033
20230101,5019.93766666667,3628.10838875873,"1050909890",0.223817013509419,0.511014409627936,0.265168576862645,"normal",1.030092951319
20240101,3333.1618,4081.41725621136,"1050909890",0.0942391342810024,0.434365470820404,0.471395394898594,"above",0.939305878102506
20250101,3622.20406666667,3489.78465154241,"1050909890",0.277666067138652,0.509628109171248,0.2127058236901,"normal",1.02854630139956
20260101,3622.20406666667,3329.26038670483,"1050909890",0.347161177815589,0.492693473097392,0.160145349087019,"normal",1.00938071796124
19930101,2364.9818,2083.33160106665,"1050909900",0.164233276619587,0.701438774437847,0.134327948942566,"normal",0.815086924763421
19940101,1311.5825,1619.86069236667,"1050909900",0.495628171932033,0.485258295186513,0.0191135328814538,"below",0.774412672517549
19950101,2729.08226666667,2561.57847916666,"1050909900",0.0241760457497755,0.519266174653794,0.456557779596431,"normal",0.7882475144239
19960101,3200.60903333333,2755.23334013332,"1050909900",0.00870354732931724,0.375437066283151,0.615859386387532,"above",0.707621770417928
19970101,2496.29906666667,2727.00874726665,"1050909900",0.0101934139855765,0.396607903064277,0.593198682950147,"above",0.723316662196439
19980101,1705.29873333333,2068.55621138335,"1050909900",0.171971438075687,0.700252531257148,0.127776030667165,"normal",0.815149252455902
19990101,2607.28973333333,2539.90516375,"1050909900",0.0268607073813018,0.534450459908984,0.438688832709714,"normal",0.793463719490143
20000101,2616.1221,2256.98753168334,"1050909900",0.0902451748404871,0.681353993219647,0.228400831939866,"normal",0.815746104913034
20010101,1286.4015,1441.33814934999,"1050909900",0.641035009511752,0.351714289399309,0.00725070108893955,"below",0.68829049088384
20020101,2638.11006666667,2323.47634868335,"1050909900",0.069722187789523,0.657856776404603,0.272421035805874,"normal",0.815434159619113
20030101,2330.80813333333,1816.21242129997,"1050909900",0.337127789049111,0.614721572446202,0.048150638504687,"normal",0.811732726624576
20040101,1407.26996666667,1747.11009799999,"1050909900",0.391178212097289,0.573450074033978,0.0353717138687334,"normal",0.804250104125423
20050101,1600.69723333333,1802.93210318332,"1050909900",0.347297216365086,0.60725980400119,0.0454429796337247,"normal",0.810670685633802
20060101,2054.76573333333,2125.96281401665,"1050909900",0.143192561238394,0.702298557000118,0.154508881761488,"normal",0.815039926013532
20070101,914.1453,1153.33980991666,"1050909900",0.83188686028556,0.166949810814208,0.00116332890023207,"below",0.459826640681069
20080101,2248.24753333333,2069.97006834998,"1050909900",0.171221057925851,0.700385742194483,0.128393199879666,"normal",0.81514239880611
20090101,2602.98596666667,2267.40745354999,"1050909900",0.0867615336768275,0.67821420785225,0.235024258470922,"normal",0.815772528361767
20100101,3842.0248,3397.26150251662,"1050909900",0.00010100056525483,0.0511198075829545,0.948779191851791,"above",0.202824280531423
20110101,585.390466666667,1024.84235483333,"1050909900",0.89056548994979,0.108972859063664,0.00046165098654638,"below",0.348316517413262
20120101,3701.25246666667,3026.65676716665,"1050909900",0.00162073080303241,0.193138773405714,0.805240495791254,"above",0.502426629467901
20130101,1552.93356666667,1554.62386046667,"1050909900",0.549757063297361,0.436635363691756,0.0136075730108822,"below",0.749202371628612
20140101,901.335433333333,1362.32769526667,"1050909900",0.700537984111611,0.29492588298498,0.00453613290340893,"below",0.633915383195934
20150101,555.671533333333,1037.74477353334,"1050909900",0.885442548122252,0.114049369189674,0.000508082688073785,"below",0.359198808465963
20160101,4417.06903333333,3970.72823781657,"1050909900",4.5060055659506e-07,0.00233643090703484,0.997663118492409,"above",0.0164974737490752
20170101,1656.32513333333,1760.58063353331,"1050909900",0.380437095660137,0.581946090673372,0.0376168136664915,"normal",0.806114598352871
20180101,1804.485,1817.63110981669,"1050909900",0.336048268980839,0.615504366625312,0.0484473643938482,"normal",0.811836822016864
20190101,1747.48473333333,2004.15485798333,"1050909900",0.208355982536864,0.689820882319595,0.101823135143541,"normal",0.815571209825478
20200101,2170.98026666667,2278.52166050001,"1050909900",0.0831575921686144,0.674637977549322,0.242204430282064,"normal",0.815777172021335
20210101,3932.56356666667,2018.33794893332,"1050909900",0.19997574113499,0.69284371278725,0.10718054607776,"normal",0.815472309209192
20220101,2386.31643333333,2069.86215628332,"1050909900",0.171278256484473,0.700375721650422,0.128346021865104,"normal",0.815142915640219
20230101,2959.90473333333,2179.30209408334,"1050909900",0.119540397939717,0.698013638963119,0.182445963097164,"normal",0.815258926944758
20240101,2011.20616666667,1671.26101006667,"1050909900",0.452986830536666,0.522320619287348,0.024692550175986,"normal",0.789343629601085
20250101,2209.6139,1367.81331421667,"1050909900",0.696552953018618,0.298757016479417,0.00469003050196526,"below",0.637966685638353
20260101,2209.6139,2071.65084573334,"1050909900",0.170331742469739,0.700538685209917,0.129129572320344,"normal",0.815134484531338
19930101,680.801516129032,753.419313801077,"1050915980",0.517862865153586,0.478142548873684,0.00399458597273017,"below",0.715634076612757
19940101,732.909903225806,769.256708496775,"1050915980",0.461253459297244,0.532717844546725,0.00602869615603097,"normal",0.723221628083514
19950101,877.09564516129,825.723916937098,"1050915980",0.272986061647974,0.704475146964754,0.0225387913872718,"normal",0.686685203499939
19960101,1019.11035483871,1067.70599205538,"1050915980",0.002764589514705,0.431025432034161,0.566209978451134,"above",0.701086462648284
19970101,1049.30367741935,1051.91609302419,"1050915980",0.00423385076662351,0.485756833657439,0.510009315575938,"above",0.717278487554384
19980101,634.144225806452,747.229166410219,"1050915980",0.539954184352786,0.456661873754071,0.00338394189314373,"below",0.70994545250355
19990101,893.236838709677,793.087176159142,"1050915980",0.37788362047787,0.611298224545425,0.0108181549767048,"normal",0.717576186969668
20000101,870.563870967742,828.82580248871,"1050915980",0.263813768015761,0.712114777282522,0.0240714547017166,"normal",0.683017236723373
20010101,789.438903225806,934.282393943015,"1050915980",0.0573271748053996,0.791196619515131,0.151476205679469,"normal",0.635087554843674
20020101,748.07035483871,765.866030212904,"1050915980",0.473346253690674,0.521124985602365,0.00552876070696096,"normal",0.722417539245371
20030101,1063.96625806452,1036.02108282312,"1050915980",0.00638275190153579,0.540381947498822,0.453235300599642,"normal",0.723518179659111
20040101,799.575967741936,816.553353101076,"1050915980",0.300994059175185,0.680525364760091,0.0184805760647248,"normal",0.697077116653281
20050101,1331.32961290323,1203.29359596882,"1050915980",3.29340946633242e-05,0.0832993728890857,0.916667693016251,"above",0.287124523860788
20060101,701.211580645161,671.170135922044,"1050915980",0.783067248192981,0.216583709955518,0.000349041851501641,"below",0.525592194477579
20070101,649.051903225806,652.299991658603,"1050915980",0.829417483665293,0.170396807968296,0.000185708366410964,"below",0.458261323180534
20080101,1458.29458064516,1260.05410770108,"1050915980",3.39929126890987e-06,0.0292312843936433,0.970765316315088,"above",0.132105900527167
20090101,1048.56435483871,1040.29121463011,"1050915980",0.00572674459304615,0.5258312786453,0.468441976761654,"normal",0.722795784995496
20100101,1144.58970967742,1032.76785069086,"1050915980",0.00692631249356328,0.551379052164784,0.441694635341653,"normal",0.723619418427686
20110101,898.503935483871,822.627919409677,"1050915980",0.282295899730879,0.696612181086869,0.0210919191822523,"normal",0.69028229691251
20120101,1195.41529032258,1134.42645892527,"1050915980",0.000371803076243767,0.221692881157685,0.777935315766071,"above",0.532256960117886
20130101,665.439967741935,738.382487709141,"1050915980",0.57129655762269,0.426046903253117,0.0026565391241925,"below",0.699099495749004
20140101,459.192225806452,573.426500560217,"1050915980",0.95148121582398,0.048508883758789,9.90041723047952e-06,"below",0.194224604210282
20150101,437.865451612903,574.359261148927,"1050915980",0.950632870315174,0.0493568513767089,1.02783081169511e-05,"below",0.196744968812002
20160101,1295.56596774194,1158.53747451344,"1050915980",0.000165809319363443,0.163001656125181,0.836832534555455,"above",0.446193564455818
20170101,891.047580645161,1066.49855916452,"1050915980",0.00285804074856165,0.435197081474838,0.561944877776601,"above",0.70268404508573
20180101,909.814096774194,930.548844107527,"1050915980",0.0612793159154046,0.794968869722456,0.14375181436214,"normal",0.63234912628855
20190101,845.057322580645,825.904095216666,"1050915980",0.272448978538962,0.704925510063622,0.0226255113974161,"normal",0.686473701061694
20200101,925.508516129032,637.569787072582,"1050915980",0.860817790363377,0.13907084595354,0.000111363683083621,"below",0.40438160091046
20210101,898.559322580645,1041.5779785258,"1050915980",0.00554116013045841,0.521424403634076,0.473034436235465,"normal",0.72244371950368
20220101,1181.43603225806,1042.88467322097,"1050915980",0.00535818786564175,0.516940115721049,0.477701696413309,"normal",0.72202145800996
20230101,982.254161290323,1192.91424515484,"1050915980",4.85691393649916e-05,0.0984950839874863,0.901456346873149,"above",0.322289642102107
20240101,1157.29651612903,1120.84271705914,"1050915980",0.000574747611608662,0.25941146161795,0.740013790770441,"above",0.577130870951963
20250101,895.870387096774,760.023797905377,"1050915980",0.49423390029493,0.501012868307517,0.00475323139755301,"normal",0.719996026212295
20260101,895.870387096774,918.290025884409,"1050915980",0.0757637647749872,0.803954541260223,0.12028169396479,"normal",0.625660589362908
19930101,280.2829,224.759741020958,"1050915990",0.130529528897261,0.478912430142947,0.390558040959791,"normal",0.985566102479852
19940101,186.9519,191.978148323211,"1050915990",0.231521856729587,0.516383325962862,0.252094817307551,"normal",1.02739007482627
19950101,136.074566666667,169.763095355454,"1050915990",0.319348500380861,0.505043952736761,0.175607546882378,"normal",1.01499791208465
19960101,206.157366666667,203.293945785094,"1050915990",0.192564808637881,0.510512790256411,0.296922401105708,"normal",1.02100255786762
19970101,328.7977,297.187675067943,"1050915990",0.0235352431723149,0.2561055109129,0.720359245914785,"above",0.67337942432382
19980101,181.128266666667,215.526860891461,"1050915990",0.155282946968162,0.495605815649496,0.349111237382342,"normal",1.0045104032367
19990101,90.4767333333333,158.785085043975,"1050915990",0.36734214628393,0.488734078554565,0.143923775161505,"normal",0.996773863908051
20000101,106.770733333333,216.131200847207,"1050915990",0.153573691320867,0.494650439562632,0.351775869116501,"normal",1.00343991186602
20010101,180.453533333333,210.471054510626,"1050915990",0.170072319224053,0.502806652244775,0.327121028531173,"normal",1.01252620811252
20020101,49.6329666666667,219.26836807614,"1050915990",0.1449016675498,0.489375547853704,0.365722784596496,"normal",0.997499693282527
20030101,222.227333333333,181.378122043369,"1050915990",0.27168619867948,0.514726325422203,0.213587475898317,"normal",1.02559321648388
20040101,206.875766666667,224.776764745609,"1050915990",0.130486563699183,0.478877645694092,0.390635790606725,"normal",0.985526091513614
20050101,564.308233333333,330.580059305513,"1050915990",0.00858655965843142,0.154654638240324,0.836758802101244,"above",0.478649999621317
20060101,103.270166666667,213.009050612205,"1050915990",0.162538702602045,0.499370337787413,0.338090959610542,"normal",1.00871254773654
20070101,170.155266666667,191.525934089817,"1050915990",0.233164931894427,0.516454557272707,0.250380510832866,"normal",1.0274672118521
20080101,443.8833,246.400379177494,"1050915990",0.0835811234938512,0.424547437951737,0.491871438554412,"above",0.920167734917107
20090101,251.9791,231.944490889037,"1050915990",0.113258776647979,0.463018205829796,0.423723017522225,"normal",0.967046047652718
20100101,212.467633333333,188.845177711013,"1050915990",0.243036922363298,0.516616899189972,0.24034617844673,"normal",1.027642980608
20110101,128.377933333333,223.488819501719,"1050915990",0.133764791228629,0.481469076693136,0.384766132078236,"normal",0.988500731052216
20120101,455.328566666667,315.65421280163,"1050915990",0.0137134741996249,0.197091689010895,0.789194836789481,"above",0.565751752619529
20130101,211.2381,205.554662172994,"1050915990",0.185291331478709,0.508411572859209,0.306297095662082,"normal",1.01870169129733
20140101,114.414766666667,156.684582179956,"1050915990",0.376795276008706,0.484873595617012,0.138331128374282,"normal",0.992389776571822
20150101,84.2011333333333,158.517745927038,"1050915990",0.368540963565067,0.488255410143126,0.143203626291807,"normal",0.996231755798796
20160101,305.270866666667,276.129890949466,"1050915990",0.0413604628974716,0.328072375269042,0.630567161833487,"above",0.788171389212798
20170101,271.909933333333,256.895141888239,"1050915990",0.0660014787054077,0.39238725928246,0.541611262012133,"above",0.878597508546227
20180101,222.849833333333,191.876076538767,"1050915990",0.231892159322582,0.516400509306571,0.251707331370847,"normal",1.02740868362629
20190101,293.687,304.594741451084,"1050915990",0.0190490654092102,0.231729727037327,0.749221207553463,"above",0.630595636730565
20200101,168.102333333333,206.554759408923,"1050915990",0.182128844920721,0.507385557925827,0.310485597153452,"normal",1.01757537381078
20210101,178.121333333333,206.008780720524,"1050915990",0.183851123384708,0.507952981915705,0.308195894699587,"normal",1.01819849746265
20220101,92.1858,192.025313285751,"1050915990",0.231350860058834,0.51637516829031,0.252273971650856,"normal",1.02738124024962
20230101,52.8356333333333,205.883606939745,"1050915990",0.184247406313659,0.508080601803258,0.307671991883082,"normal",1.01833856685358
20240101,236.514466666667,227.645266016754,"1050915990",0.123386210878182,0.472817084086176,0.403796705035642,"normal",0.978520317623563
20250101,196.554633333333,226.311035488011,"1050915990",0.126654414522172,0.475684977307194,0.397660608170634,"normal",0.981844082790276
20260101,196.554633333333,200.002417334053,"1050915990",0.20346172087366,0.51302514345846,0.28351313566788,"normal",1.02374349400811
