"YYYY","Q","pred","HYBAS_ID","p_below","p_normal","p_above","class_hat","entropy"
19930101,1909.40086666667,1792.33259888331,"1050021910",0.386361798004461,0.60847699945804,0.00516120253749808,"normal",0.696893703368295
19940101,2153.02986666667,2152.84242888335,"1050021910",0.154011039752291,0.812682061062132,0.0333068991855772,"normal",0.569985692673821
19950101,2683.02743333333,2492.94786713333,"1050021910",0.0437626384903677,0.830143774192044,0.126093587317588,"normal",0.552574633334998
19960101,3570.9438,3598.24801749999,"1050021910",3.93260524236736e-05,0.13675874111336,0.863201932834216,"above",0.399468196951658
19970101,4302.9823,3906.40844649994,"1050021910",2.40449847271384e-06,0.0427774450173266,0.957220150484201,"above",0.176706134938056
19980101,1703.7466,1674.25824294998,"1050021910",0.480245070008994,0.51723217239744,0.00252275759356624,"normal",0.708324352733491
19990101,3466.62156666667,3273.70155313336,"1050021910",0.000499545269478382,0.330508713345921,0.6689917413846,"above",0.638634685958906
20000101,3098.9989,3121.98681116666,"1050021910",0.00142562671355003,0.446982805653015,0.551591567633435,"above",0.697436584117891
20010101,1598.6216,1684.53702634999,"1050021910",0.471950261964433,0.525359151117645,0.0026905869179219,"normal",0.708461267384468
20020101,2764.77216666667,2943.31252661664,"1050021910",0.00438033447028958,0.587504779597196,0.408114885932514,"normal",0.702019909486925
20030101,2306.59413333333,2264.89192493332,"1050021910",0.106300084074543,0.839695157132473,0.0540047587929839,"normal",0.542601750437915
20040101,1561.12716666667,1586.59750366666,"1050021910",0.550966843059661,0.447600157197977,0.00143299974236222,"below",0.697609536450833
20050101,2963.53696666667,2944.46571109997,"1050021910",0.00435039749389343,0.586627018235292,0.409022584270814,"normal",0.702202195081383
20060101,3127.11293333333,3062.78989045001,"1050021910",0.00209577825364343,0.494025793897519,0.503878427848838,"above",0.706665843064364
20070101,2118.3404,2138.51248771669,"1050021910",0.161003562179332,0.807787122099964,0.0312093157207041,"normal",0.574676932366171
20080101,2865.54753333333,2932.53448094998,"1050021910",0.00466915994129433,0.595675148262145,0.399655691796561,"normal",0.700198658697426
20090101,2514.41843333333,2490.27443269997,"1050021910",0.0442670811836548,0.830757898876675,0.124975019939671,"normal",0.551942993622993
20100101,2974.14026666667,2937.67268268332,"1050021910",0.00452941407069103,0.591787765965122,0.403682819964187,"normal",0.701093218953329
20110101,3044.32363333333,3164.03372513331,"1050021910",0.00107552773200867,0.41385069770324,0.585073774564751,"above",0.686080633343627
20120101,3696.32363333333,3383.04124198331,"1050021910",0.000222074892008332,0.254820294446716,0.744957630661275,"above",0.569594008278693
20130101,1666.87636666667,1617.62665420001,"1050021910",0.526002338589003,0.472241183772358,0.00175647763863906,"below",0.703380118296585
20140101,689.8611,746.301248966661,"1050021910",0.966446016918213,0.033552580560989,1.40252079783298e-06,"below",0.146902528716654
20150101,1046.13423333333,1249.66177218332,"1050021910",0.79128812818975,0.208587985292377,0.000123886517873317,"below",0.513289233784173
20160101,1906.2651,2182.99125453331,"1050021910",0.13996487508774,0.82193525009444,0.03809987481782,"normal",0.560891178977459
20170101,739.7871,744.446822449996,"1050021910",0.96672553408848,0.0332730888965881,1.37701493152509e-06,"below",0.145961742866188
20180101,1496.71433333333,1564.03637658332,"1050021910",0.568998181323929,0.429768792725841,0.00123302595023023,"below",0.692047881206218
20190101,614.114533333333,698.577781066667,"1050021910",0.973051350153814,0.0269477790763776,8.7076980814782e-07,"below",0.123979728938939
20200101,3616.7906,3448.83754163332,"1050021910",0.000133336217115747,0.214035102936053,0.785831560846832,"above",0.520544959913105
20210101,1681.8859,1543.9993383,"1050021910",0.584893694920162,0.414029113438104,0.00107719164173359,"below",0.686152820090131
20220101,1932.93343333333,2204.10564195,"1050021910",0.130662459562526,0.827556948675377,0.0417805917620976,"normal",0.555220805377351
20230101,2177.9998,2156.87780460001,"1050021910",0.152078727547041,0.814003162915872,0.0339181095370868,"normal",0.568705384730902
20240101,3558.88786666667,3556.84866501666,"1050021910",5.56412982212989e-05,0.15597088459113,0.843973474110648,"above",0.433519176914465
20250101,2242.29696666666,2409.56316604998,"1050021910",0.061826354653536,0.84375571257117,0.0944179327752943,"normal",0.538265237506598
20260101,2242.29696666666,2117.84575086668,"1050021910",0.171447427121389,0.800174950098188,0.0283776227804229,"normal",0.581808253854946
19930101,26.1199655172414,37.1330399563218,"1050021920",0.340763464492138,0.648000348666333,0.0112361868415293,"normal",0.698433573989798
19940101,94.3780344827586,88.4471515045975,"1050021920",0.000118257612878111,0.162496525109525,0.837385217277597,"above",0.444953237660441
19950101,78.8454137931034,81.2357572229884,"1050021920",0.000646693620078228,0.29922306502792,0.700130241352002,"above",0.615370105680785
19960101,61.7601034482759,66.7716804724138,"1050021920",0.0108142568520166,0.643073707561711,0.346112035586273,"normal",0.700091737317513
19970101,90.5406206896552,87.8288180258621,"1050021920",0.000137873123675408,0.17234165323286,0.827520473643465,"above",0.460917202809539
19980101,40.1078965517241,43.3236507183907,"1050021920",0.210582368617124,0.759922484793436,0.0294951465894394,"normal",0.640616985620761
19990101,36.678724137931,37.0298025252874,"1050021920",0.343176403510788,0.645779804785227,0.0110437917039846,"normal",0.699190273241026
20000101,51.6383103448276,50.445266529885,"1050021920",0.104253596829402,0.820101001160349,0.0756454020102488,"normal",0.593652407921595
20010101,48.8317586206897,51.6448773597701,"1050021920",0.0910963489594904,0.821772323632322,0.0871313274081875,"normal",0.592189263153602
20020101,30.3418620689655,35.8022556017241,"1050021920",0.372333904850585,0.618699377334575,0.00896671781484015,"normal",0.707183510975087
20030101,30.7999310344828,31.104256383908,"1050021920",0.489366010775124,0.506796110143338,0.00383787908153799,"normal",0.715514462847091
20040101,35.6835862068965,31.8181923442528,"1050021920",0.471261394076859,0.524349440558512,0.00438916536462919,"normal",0.71689540181899
20050101,149.131206896552,118.463985403447,"1050021920",1.15542039441924e-08,0.00190008401762209,0.998099904428174,"above",0.0138041554859351
20060101,62.4085517241379,53.6909525614943,"1050021920",0.071561018471275,0.818791424748445,0.10964755678028,"normal",0.594792850950395
20070101,65.7780689655172,59.4032312586208,"1050021920",0.0337867824834452,0.772646573917784,0.193566643598771,"normal",0.631612722546083
20080101,82.8861034482759,89.4578975632182,"1050021920",9.17293360906348e-05,0.147204464375755,0.852703806288155,"above",0.418759038354278
20090101,44.1446206896552,43.9393916333334,"1050021920",0.199448425602246,0.76832806924725,0.0322235051505041,"normal",0.634724314938698
20100101,67.1942413793103,58.633616961494,"1050021920",0.0376317370844786,0.781960568393331,0.180407694522191,"normal",0.624707247716132
20110101,82.349,90.35680011954,"1050021920",7.29395166240466e-05,0.134438851344965,0.865488209138411,"above",0.395495721045676
20120101,71.0393103448276,72.1720274729887,"1050021920",0.00413855343243159,0.516643225684491,0.479218220883077,"normal",0.716415075453566
20130101,51.5651034482759,50.2527228189655,"1050021920",0.10648763892819,0.819597792519836,0.0739145685519732,"normal",0.594091251628169
20140101,18.1479655172414,23.7566831574712,"1050021920",0.67039417766983,0.328742647109638,0.000863175220532475,"below",0.639892784448242
20150101,17.185724137931,31.4617576586206,"1050021920",0.480295099800331,0.515599240621651,0.00410565957801767,"normal",0.71633487848904
20160101,28.8150344827586,30.8666065982759,"1050021920",0.495399255253981,0.500932102034393,0.00366864271162581,"normal",0.71482431800048
20170101,22.8982068965517,22.704845767816,"1050021920",0.694255627736019,0.30505870476948,0.000685667494501496,"below",0.620520759597633
20180101,46.903,52.7524288402298,"1050021920",0.0800808683835876,0.821070524245217,0.0988486073711955,"normal",0.592804695766625
20190101,24.9907931034483,24.0728344563218,"1050021920",0.663078417733404,0.335997317693218,0.000924264573377909,"below",0.645347303799223
20200101,115.906,89.8266349287356,"1050021920",8.35289630506701e-05,0.141873117035555,0.858043354001394,"above",0.409204327334683
20210101,29.3824482758621,24.277007671839,"1050021920",0.658320617336555,0.340713581075119,0.00096580158832571,"below",0.648775529355886
20220101,36.7219310344828,24.2797025304597,"1050021920",0.658257649129434,0.340775989756436,0.000966361114130176,"below",0.648820276557741
20230101,45.431275862069,55.8472926011494,"1050021920",0.0546319370926944,0.807766218115038,0.137601844792268,"normal",0.604184788655041
20240101,76.0936551724138,61.8459335074712,"1050021920",0.0236661919026821,0.73728140040566,0.239052407691657,"normal",0.655413410264228
20250101,47.8673793103448,59.9787552609196,"1050021920",0.0311277853720794,0.765092664794925,0.203779549832995,"normal",0.637018080617408
20260101,47.8673793103448,36.0072575620689,"1050021920",0.367407976596423,0.623304258767167,0.00928776463641001,"normal",0.705985825021835
19930101,511.49,477.341206982754,"1050021940",0.0865367162980618,0.756016250100307,0.157447033601631,"normal",0.714290493450273
19940101,725.450068965517,652.210553275864,"1050021940",0.00136447690118458,0.263203245885101,0.735432277213715,"above",0.586328691851701
19950101,727.014206896552,753.124435482757,"1050021940",4.07629669244122e-05,0.0578801139850157,0.94207912304806,"above",0.221544647388255
19960101,485.840965517241,477.953180879305,"1050021940",0.0856382015404994,0.755533778640835,0.158828019818666,"normal",0.714498825535954
19970101,393.202586206897,312.258795534484,"1050021940",0.571607714768381,0.422973127184425,0.0054191580471934,"below",0.711923495747572
19980101,410.442137931034,436.087793793099,"1050021940",0.164324357121764,0.753496337462252,0.0821793054159843,"normal",0.71537231167775
19990101,260.307344827586,227.036504172416,"1050021940",0.835704991639058,0.163882642309216,0.000412366051726343,"below",0.449604738450299
20000101,513.785206896552,422.825668862067,"1050021940",0.196859809136606,0.738191793293404,0.06494839756999,"normal",0.721607807303915
20010101,484.262344827586,494.816734310343,"1050021940",0.0635396746491641,0.736476548351468,0.199983776999368,"normal",0.72227069519164
20020101,362.729551724138,374.778220948278,"1050021940",0.343165587277242,0.632043919037963,0.0247904936847947,"normal",0.748667312977108
20030101,538.797275862069,591.550524741383,"1050021940",0.00755364458990414,0.467569862489597,0.524876492920499,"above",0.730686024552405
20040101,246.053310344828,314.237450706897,"1050021940",0.564337710594463,0.429949019712759,0.00571326969277763,"below",0.715282887785153
20050101,793.475827586207,782.73179268966,"1050021940",1.24017421999477e-05,0.0322034967822443,0.967784101475556,"above",0.14247233058775
20060101,869.884103448276,791.861863724138,"1050021940",8.46659543168913e-06,0.026516759764027,0.973474773640541,"above",0.122524427336257
20070101,602.470931034483,547.398990931033,"1050021940",0.0218396295294638,0.615082746695353,0.363077623775183,"normal",0.750292619773408
20080101,669.024310344828,645.220742034486,"1050021940",0.0016871918387062,0.284690073688585,0.713622734472709,"above",0.609220661951313
20090101,437.987068965517,450.244075258617,"1050021940",0.133683996656644,0.762166421057372,0.104149582285984,"normal",0.711584972156702
20100101,354.167275862069,361.883033689654,"1050021940",0.388465672237976,0.592957880908124,0.0185764468539,"normal",0.751255740995763
20110101,482.05824137931,463.646497000001,"1050021940",0.108526302698568,0.762865896186197,0.128607801115235,"normal",0.711271415844245
20120101,579.008689655172,575.195265775863,"1050021940",0.0113948963036961,0.524644249463796,0.463960854232508,"normal",0.74570242149093
20130101,360.326655172414,366.302186051722,"1050021940",0.372733684543376,0.606729130114444,0.0205371853421805,"normal",0.750811222657861
20140101,160.695172413793,224.618127362071,"1050021940",0.841238267715656,0.158381724120111,0.000380008164232448,"below",0.440283722654596
20150101,180.972586206897,247.854278982757,"1050021940",0.783008633315281,0.216174440772284,0.000816925912434763,"below",0.528449092796838
20160101,263.772137931034,413.337886344823,"1050021940",0.222368594877723,0.723184163714708,0.0544472414075696,"normal",0.727160854654665
20170101,128.493965517241,180.654868879309,"1050021940",0.920795315492697,0.0791255878198285,7.90966874744115e-05,"below",0.27744817087296
20180101,483.330620689655,467.53595260345,"1050021940",0.101908023335027,0.761693861822094,0.136398114842879,"normal",0.711796132345728
20190101,46.8535862068966,127.396962275862,"1050021940",0.971816721817673,0.0281737466394083,9.53154291838398e-06,"below",0.128454915244515
20200101,796.29275862069,422.392230672411,"1050021940",0.197985074970087,0.73757827098849,0.0644366540414228,"normal",0.721845748861596
20210101,422.970551724138,404.38944777586,"1050021940",0.248066748721571,0.706113713956555,0.0458195373218745,"normal",0.732795708192355
20220101,321.354413793103,245.941032379312,"1050021940",0.788224487109153,0.211007199621506,0.000768313269340681,"below",0.521383746383723
20230101,471.354379310345,459.117230137927,"1050021940",0.116616343560094,0.76345177787508,0.119931878564826,"normal",0.711007862004872
20240101,471.272068965517,356.840357913792,"1050021940",0.406642105382972,0.576821926938242,0.0165359676787862,"normal",0.75111950635548
20250101,471.313224137931,462.904575310345,"1050021940",0.109823101869463,0.763019332410849,0.127157565719688,"normal",0.711202474794849
20260101,471.313224137931,577.610186793105,"1050021940",0.0107379933490818,0.516325433725281,0.472936572925638,"normal",0.744118193085653
19930101,3699.25313333333,3748.02782273331,"1050022420",0.078914618593224,0.831696604840494,0.0893887765662824,"normal",0.569518692764954
19940101,2549.9019,2621.62229824999,"1050022420",0.772818000436638,0.226953779974332,0.00022821958903041,"below",0.537652385471957
19950101,4988.55023333333,4907.73636206668,"1050022420",0.000137991709291174,0.189313356109049,0.81054865218166,"above",0.486561324029778
19960101,4937.98873333333,4805.59443906671,"1050022420",0.000289849508615745,0.246697580599531,0.753012569891853,"above",0.561246737353493
19970101,4366.1077,4588.56832665,"1050022420",0.00124456732443254,0.393212645661296,0.605542787014272,"above",0.679109874955607
19980101,3279.27906666667,3319.71251099999,"1050022420",0.277309025143644,0.707538602270388,0.0151523725859672,"normal",0.663947465796534
19990101,4706.45836666667,4941.12466926665,"1050022420",0.000107417660488483,0.172487024929359,0.827405557410153,"above",0.460876614042539
20000101,4044.23006666667,3977.12408291669,"1050022420",0.0320242629076044,0.785268652366472,0.182707084725924,"normal",0.610604853481601
20010101,2757.81766666667,2574.24003088332,"1050022420",0.799277641041425,0.200560774151239,0.000161584807336079,"below",0.502714951119662
20020101,3976.93643333333,3710.89420433337,"1050022420",0.0899303981952536,0.831645953884568,0.0784236479201786,"normal",0.569567309724057
20030101,4556.26653333333,4589.54743791665,"1050022420",0.00123686188858416,0.392497677333977,0.606265460777439,"above",0.678752388247002
20040101,3048.4826,3261.62050943338,"1050022420",0.315817282500395,0.672804857671643,0.0113778598279626,"normal",0.681569110332136
20050101,3874.14536666667,3819.9922079667,"1050022420",0.0605172858653472,0.825668963278379,0.113813750856273,"normal",0.575245862991619
20060101,3707.87653333333,3571.47235198332,"1050022420",0.141465728751803,0.812364268601094,0.0461700026471034,"normal",0.587471113669709
20070101,2656.8366,2586.15764396668,"1050022420",0.79280269905434,0.207020926555925,0.000176374389735612,"below",0.511642608976658
20080101,4413.23533333333,4383.36802111666,"1050022420",0.00425591993341947,0.545829109110366,0.449914970956215,"normal",0.71305241938296
20090101,4002.9134,3813.63571568331,"1050022420",0.0619933502075455,0.826524826399999,0.111481823392456,"normal",0.574439837066575
20100101,5347.7863,5040.79341398327,"1050022420",4.9694933587763e-05,0.128109064680016,0.871841240386397,"above",0.383311581215068
20110101,1838.77793333333,2099.63770486665,"1050022420",0.959887601096479,0.0401091008525261,3.29805099485991e-06,"below",0.168335512891425
20120101,5290.0559,5408.42251416666,"1050022420",2.14072898177103e-06,0.032860624888672,0.967137234382346,"above",0.144579528571773
20130101,3283.81076666667,3417.75650244999,"1050022420",0.218015351630138,0.758021714137128,0.0239629342327332,"normal",0.631495184218911
20140101,2228.19346666667,2404.80348764998,"1050022420",0.877796449481186,0.122159455788482,4.40947303321781e-05,"below",0.371686171755864
20150101,2112.18326666667,2205.01723513334,"1050022420",0.93909896071457,0.0608926594838107,8.37980161971785e-06,"below",0.22952248550525
20160101,5903.58426666667,5558.06241581663,"1050022420",5.19102321175906e-07,0.016696368438484,0.983303112459195,"above",0.0848951812799569
20170101,3478.0535,3546.70906416665,"1050022420",0.15238484681017,0.805860724072096,0.0417544291177337,"normal",0.593239085852393
20180101,3581.95746666667,3766.36578974997,"1050022420",0.0738666639513613,0.830926144641903,0.0952071914067358,"normal",0.570257313708776
20190101,2901.2428,2822.29958733332,"1050022420",0.641786575419657,0.35730971241833,0.000903712162012349,"below",0.658692246350186
20200101,4237.1146,4363.06697161666,"1050022420",0.00476928605893828,0.560686237588931,0.43454447635213,"normal",0.712078216884801
20210101,4955.4285,4995.34942221667,"1050022420",7.09278818078738e-05,0.147254966433593,0.852674105684599,"above",0.418655110597409
20220101,3980.73653333333,3806.93153221665,"1050022420",0.0635804383415973,0.827359955922287,0.109059605736116,"normal",0.573651049870045
20230101,5348.27333333333,5472.32185646666,"1050022420",1.18040915162487e-06,0.0248302202507845,0.975168599340064,"above",0.116301520865688
20240101,3690.31243333333,3965.18075601669,"1050022420",0.0337047998255373,0.789592788893278,0.176702411281185,"normal",0.607071122977646
20250101,3925.5409,3739.62895036664,"1050022420",0.0813120622035581,0.831873949076057,0.0868139887203845,"normal",0.569348404555585
20260101,3925.5409,3732.70822481664,"1050022420",0.0833285309049914,0.831937146095079,0.08473432299993,"normal",0.569287697300318
19930101,106.3453,156.626892135,"1050022430",0.490604801075328,0.504526375798825,0.00486882312584724,"normal",0.720457949251224
19940101,344.707166666667,334.286408770556,"1050022430",0.000264811700475674,0.195527505793456,0.804207682506068,"above",0.496527639025214
19950101,268.6762,308.528675966111,"1050022430",0.00150698229065299,0.358758731060319,0.639734286649028,"above",0.663328088742987
19960101,174.9791,180.247131817778,"1050022430",0.315207857173214,0.668099525871387,0.0166926169553989,"normal",0.701690722457964
19970101,198.9999,221.439012218333,"1050022430",0.100423449624542,0.807721660538884,0.0918548898365745,"normal",0.622595970966772
19980101,257.222733333333,224.652358919999,"1050022430",0.089896305593063,0.807556004481738,0.102547689925199,"normal",0.622723298486547
19990101,230.880833333333,240.753537810555,"1050022430",0.0491330586520905,0.781139580969851,0.169727360378058,"normal",0.64201343858363
20000101,202.6933,183.365376042778,"1050022430",0.294063988271008,0.686569434153615,0.0193665775753773,"normal",0.69449072463972
20010101,288.234833333333,294.958128271111,"1050022430",0.00343159092548484,0.458785550961428,0.537782858113087,"above",0.710533316688092
20020101,357.129033333333,329.357142027778,"1050022430",0.000376093249946879,0.222876702367463,0.77674720438259,"above",0.533771785790935
20030101,50.4114666666667,83.5404352538891,"1050022430",0.918089410266612,0.0818790381563803,3.155157700796e-05,"below",0.283690670880461
20040101,342.695733333333,338.618567710556,"1050022430",0.000193176440725039,0.173243038803988,0.826563784755287,"above",0.462799811379623
20050101,463.600366666667,406.99022998889,"1050022430",5.47407189461048e-07,0.0117490061263442,0.988250446466466,"above",0.0639005742506862
20060101,307.372066666667,308.259400769445,"1050022430",0.00153274449171869,0.360686903280933,0.637780352227348,"above",0.664590856369417
20070101,259.407133333333,196.394942896666,"1050022430",0.213606574634791,0.7516000980599,0.0347933273053092,"normal",0.661194783933444
20080101,261.5004,272.832748335,"1050022430",0.0114595281875521,0.619267754314369,0.369272717498079,"normal",0.715852648296177
20090101,171.682466666667,152.465849440556,"1050022430",0.52275068481573,0.473406988778171,0.00384232640609905,"below",0.71446600133266
20100101,92.2390333333333,124.95298062,"1050022430",0.722424388071761,0.27688517722954,0.000690434698699449,"below",0.595478758402189
20110101,415.421966666667,411.909265579446,"1050022430",3.36360078546414e-07,0.00912441561804544,0.990875248021876,"above",0.0519435759629172
20120101,158.942433333333,162.771333314444,"1050022430",0.443308077509671,0.549859862895088,0.00683205959524114,"normal",0.723559049771644
20130101,217.228033333333,218.710794658333,"1050022430",0.110044908345384,0.806511006716745,0.0834440849378708,"normal",0.623524683714427
20140101,254.301133333333,234.47008387611,"1050022430",0.0628117790728239,0.796441629167118,0.140746591760058,"normal",0.631085038324682
20150101,144.817266666667,136.933494604444,"1050022430",0.63981454389419,0.358679524509952,0.00150593159585732,"below",0.663275903611992
20160101,67.7801666666667,86.2644539822224,"1050022430",0.909806198167666,0.0901544188262372,3.93830060970712e-05,"below",0.303330037005019
20170101,142.1723,162.857587768333,"1050022430",0.442648271256533,0.550487731750441,0.00686399699302565,"normal",0.723556146864564
20180101,295.5439,306.171724361111,"1050022430",0.00174651338152702,0.375740319852163,0.62251316676631,"above",0.673951967642894
20190101,111.713766666667,113.527818083889,"1050022430",0.791430795154497,0.208256049930009,0.000313154915493996,"below",0.514403636103031
20200101,170.5225,187.982265464444,"1050022430",0.264022635881658,0.711988671642463,0.0239886924758784,"normal",0.68294407210437
20210101,267.669566666667,308.883991027778,"1050022430",0.00147359293359265,0.356219439896758,0.642306967169649,"above",0.661642771930401
20220101,329.148133333333,398.757547869446,"1050022430",1.21275817413248e-06,0.0176126321693555,0.98238615507247,"above",0.0886141908968564
20230101,321.5413,308.477264713889,"1050022430",0.00151187020864078,0.359126617281912,0.639361512509447,"above",0.663570146577537
20240101,272.3723,397.910788031112,"1050022430",1.31432265797002e-06,0.0183378196071181,0.981660866070224,"above",0.091516817591459
20250101,255.761933333333,228.864343475,"1050022430",0.0773692886436965,0.80473458993326,0.117896121423044,"normal",0.62487973967437
20260101,255.761933333333,235.322226586111,"1050022430",0.0607992675986778,0.7947336627084,0.144467069692922,"normal",0.632338373022357
19930101,18.8626333333333,36.8684610333335,"1050022910",0.896073338469863,0.10363452878989,0.000292132740246642,"below",0.335633825949883
19940101,233.434133333333,219.944719349999,"1050022910",0.00570552468245955,0.357265984695057,0.637028490622483,"above",0.684463614045857
19950101,321.964333333333,299.14273185,"1050022910",1.52898346026009e-05,0.0232922510302416,0.976692459135156,"above",0.110773675199862
19960101,140.135833333333,147.965783883334,"1050022910",0.149165174401879,0.723546767628442,0.127288057969679,"normal",0.780328501564373
19970101,174.295233333333,164.253151783335,"1050022910",0.084234608218316,0.704542704662397,0.211222687119287,"normal",0.783562294972644
19980101,204.862433333333,196.438469566665,"1050022910",0.0205105720202498,0.533582331178879,0.445907096800872,"normal",0.775020695105031
19990101,132.717566666667,127.622647500002,"1050022910",0.267973016421241,0.672690776677684,0.0593362069010753,"normal",0.787183975779498
20000101,193.1557,204.592862233335,"1050022910",0.0134799748421557,0.47344822721826,0.513071797939584,"above",0.754448514837594
20010101,145.6732,144.114348750001,"1050022910",0.16845139093146,0.720130740281564,0.111417868786975,"normal",0.780968152444691
20020101,279.362,312.855376816668,"1050022910",4.23526670452022e-06,0.0114905644276003,0.988505200305695,"above",0.0628003716949143
20030101,26.8303,54.1364786000004,"1050022910",0.816491201180655,0.182478647440798,0.00103015137854756,"below",0.483038620835574
20040101,196.158266666667,206.110172449999,"1050022910",0.0124322068092813,0.461982223082617,0.525585570108101,"above",0.749380732269332
20050101,406.476133333333,367.944365750003,"1050022910",1.11478049368912e-08,0.000320249816037732,0.999679739036157,"above",0.00289727487706839
20060101,202.3919,208.348060949999,"1050022910",0.011015791892937,0.444991533909619,0.543992674197444,"above",0.741166878068767
20070101,149.343566666667,139.196032133333,"1050022910",0.19530744614464,0.711412260667478,0.0932802931878824,"normal",0.782484930001054
20080101,241.118766666667,223.439876000003,"1050022910",0.00463144743293505,0.331563384782579,0.663805167784486,"above",0.662923534415109
20090101,134.474733333333,132.408849200001,"1050022910",0.236372307589728,0.691661764315953,0.071965928094319,"normal",0.78530055632813
20100101,72.8143333333333,78.6159458333333,"1050022910",0.653723881702568,0.341260041469591,0.00501607682784122,"below",0.671331472189005
20110101,371.559066666667,362.870309133333,"1050022910",2.0308256417596e-08,0.00046842192744434,0.999531557764299,"above",0.00405968080078032
20120101,95.1127666666667,109.772143450001,"1050022910",0.40149387702303,0.571692971434079,0.0268131515428915,"normal",0.783085522982531
20130101,123.8153,128.058764116667,"1050022910",0.265007941023187,0.674582356173623,0.0604097028031898,"normal",0.787032666370626
20140101,188.326533333333,183.104995033336,"1050022910",0.0385858392370168,0.621239841580011,0.340174319182972,"normal",0.788134670849037
20150101,98.5874666666667,90.708619816666,"1050022910",0.557683131711596,0.432265448366121,0.0100514199222824,"below",0.734451705819721
20160101,58.5318,60.808850966666,"1050022910",0.777556861796524,0.220819434981957,0.0016237032215185,"below",0.539589134181462
20170101,141.268833333333,144.963358766667,"1050022910",0.164067860933427,0.72114366318315,0.114788475883422,"normal",0.780781139387959
20180101,111.9039,104.230629383334,"1050022910",0.446391686190962,0.533158302418172,0.0204500113908651,"normal",0.774909811709672
20190101,67.1318666666667,80.5716532500005,"1050022910",0.638673105597757,0.355692310408056,0.00563458399418715,"below",0.683212957792292
20200101,64.4021,91.9387794166661,"1050022910",0.547614111055711,0.441632307529043,0.010753581415246,"below",0.739441672689197
20210101,127.978766666667,109.82754665,"1050022910",0.401050473638903,0.572065230992736,0.0268842953683617,"normal",0.783146038918803
20220101,191.7756,206.681565383333,"1050022910",0.0120563264641022,0.457651501382544,0.530292172153354,"above",0.747367633714526
20230101,326.777866666667,311.251769233334,"1050022910",4.94096533981792e-06,0.0125270326739045,0.987468026360756,"above",0.0673802157750953
20240101,334.156366666667,272.339472500001,"1050022910",0.000150563969102112,0.0754926209884795,0.924356815042418,"above",0.269084197484854
20250101,147.508383333333,142.558914466667,"1050022910",0.176675702015532,0.71789662329049,0.105427674693978,"normal",0.781372702103478
20260101,147.508383333333,144.421501216667,"1050022910",0.166856912088068,0.720514083346914,0.112629004565018,"normal",0.780897640525315
19930101,20.3619,40.0335010961111,"1050022920",0.957445235448363,0.0419324710230001,0.000622293528636408,"below",0.17922701829586
19940101,205.118766666667,198.358410866667,"1050022920",0.0727809556321219,0.44767296408963,0.479546080278248,"above",0.902925069588564
19950101,273.961333333333,257.742256702778,"1050022920",0.00405967020359386,0.123003156108528,0.872937173687878,"above",0.398738787901793
19960101,197.5659,192.173082791666,"1050022920",0.0915509957492151,0.478072706391549,0.430376297859236,"normal",0.934547835195087
19970101,127.571033333333,132.635171259444,"1050022920",0.445715277149588,0.468970371144687,0.0853143517057243,"normal",0.925276879298888
19980101,174.295,172.297316185556,"1050022920",0.175562382382825,0.541545367828605,0.28289224978857,"normal",0.994786718722264
19990101,162.2886,152.287339827222,"1050022920",0.297757234481545,0.537665635409308,0.164577130109147,"normal",0.991316411980944
20000101,195.133833333333,177.57518854111,"1050022920",0.149559867426709,0.530675761009688,0.319764371563603,"normal",0.984996847558382
20010101,176.911033333333,178.496339911111,"1050022920",0.145299603430495,0.528299278738245,0.32640111783126,"normal",0.982828379968783
20020101,219.0684,283.239376339444,"1050022920",0.000792299371240369,0.0484702646205991,0.950737436008161,"above",0.200396231286812
20030101,28.9229,35.7295387855556,"1050022920",0.964708299860468,0.0348332044208375,0.000458495718694829,"below",0.155127686601732
20040101,149.669333333333,165.534532918333,"1050022920",0.212813091418856,0.548329345692844,0.2388575628883,"normal",1.00079135665458
20050101,403.499966666667,366.340080585555,"1050022920",6.95322133102763e-07,0.000449940195949794,0.999549364481917,"above",0.0039278101362762
20060101,150.408,154.081478743889,"1050022920",0.285402750037396,0.540941052964929,0.173656196997675,"normal",0.994247920032688
20070101,173.622133333333,183.573720079444,"1050022920",0.123289697849269,0.512783808118784,0.363926494031947,"normal",0.968419186525319
20080101,310.599566666667,284.329764177777,"1050022920",0.000734831254581514,0.0463375972305504,0.952927571514868,"above",0.193589069126904
20090101,199.513,198.089576975,"1050022920",0.0735302242739427,0.449072769532173,0.477397006193884,"above",0.904423151819458
20100101,58.9327666666667,70.8146565038888,"1050022920",0.86522118318155,0.130261787421524,0.00451702939692655,"below",0.415150429920807
20110101,454.9565,369.629485388333,"1050022920",4.98193720098088e-07,0.000354525541951478,0.999644976264328,"above",0.00317880039950368
20120101,153.290133333333,162.914467895555,"1050022920",0.228401759783289,0.548735356464567,0.222862883752144,"normal",1.00114818228899
20130101,151.4837,148.756298939444,"1050022920",0.322756976752123,0.529618867809245,0.147624155438632,"normal",0.984033716687208
20140101,223.8364,197.285080833333,"1050022920",0.0758076867446397,0.45322232420558,0.47096998904978,"above",0.908839810675859
20150101,120.6204,139.389333246111,"1050022920",0.392798459602051,0.498720788326552,0.108480752071397,"normal",0.954973940789033
20160101,25.3659,39.3701110872223,"1050022920",0.958637715630062,0.0407683401335861,0.000593944236352395,"below",0.175359621194138
20170101,173.385833333333,175.16357198,"1050022920",0.161104633180851,0.536230943424853,0.302664423394296,"normal",0.990026388274887
20180101,147.880533333333,120.518302852778,"1050022920",0.54247048420048,0.404194221712575,0.0533352940869447,"below",0.854264071240077
20190101,109.2158,171.633547292223,"1050022920",0.179024321047027,0.542572253568526,0.278403425384447,"normal",0.995700804828909
20200101,80.7470666666667,132.753933496666,"1050022920",0.444773468690054,0.469539690558795,0.0856868407511515,"normal",0.925861621174763
20210101,151.034533333333,158.194145516667,"1050022920",0.258041202838673,0.546315006263486,0.195643790897841,"normal",0.999016804414939
20220101,162.632533333333,153.579461453889,"1050022920",0.288834972909271,0.540080777440358,0.171084249650371,"normal",0.99347980237861
20230101,335.171933333333,280.603475941666,"1050022920",0.00094872458402242,0.0539448478915726,0.945106427524405,"above",0.217469858401711
20240101,326.673233333333,368.364136207222,"1050022920",5.66644493875219e-07,0.000388754285982174,0.999610679069524,"above",0.00345011303464568
20250101,168.009183333333,149.418383585555,"1050022920",0.31800333810393,0.531286245522953,0.150710416373117,"normal",0.985552260837119
20260101,168.009183333333,156.736586125555,"1050022920",0.26758061751203,0.544754481028905,0.187664901459065,"normal",0.997637187195291
19930101,204.069833333333,228.740390566669,"1050023020",0.735686999666919,0.26406870676732,0.000244293565760723,"below",0.579470951815578
19940101,443.5993,432.890735149998,"1050023020",0.399488675097867,0.595879406863013,0.00463191803912033,"normal",0.699951209401901
19950101,1117.0665,1172.30223646666,"1050023020",0.00027085397405662,0.273181355862585,0.726547790163359,"above",0.58880663238774
19960101,1413.92973333333,1392.25034145,"1050023020",5.1096793067749e-06,0.0598908623728729,0.94010402794782,"above",0.226734173149849
19970101,593.0178,532.207295433328,"1050023020",0.246639466313508,0.738422471231711,0.0149380624547802,"normal",0.63196862584466
19980101,327.616933333333,313.102126466669,"1050023020",0.604297273768545,0.394802508093546,0.00090021813790897,"below",0.67760847810599
19990101,1561.59343333333,1556.75531469999,"1050023020",1.48426417333058e-07,0.0116461092015084,0.988353742372074,"above",0.063438107455941
20000101,521.918166666667,467.008546133327,"1050023020",0.343645011515687,0.649296959042174,0.00705802944213862,"normal",0.682434355789734
20010101,378.745233333333,394.367747999995,"1050023020",0.465051815930987,0.532137764659981,0.00281041940903226,"normal",0.708256891532567
20020101,651.392466666667,759.844451833327,"1050023020",0.0472947936923433,0.83472863911329,0.117976567194367,"normal",0.547253449898432
20030101,856.045066666667,817.661551516669,"1050023020",0.0272874656346359,0.797711878282777,0.175000656082587,"normal",0.583580332715259
20040101,669.016033333333,641.661537949998,"1050023020",0.123132068688003,0.832053669743271,0.0448142615687267,"normal",0.550038382295799
20050101,1219.61993333333,1222.6313223,"1050023020",0.000117830008130184,0.205839597480867,0.794042572511003,"above",0.509548611854863
20060101,342.378933333333,346.482782733331,"1050023020",0.547685620167903,0.450857287787931,0.00145709204416611,"below",0.698407866013365
20070101,1005.3847,902.446155050011,"1050023020",0.0110194565109621,0.703669389672439,0.285311153816599,"normal",0.654809077620934
20080101,1741.93836666667,1645.01811433333,"1050023020",1.81507923008362e-08,0.00401115086925186,0.995988830979956,"above",0.0261396833960903
20090101,1296.6434,1253.89144344998,"1050023020",6.86895572492244e-05,0.169465382342478,0.830465928100272,"above",0.45575187923047
20100101,334.7502,350.916992183334,"1050023020",0.540065438655745,0.458383487340521,0.00155107400373378,"below",0.700310638029119
20110101,1653.7955,1519.29997388333,"1050023020",3.46875368042385e-07,0.0175899693291124,0.98240968379552,"above",0.0885108285032307
20120101,545.117166666667,569.99078888333,"1050023020",0.19798114574272,0.779696004865017,0.0223228493922628,"normal",0.599549956157221
20130101,439.3219,403.682756666664,"1050023020",0.449040791492765,0.547780432042825,0.00317877646441067,"normal",0.707501173738586
20140101,996.443333333333,940.958396650009,"1050023020",0.00701281381259162,0.648491942813482,0.344495243373926,"normal",0.682769194225997
20150101,574.1346,578.812008899997,"1050023020",0.187516544183321,0.788049751675358,0.024433704141321,"normal",0.592283318682005
20160101,135.026933333333,210.408298583335,"1050023020",0.761009946731877,0.238809084769531,0.000180968498592504,"below",0.55139429767821
20170101,857.7228,866.592122016663,"1050023020",0.0164088180105492,0.748605152501761,0.23498602948769,"normal",0.624506663013176
20180101,299.731933333333,359.370449549997,"1050023020",0.525499674867211,0.472754619792496,0.0017457053402925,"below",0.703373498860833
20190101,670.397833333333,759.885367833338,"1050023020",0.0472773029273432,0.834711076925436,0.11801162014722,"normal",0.547271815751875
20200101,360.279466666667,460.497103849995,"1050023020",0.354084906963165,0.639392193145714,0.00652289989112131,"normal",0.686403601938853
20210101,546.619466666667,637.676372183331,"1050023020",0.126685488965347,0.83010815098994,0.0432063600447132,"normal",0.552048151212548
20220101,639.288,732.109735816669,"1050023020",0.0603947278102132,0.843720689821393,0.0958845823683936,"normal",0.537707751390161
20230101,1320.8868,1161.90833586666,"1050023020",0.000319859172728576,0.288321333711495,0.711358807115776,"above",0.603426882968012
20240101,1118.01386666667,1211.01290168333,"1050023020",0.000143362875459027,0.220454681636682,0.779401955487859,"above",0.528859260881553
20250101,645.340233333334,587.851515516664,"1050023020",0.177154974625322,0.79607690018453,0.0267681251901484,"normal",0.585075546205972
20260101,645.340233333334,586.358372049997,"1050023020",0.178841100563017,0.794788745785008,0.0263701536519749,"normal",0.586247111787545
19930101,286.849066666667,339.773914598333,"1050023050",0.473522950852027,0.496034541356773,0.0304425077912002,"normal",0.80806169723645
19940101,447.365466666667,471.462040586664,"1050023050",0.163763829550482,0.668121081260218,0.1681150891893,"normal",0.865513693317194
19950101,560.2754,509.278133775554,"1050023050",0.107266428296292,0.650629113313973,0.242104458389735,"normal",0.86251388079916
19960101,598.142566666667,580.672648674444,"1050023050",0.041281009613725,0.539829876822618,0.418889113563657,"normal",0.828878881421269
19970101,392.191933333333,361.617830236111,"1050023050",0.413788488467058,0.543761484722213,0.0424500268107292,"normal",0.830528627030322
19980101,373.4886,533.498451078888,"1050023050",0.0794086038984343,0.62311955963565,0.297471836465916,"normal",0.856565335349789
19990101,1357.14766666667,1062.60695154667,"1050023050",1.92584373732703e-07,0.000857910433882614,0.999141896981744,"above",0.0069184275078023
20000101,338.487733333333,324.646771878888,"1050023050",0.515325406439175,0.460776216752417,0.0238983768084089,"below",0.787902786416089
20010101,212.099733333333,334.656331551667,"1050023050",0.487655281903359,0.484265099416679,0.0280796186799618,"below",0.801679973246595
20020101,384.1715,424.134527647221,"1050023050",0.257492972398279,0.643921390870248,0.0985856367314731,"normal",0.861203462423078
20030101,765.167433333333,773.648044996667,"1050023050",0.00105795303639483,0.127608907832263,0.871333139131343,"above",0.38997729221843
20040101,589.3965,568.729380570555,"1050023050",0.0491414992995176,0.563998054456539,0.386860446243943,"normal",0.838468056872245
20050101,486.257133333333,406.634811591668,"1050023050",0.298122264459948,0.622746245443217,0.079131490096835,"normal",0.85647407664331
20060101,195.977933333333,297.554342277222,"1050023050",0.589474598405838,0.395405692059801,0.0151197095343613,"below",0.741803794014404
20070101,436.385433333333,425.472786534999,"1050023050",0.254508581136744,0.645285241256625,0.100206177606632,"normal",0.861477154128416
20080101,1272.62173333333,1058.95203282667,"1050023050",2.19965378123746e-07,0.000935002204386692,0.999064777830235,"above",0.00745976127535961
20090101,709.515633333333,706.476362087779,"1050023050",0.0045547622017924,0.247777092099368,0.74766814569884,"above",0.587681302300581
20100101,569.631333333333,503.346775074999,"1050023050",0.115052396280372,0.655497041851555,0.229450561868072,"normal",0.863409042801255
20110101,440.303233333333,370.520863503333,"1050023050",0.389925064001304,0.56174151846511,0.0483334175335867,"normal",0.837628069776592
20120101,783.968133333333,755.832752298334,"1050023050",0.00158892186100237,0.154840044210389,0.843571033928609,"above",0.442573815196258
20130101,305.300366666667,345.725800449445,"1050023050",0.45712969918924,0.509474882467567,0.0333954183431922,"normal",0.814934949921402
20140101,341.705433333333,319.362545048333,"1050023050",0.529911685470607,0.448177571819457,0.0219107427099363,"below",0.779925784572939
20150101,223.304533333333,282.386738231111,"1050023050",0.629796926718448,0.358661691209583,0.0115413820719688,"below",0.710450061616785
20160101,271.2379,300.919934942778,"1050023050",0.580380816114161,0.403587280740224,0.0160319031456145,"below",0.748230882582826
20170101,890.794333333333,903.172807207224,"1050023050",3.57621481062525e-05,0.0211216304990302,0.978842607352864,"above",0.102773929246757
20180101,292.875666666667,308.844433891667,"1050023050",0.558807143464107,0.422825130608042,0.0183677259278515,"below",0.762583474763334
20190101,452.1272,407.573941830555,"1050023050",0.295869541612737,0.62403487319165,0.0800955851956126,"normal",0.856787882196569
20200101,646.425066666667,562.249196677777,"1050023050",0.0538822152180936,0.576332984573385,0.369784800208522,"normal",0.842861668878145
20210101,614.526933333333,548.330411335554,"1050023050",0.0652851997303883,0.600713192141614,0.334001608127998,"normal",0.850578054036157
20220101,860.701133333333,879.59091632278,"1050023050",7.01273273940419e-05,0.0308826025271036,0.969047270145502,"above",0.138535629068389
20230101,843.457466666667,846.875330951667,"1050023050",0.000171155684414495,0.0503074335927314,0.949521410722854,"above",0.201066198015509
20240101,927.931733333333,995.023258145003,"1050023050",2.03530693580869e-06,0.00382457645800183,0.996173388235062,"above",0.0251347221550375
20250101,469.192166666666,434.535103646667,"1050023050",0.234785601074548,0.653520606364002,0.11169379256145,"normal",0.863051238303366
20260101,469.192166666666,384.498064427223,"1050023050",0.35331500164593,0.587818538059382,0.0588664602946886,"normal",0.846655279883261
19930101,12.5849,12.8820581769709,"1050023060",0.62651637968357,0.36493003624422,0.00855358407220974,"below",0.701541417868539
19940101,8.4777,12.5549125539153,"1050023060",0.638315000879465,0.353832801981651,0.00785219713888419,"below",0.6922216235251
19950101,20.4066666666667,26.2839937816005,"1050023060",0.168445837317721,0.696199483508199,0.13535467917408,"normal",0.822822844133429
19960101,46.7091,46.7594031617593,"1050023060",0.00174772258565729,0.193511291362469,0.804740986051873,"above",0.50374151967694
19970101,35.5319333333333,42.5439618068783,"1050023060",0.00591978946764649,0.318586433352852,0.675493777179502,"above",0.659787899007817
19980101,10.074,13.7600168854762,"1050023060",0.594289780552373,0.394996003439328,0.0107142160082994,"below",0.724766804136602
19990101,94.6697333333333,70.4275815955027,"1050023060",1.07322262185245e-07,0.000890640735899395,0.999109251941838,"above",0.00714755051319439
20000101,15.0290333333333,12.960972925582,"1050023060",0.623651959938231,0.367617252672671,0.00873078738909827,"below",0.703736405006972
20010101,11.4233333333333,12.9179101633995,"1050023060",0.625215892481436,0.366150412641158,0.00863369487740651,"below",0.702541212603761
20020101,34.4594,25.4352463283597,"1050023060",0.18968044384119,0.691851748540225,0.118467807618586,"normal",0.822899686865046
20030101,17.5149333333333,14.3431520893783,"1050023060",0.572510952862037,0.41508975646999,0.012399290667973,"below",0.738709114031835
20040101,25.7385666666667,22.7175932160053,"1050023060",0.267986557047096,0.657480893588656,0.074532549364248,"normal",0.822122609774038
20050101,16.6601666666667,21.6775811521825,"1050023060",0.30175708877026,0.636754923748405,0.0614879874813349,"normal",0.820442124607117
20060101,28.322,26.1208280114814,"1050023060",0.172404712942972,0.695608876057588,0.13198641099944,"normal",0.822835562932896
20070101,29.5218666666667,25.9883594200661,"1050023060",0.175662074581733,0.695043234901145,0.129294690517122,"normal",0.822847072670588
20080101,80.5621666666667,67.7920247099603,"1050023060",4.03050906175874e-07,0.00203818005015,0.997961416898944,"above",0.0146703864440348
20090101,62.8045,65.4578924348544,"1050023060",1.23592423453615e-06,0.0040390723675523,0.995959691708213,"above",0.0263112660049925
20100101,27.0217333333333,26.0437038038227,"1050023060",0.174296459380233,0.695288932754742,0.130414607865025,"normal",0.822842153902165
20110101,39.3411,44.6225426301588,"1050023060",0.00330507033333367,0.253213187633884,0.743481742032782,"above",0.587050029185895
20120101,25.9471333333333,25.9192799942592,"1050023060",0.177376084186399,0.694717701270963,0.127906214542639,"normal",0.822853398710241
20130101,12.5806666666667,13.0197868902645,"1050023060",0.621512703597618,0.369622356652626,0.00886493974975633,"below",0.705358707119281
20140101,17.5462333333333,23.6928209609259,"1050023060",0.238148087557418,0.673260997626433,0.0885909148161494,"normal",0.822786885972826
20150101,14.3094,16.9289144107804,"1050023060",0.474180853971801,0.502906076425046,0.0229130696031531,"normal",0.786012129225391
20160101,26.0822666666667,28.3417668026058,"1050023060",0.123571765043636,0.693547182899228,0.182881052057136,"normal",0.822874345464871
20170101,48.6887666666667,48.2779752464551,"1050023060",0.00108541882669257,0.15659158767929,0.842322993494017,"above",0.442283193361461
20180101,37.2724333333333,37.1904947225397,"1050023060",0.0225134454824949,0.500354268416752,0.477132286100754,"normal",0.78493224253006
20190101,46.2510333333333,42.004639876627,"1050023060",0.00684567857545428,0.33644258380652,0.656711737618025,"above",0.67676998139409
20200101,28.3471666666667,40.9317358719841,"1050023060",0.0090748029987469,0.372710100345412,0.618215096655841,"above",0.707831168808535
20210101,39.7404666666667,42.0579972320635,"1050023060",0.00674869373008069,0.334663073666252,0.658588232603668,"above",0.675129127782086
20220101,55.825,65.7894875489285,"1050023060",1.05714439668806e-06,0.00367536624177056,0.996323576613833,"above",0.0242886831404163
20230101,46.7042333333333,45.940623553836,"1050023060",0.00224120858929927,0.215366944693193,0.782391846717507,"above",0.536348650713285
20240101,29.8141666666667,27.6671420283333,"1050023060",0.137255385320878,0.696477462883934,0.166267151795188,"normal",0.822816610059385
20250101,28.3345833333333,28.602228478611,"1050023060",0.118553387524505,0.691883146732018,0.189563465743477,"normal",0.822899271360838
20260101,28.3345833333333,23.0357847448809,"1050023060",0.258048238683886,0.663032880131827,0.0789188811842867,"normal",0.822416422403032
19930101,18.7552666666667,20.2076491333335,"1050023130",0.620036789805124,0.378976211094403,0.000986999100472841,"below",0.670907593514854
19940101,28.8449666666667,30.559126816667,"1050023130",0.46733830795072,0.529262650205792,0.00339904184348849,"normal",0.711580355002955
19950101,117.002166666667,108.810809467779,"1050023130",0.00129955427147913,0.410460968648583,0.588239477079938,"above",0.686273793880405
19960101,87.5494,89.2761070794459,"1050023130",0.0112974569702382,0.683089419518258,0.305613123511503,"normal",0.673278617915402
19970101,28.9166333333333,36.8009094833336,"1050023130",0.376136758294114,0.617162090758026,0.00670115094785995,"normal",0.699186885022099
19980101,26.5987333333333,30.3370464666667,"1050023130",0.470645187616001,0.526039934669704,0.00331487771429506,"normal",0.711544420276366
19990101,126.576966666667,128.340728338888,"1050023130",9.10190774236725e-05,0.16990476235767,0.830004218564907,"above",0.456656116138506
20000101,28.4928333333333,27.0272877000002,"1050023130",0.520043596476253,0.477692243301457,0.00226416022229003,"below",0.706730239637216
20010101,20.9201333333333,26.7296908,"1050023130",0.524481453073837,0.47333219891434,0.00218634801182371,"below",0.705896636052237
20020101,47.2884333333333,45.1621945833338,"1050023130",0.26478134207691,0.719827118940648,0.0153915389824418,"normal",0.652737245072733
20030101,53.5374666666667,52.548139483334,"1050023130",0.182682481574969,0.787491023349255,0.0298264950757759,"normal",0.603456805153797
20040101,57.5331333333333,53.2100293999998,"1050023130",0.176193441605915,0.792262488170682,0.0315440702234031,"normal",0.599418463412052
20050101,45.7063,51.4950744266667,"1050023130",0.193309576482455,0.779436234671086,0.0272541888464585,"normal",0.610104884007952
20060101,61.7590333333333,68.9355371411116,"1050023130",0.0644186544237659,0.83350989701685,0.102071448559385,"normal",0.561384306350817
20070101,100.803866666667,105.191289350001,"1050023130",0.00201343047504633,0.463119411314762,0.534867158210192,"above",0.70368089631047
20080101,223.605466666667,192.602858908887,"1050023130",3.90912672534894e-10,0.000389662684502579,0.999610336924585,"above",0.00344853696192457
20090101,156.877933333333,147.922965336112,"1050023130",3.80551556257472e-06,0.0457686544799935,0.954227540004444,"above",0.185913693115063
20100101,24.6552666666667,24.1109086833337,"1050023130",0.563341539184027,0.435059203198198,0.00159925761777524,"below",0.695668817084038
20110101,171.2574,153.838712451112,"1050023130",1.31800155787946e-06,0.0281440255600716,0.971854656438371,"above",0.128249336075939
20120101,57.6761333333333,56.309269566667,"1050023130",0.147780701817795,0.811512307268581,0.0407069909136237,"normal",0.58236706052068
20130101,17.5995,19.7451221833335,"1050023130",0.626612069268574,0.372457021641171,0.000930909090254728,"below",0.66724401835289
20140101,28.0009,28.8238476499999,"1050023130",0.49321957788753,0.503990852468199,0.00278956964427091,"normal",0.710348980081891
20150101,21.6521666666667,20.9879295000001,"1050023130",0.608866203626631,0.390045098734692,0.00108869763867703,"below",0.676745698511842
20160101,50.9322333333333,57.9956681788888,"1050023130",0.133686021330991,0.819777361276603,0.0465366173924063,"normal",0.574671218909886
20170101,91.6212666666667,106.62498937516,"1050023130",0.0016963111109452,0.442165351053342,0.556138337835713,"above",0.697967370852817
20180101,132.871833333333,129.403345167938,"1050023130",7.76294278925368e-05,0.160042495924705,0.839879874647402,"above",0.440539078635701
20190101,109.003666666667,109.023177927937,"1050023130",0.00126592574870119,0.407403417920775,0.591330656330524,"above",0.684947918891845
20200101,62.2429,90.4478545447625,"1050023130",0.0100605107299522,0.668778891376877,0.321160597893171,"normal",0.680099304448425
20210101,130.378866666667,130.364017201271,"1050023130",6.71411358368859e-05,0.151454281755286,0.848478577108877,"above",0.425924666323103
20220101,239.153033333333,147.337093313493,"1050023130",4.21603646736822e-06,0.0479152627991748,0.952080521164358,"above",0.192386687136143
20230101,279.0561,147.337093313493,"1050023130",4.21603646736822e-06,0.0479152627991748,0.952080521164358,"above",0.192386687136143
20240101,157.468333333333,106.104551191826,"1050023130",0.00180575272712176,0.449762010506903,0.548432236765975,"above",0.700221502272041
20250101,59.7175833333333,49.5411711000003,"1050023130",0.214001273084133,0.763027680272318,0.0229710466435492,"normal",0.622992378826688
20260101,59.7175833333333,52.4060512166667,"1050023130",0.184094702642799,0.786437215431576,0.0294680819256248,"normal",0.604338643375378
19930101,21.7625,25.5288338188889,"1050023140",0.549340289756751,0.448637986452296,0.00202172379095367,"below",0.701218480613966
19940101,29.0091666666667,72.8381784627774,"1050023140",0.051545878759587,0.817248737541157,0.131205383699256,"normal",0.584255541714157
19950101,117.265566666667,113.987357807223,"1050023140",0.000800587301954732,0.341961945478757,0.657237467219288,"above",0.648501636058796
19960101,91.5685333333333,72.6759215433333,"1050023140",0.0521846765642991,0.817886392255179,0.129928931180522,"normal",0.58367556016453
19970101,30.8134666666667,29.0740939066667,"1050023140",0.497028199670696,0.499930621182641,0.00304117914666391,"normal",0.711696705034765
19980101,26.6606,29.0168206594445,"1050023140",0.497875321167294,0.499103110536192,0.00302156829651345,"normal",0.711600108396912
19990101,128.351833333333,126.399576954444,"1050023140",0.000149659873914489,0.193333886233439,0.806516453892646,"above",0.492456751842786
20000101,28.4652,28.4789468538889,"1050023140",0.505830892048686,0.491326227840078,0.00284288011123623,"below",0.710577613998757
20010101,21.7813333333333,25.1275782172222,"1050023140",0.555224238174862,0.442847278862026,0.0019284829631121,"below",0.699452142414256
20020101,48.8962333333333,50.1500921633334,"1050023140",0.215096101546586,0.760016519946191,0.0248873785072237,"normal",0.631010728228058
20030101,54.1214666666667,55.019253436111,"1050023140",0.166174877150768,0.796398752090093,0.0374263707591387,"normal",0.602500688399398
20040101,58.4170666666667,56.7189168683334,"1050023140",0.150940400058697,0.806193103314624,0.0428664966266796,"normal",0.59410357876784
20050101,46.8515333333333,51.6064182355557,"1050023140",0.199654064891547,0.772143855180674,0.0282020799277787,"normal",0.621975978016593
20060101,63.0933333333333,60.3041122783332,"1050023140",0.121942081602818,0.821622929258281,0.0564349891389002,"normal",0.580250684653221
20070101,100.0886,101.18073489,"1050023140",0.00367150290826974,0.52418507853508,0.47214341855665,"normal",0.713493950209276
20080101,225.112933333333,167.845042726667,"1050023140",1.28504768321498e-07,0.00815802354120088,0.991841847954031,"above",0.0473567455343694
20090101,164.3258,133.374407892778,"1050023140",5.34248179228451e-05,0.130510494072138,0.869436081109939,"above",0.387927487917329
20100101,27.324,28.6568479605556,"1050023140",0.50319969798177,0.493899404714313,0.00290089730391663,"below",0.710938917936678
20110101,174.0872,148.010852168333,"1050023140",5.00059978515149e-06,0.0478128715330897,0.952182127867125,"above",0.192090105534364
20120101,59.8111,82.1126178955556,"1050023140",0.0241962662849115,0.757180767390667,0.218622966324421,"normal",0.633055892726413
20130101,18.5655333333333,28.8613556355556,"1050023140",0.500174822347295,0.496856268881013,0.00296890877169154,"below",0.711326009342148
20140101,30.2409333333333,30.0244072344445,"1050023140",0.482977085232108,0.513639171433641,0.00338374333425095,"normal",0.712957354832647
20150101,22.8540333333333,24.9284584144444,"1050023140",0.55813967059221,0.439976650697622,0.00188367871016804,"below",0.698531758212471
20160101,51.7622666666667,70.0173574838888,"1050023140",0.0635720333479607,0.826196117000634,0.110231849651406,"normal",0.575997757046928
20170101,94.2837666666667,87.8350762122222,"1050023140",0.0144052080635133,0.699451268483854,0.286143523452633,"normal",0.669146173980477
20180101,133.508333333333,129.784154314444,"1050023140",9.15082502969194e-05,0.160844760816683,0.83906373093302,"above",0.441994433522579
20190101,111.996566666667,108.842618391111,"1050023140",0.00151367843246611,0.413686161446116,0.584800160121418,"above",0.688704327299668
20200101,63.5689666666667,52.1948438288888,"1050023140",0.193608874768135,0.776749266922367,0.0296418583094979,"normal",0.618422382988165
20210101,133.188466666667,125.062222570556,"1050023140",0.000181025483419697,0.207198640985979,0.792620333530601,"above",0.511920196851704
20220101,242.3387,162.897352496667,"1050023140",3.36357896441706e-07,0.0132661116384758,0.986733552003628,"above",0.0705264016397021
20230101,279.4041,170.676144061111,"1050023140",7.30191465440374e-08,0.00609264473865789,0.993907282242196,"above",0.0371519078470903
20240101,158.924533333333,92.8041640472223,"1050023140",0.00888671335804531,0.639308549117697,0.351804737524258,"normal",0.695502958490044
20250101,61.4522166666667,61.3677971505555,"1050023140",0.114145989082949,0.824800165016496,0.0610538459005547,"normal",0.577303096579091
20260101,61.4522166666667,57.1209942261112,"1050023140",0.147476952906693,0.808280307960337,0.0442427391329703,"normal",0.592274400394179
19930101,1108.94577777778,1111.78138442593,"1050023300",0.196535995465597,0.712434909317217,0.0910290952171861,"normal",0.779467439843957
19940101,1042.3422962963,1044.28986179629,"1050023300",0.487259459091092,0.49722067315031,0.0155198677585977,"normal",0.762388132032426
19950101,1129.59577777778,1141.37170114813,"1050023300",0.112278234479734,0.722694281057522,0.165027484462744,"normal",0.777556611992635
19960101,1200.70296296296,1193.99025777776,"1050023300",0.0317659376677707,0.598687050950237,0.369547011381992,"normal",0.784584042271119
19970101,1236.16207407407,1220.63073601851,"1050023300",0.0146302094955807,0.488778334392576,0.496591456111843,"above",0.759305737890976
19980101,1039.64374074074,1040.62032094444,"1050023300",0.505089435471361,0.481051817818134,0.0138587467105049,"below",0.756309646199603
19990101,1064.60148148148,1058.22838692591,"1050023300",0.420064979169954,0.556461458644961,0.0234735621850843,"normal",0.778585607681637
20000101,1341.5167037037,1354.2654811111,"1050023300",7.01119410671854e-05,0.0526246007642505,0.947305287294682,"above",0.206908849690231
20010101,1233.1282962963,1225.11328794445,"1050023300",0.0127230477626866,0.468908891235688,0.518368061001625,"above",0.751258322722742
20020101,1042.78785185185,1032.28147653704,"1050023300",0.5455133409319,0.443842673596085,0.0106439854720145,"below",0.739476241691276
20030101,1024.63366666667,1032.94097027779,"1050023300",0.542327955072326,0.446799878608103,0.0108721663195711,"below",0.740962896598889
20040101,1259.409,1247.66840044444,"1050023300",0.00604840587137516,0.368131295994183,0.625820298134442,"above",0.69209134863273
20050101,1217.40011111111,1222.46180085186,"1050023300",0.0138233181080673,0.480687307517338,0.505489374374595,"above",0.756164135890425
20060101,1141.23114814815,1145.8529800926,"1050023300",0.102204888293195,0.718856212905328,0.178938898801477,"normal",0.778298610407404
20070101,1050.12211111111,1047.00383955555,"1050023300",0.474086857579138,0.509057313824264,0.0168558285965982,"normal",0.766377832331674
20080101,1174.38037037037,1179.82936672221,"1050023300",0.046191789982469,0.647221215883991,0.306586994133541,"normal",0.786085889524087
20090101,1479.13640740741,1474.85597844446,"1050023300",6.57679188201916e-08,0.00100683590404949,0.998993098328032,"above",0.00795559900460124
20100101,1523.91140740741,1478.94297846296,"1050023300",5.00679268096908e-08,0.000850552607174149,0.999149397324899,"above",0.00686416982082389
20110101,1469.95011111111,1439.56875472224,"1050023300",6.27162669355094e-07,0.00392555023120655,0.996073822606124,"above",0.0256759417939715
20120101,1174.12874074074,1155.01557853703,"1050023300",0.0836859343765569,0.706713006746423,0.20960105887702,"normal",0.780432100205332
20130101,1097.67659259259,1089.56168940742,"1050023300",0.279811993325949,0.665952553124336,0.0542354535497148,"normal",0.785178177084911
20140101,918.220962962963,945.672978055553,"1050023300",0.878862032949271,0.120745169945034,0.000392797105695064,"below",0.371829630173344
20150101,901.027481481481,915.420994685176,"1050023300",0.93795346973861,0.0619493833349575,9.71469264327007e-05,"below",0.233286464344678
20160101,950.057407407407,940.539719203705,"1050023300",0.890996606438053,0.108690690145531,0.000312703416416427,"below",0.346569387193561
20170101,1120.543,1129.89772174073,"1050023300",0.141246524434653,0.726064197395827,0.132689278169519,"normal",0.7768784525952
20180101,921.591333333333,921.364712740732,"1050023300",0.928596471429606,0.0712743960009701,0.000129132569423596,"below",0.258198924024499
20190101,990.03062962963,1009.76344816666,"1050023300",0.651223993817064,0.343794800694702,0.00498120548823466,"below",0.672795045199818
20200101,1135.66685185185,1139.26117135183,"1050023300",0.1172606637248,0.724014300978417,0.158725035296783,"normal",0.777293938972396
20210101,1118.37925925926,1114.14946081481,"1050023300",0.188643736359447,0.715511769994927,0.0958444936456256,"normal",0.778918735632325
20220101,1396.34892592593,1391.97104318518,"1050023300",9.9029948439192e-06,0.0188188824538514,0.981171214551305,"above",0.0935299448207495
20230101,1495.00492592593,1474.63625103705,"1050023300",6.67348866938734e-08,0.001015941635506,0.998983991629607,"above",0.00801840285101908
20240101,1585.71592592593,1474.21367087039,"1050023300",6.86333646977627e-08,0.00103366651927661,0.998966264847359,"above",0.00814042110996054
20250101,1538.71766666667,1474.21367087039,"1050023300",6.86333646977627e-08,0.00103366651927661,0.998966264847359,"above",0.00814042110996054
20260101,1135.66685185185,1149.22771048147,"1050023300",0.0950648498292597,0.715047025179732,0.189888124991008,"normal",0.779002955883011
19930101,406.627294117647,345.661245188725,"1050023310",0.10501150307913,0.6389008699933,0.25608762692757,"normal",0.871745975402001
19940101,375.557647058824,347.526682534312,"1050023310",0.102926815896087,0.637255373311459,0.259817810792455,"normal",0.871341955514451
19950101,663.340882352941,610.342645632354,"1050023310",0.00191460864945528,0.160903416403984,0.837181974946561,"above",0.454723546374343
19960101,1315.62488235294,1142.53820795168,"1050023310",3.08108442519141e-10,9.45968362653371e-06,0.999990540008265,"above",0.000118900776295248
19970101,1120.29891176471,1117.55277631934,"1050023310",8.1190026536224e-10,1.87295496869577e-05,0.999981269638413,"above",0.000222625972154529
19980101,197.112617647059,180.560224493608,"1050023310",0.408457210695259,0.544814665248244,0.0467281240564971,"normal",0.839738102426277
19990101,856.791617647059,750.333998867641,"1050023310",8.5483020706015e-05,0.0321074806871076,0.967807036292186,"above",0.142876763842664
20000101,681.452647058824,672.703878674022,"1050023310",0.000522877399678681,0.0849826635275535,0.914494459072768,"above",0.295200441523218
20010101,417.974794117647,455.242704016813,"1050023310",0.0266909240332677,0.464189067084676,0.509120008882056,"above",0.796653247230697
20020101,273.4065,310.789689991808,"1050023310",0.149717718646541,0.658490294899066,0.191791986454393,"normal",0.876149882596174
20030101,189.239205882353,179.763705609912,"1050023310",0.410373269519186,0.543378333661261,0.0462483968195532,"normal",0.839102928589382
20040101,143.990470588235,163.89041614902,"1050023310",0.448944651828045,0.513568761423993,0.0374865867479615,"normal",0.824864786415978
20050101,417.171264705882,408.847932257006,"1050023310",0.0500228453955622,0.554212172166812,0.395764982437626,"normal",0.843780788155751
20060101,175.288470588235,242.612276759806,"1050023310",0.269072042751735,0.632980284833132,0.0979476724151338,"normal",0.870267337788846
20070101,228.372029411765,194.792580268606,"1050023310",0.374630225307395,0.569378160560261,0.0559916141323448,"normal",0.84989642684594
20080101,356.852176470588,339.813624315826,"1050023310",0.111744096122698,0.643677814397643,0.244578089479659,"normal",0.872888747810421
20090101,800.892588235294,621.82693695589,"1050023310",0.00152334727164925,0.144411145797044,0.854065506931307,"above",0.424057005387428
20100101,134.525235294118,169.870837312886,"1050023310",0.434335294570238,0.525051076406524,0.0406136290232381,"normal",0.830590096086251
20110101,87.1851470588235,158.014491770835,"1050023310",0.463366597897947,0.502024906792213,0.03460849530984,"normal",0.818797839346921
20120101,92.6185588235294,197.480329166318,"1050023310",0.368340412336891,0.573765962282725,0.0578936253803835,"normal",0.851572985556413
20130101,124.109,143.293268304247,"1050023310",0.499668735776463,0.472143810423284,0.0281874538002527,"below",0.801603269711806
20140101,203.451,314.85121482353,"1050023310",0.143939515446736,0.65733169416902,0.198728790384244,"normal",0.875910087409118
20150101,131.563,149.773899496758,"1050023310",0.48366950730569,0.485450198737532,0.0308802939567778,"normal",0.809529922417956
20160101,140.665088235294,154.554175921268,"1050023310",0.471883461874208,0.495116297207866,0.0330002409179259,"normal",0.815015435412754
20170101,287.776794117647,279.188587293626,"1050023310",0.199885073049067,0.65711201573032,0.143002911220612,"normal",0.875864329656951
20180101,216.486411764706,185.547660795587,"1050023310",0.396511169792486,0.553665453063605,0.0498233771439086,"normal",0.843550943971313
20190101,56.7666764705882,147.999039846989,"1050023310",0.4880497128349,0.481827845576961,0.030122441588139,"below",0.807415467965227
20200101,552.272794117647,533.811297955535,"1050023310",0.00779952082383806,0.29750386764261,0.694696611533552,"above",0.65159288682972
20210101,413.101323529412,550.261231637257,"1050023310",0.00586790344977783,0.264720716776616,0.729411379773606,"above",0.612127768389082
20220101,1155.93855882353,949.598349712958,"1050023310",2.9891817197149e-07,0.00102447070151923,0.998975230380309,"above",0.00808076024047202
20230101,1790.14488235294,1066.0979876958,"1050023310",5.54826941368535e-09,7.11550599701294e-05,0.99992883939176,"above",0.000750840558460551
20240101,726.667823529412,692.498296872548,"1050023310",0.000336378137851553,0.0675799312379535,0.932083690624195,"above",0.250336399174336
20250101,322.314485294118,273.618854830043,"1050023310",0.20967346276238,0.654965619472489,0.13536091776513,"normal",0.875412360265339
20260101,322.314485294118,365.655465382351,"1050023310",0.0842147347449684,0.618314476929084,0.297470788325948,"normal",0.866304653480857
19930101,252.055125,247.336293085938,"1050023890",0.42883436805831,0.546414575202063,0.0247510567396272,"normal",0.78487935024906
19940101,272.4999375,254.935196123958,"1050023890",0.397202021825045,0.572946969500098,0.0298510086748569,"normal",0.790673367808445
19950101,571.09621875,523.78132503698,"1050023890",0.000858358002756747,0.159806798220145,0.839334843777099,"above",0.446118254535019
19960101,1003.07409375,824.098235255722,"1050023890",1.10107183329817e-10,1.3172597342459e-05,0.99998682729255,"above",0.000161200519901673
19970101,451.1176875,458.8324360875,"1050023890",0.00732684130054375,0.375813699553398,0.616859459146058,"above",0.701828263673165
19980101,219.04909375,212.148603379168,"1050023890",0.578051831331635,0.412319095111821,0.00962907355654419,"below",0.72683020557144
19990101,470.89465625,446.471948968751,"1050023890",0.0104812655214843,0.423961299016534,0.565557435461981,"above",0.733917833325241
20000101,424.3394375,402.761053101562,"1050023890",0.0327912105121924,0.586003477290158,0.381205312197649,"normal",0.792885596561558
20010101,526.96475,521.251157469792,"1050023890",0.000940971232477744,0.166413271822187,0.832645756945336,"above",0.457479571269259
20020101,341.30703125,370.952523363021,"1050023890",0.066659010950409,0.673046804472689,0.260294184576902,"normal",0.797351113943426
20030101,354.1675,340.504264681772,"1050023890",0.119883721269029,0.713597990058445,0.166518288672526,"normal",0.793603642431228
20040101,119.0855,149.994221855729,"1050023890",0.805523026783368,0.193149504649088,0.00132746856754362,"below",0.500592956579406
20050101,265.347625,245.847661849479,"1050023890",0.435091938071784,0.541065225954805,0.0238428359734113,"normal",0.783496530161819
20060101,536.254375,510.105205873438,"1050023890",0.00139911349658108,0.197519003571758,0.80108188293166,"above",0.507228615937906
20070101,166.806375,155.768710635417,"1050023890",0.788078120727686,0.210298496758863,0.00162338251345107,"below",0.526017700793213
20080101,411.16209375,418.909612065625,"1050023890",0.0220079001096984,0.52956787872939,0.448424221160912,"normal",0.780276226538407
20090101,420.42825,495.99870436875,"1050023890",0.00226816775523735,0.241367897073527,0.756363935171236,"above",0.568100152338305
20100101,401.838625,437.013956909374,"1050023890",0.0136386557259967,0.460869376391814,0.525491967882189,"above",0.753696321953246
20110101,253.7115,256.362421902083,"1050023890",0.391328924750247,0.577770994801471,0.0309000804482817,"normal",0.791539221001193
20120101,353.00009375,403.360053631772,"1050023890",0.0323248943856055,0.584026364630903,0.383648740983492,"normal",0.792577289489248
20130101,128.553625,175.414859548438,"1050023890",0.722303550894437,0.274561120321084,0.00313532878447897,"below",0.607940251565924
20140101,601.08003125,532.458738316667,"1050023890",0.000623082525510402,0.138445487490093,0.860931429984397,"above",0.407260401977706
20150101,186.99590625,163.894974640104,"1050023890",0.762039399355706,0.235818643934849,0.0021419567094455,"below",0.560939459817849
20160101,162.4240625,161.862521554166,"1050023890",0.768711684832067,0.229288523197764,0.0019997919701692,"below",0.552319724374929
20170101,160.67603125,156.238477569792,"1050023890",0.786619776941262,0.21173030201303,0.00164992104570827,"below",0.528066928749227
20180101,354.49528125,357.511013026042,"1050023890",0.0873242344024082,0.696790640185833,0.215885125411758,"normal",0.795591155487324
20190101,234.4023125,247.120016280729,"1050023890",0.429742432199146,0.545640237624286,0.0246173301765688,"normal",0.784683691019117
20200101,418.09025,496.078541747917,"1050023890",0.00226210833267978,0.241106473934532,0.756631417732788,"above",0.567766155203497
20210101,562.24884375,451.887449678125,"1050023890",0.00897699939036298,0.402797916582876,0.588225084026761,"above",0.720720778516303
20220101,835.99459375,640.613780721351,"1050023890",5.81057367668089e-06,0.0125074555625075,0.987486733863816,"above",0.0673052435216632
20230101,1264.077375,732.06311262135,"1050023890",4.10559262967456e-08,0.000643506763633339,0.99935645218044,"above",0.00537289865013711
20240101,469.40278125,418.956445584896,"1050023890",0.0219816216807046,0.529396039879418,0.448622338439877,"normal",0.780225507649153
20250101,378.166953125,344.738527850001,"1050023890",0.111072477063703,0.710856037273216,0.178071485663082,"normal",0.793969404424856
20260101,378.166953125,345.776982851563,"1050023890",0.108984190455611,0.710035502267688,0.180980307276702,"normal",0.794075724171233
19930101,529.5107,507.288374616664,"1050023900",0.000178624302632914,0.19962555272955,0.800195822967817,"above",0.501563288199169
19940101,307.993533333333,320.696417916667,"1050023900",0.0476558323342618,0.807649568375095,0.144694599290643,"normal",0.597301686337424
19950101,587.995533333333,578.761622166666,"1050023900",8.60667121720434e-06,0.0581070104985764,0.941884382830206,"above",0.221835280190751
19960101,510.170233333333,528.95456573333,"1050023900",7.51327934680318e-05,0.143782478470811,0.856142388735721,"above",0.412547753687868
19970101,596.532733333333,573.978284050002,"1050023900",1.07114029758935e-05,0.0639890551173791,0.936000233479645,"above",0.237937898945887
19980101,77.4099666666667,89.1650273333342,"1050023900",0.755466912964651,0.244219149099862,0.000313937935486619,"below",0.558652942558334
19990101,396.182966666667,382.442502549998,"1050023900",0.0107994288383378,0.655651403696236,0.333549167465426,"normal",0.691895476680375
20000101,606.8704,531.551747500004,"1050023900",6.7514417534588e-05,0.137873174865836,0.86205931071663,"above",0.401789663849407
20010101,411.056266666667,400.245390316671,"1050023900",0.00659126248832044,0.591605774956014,0.401802962555666,"normal",0.710005318521188
20020101,225.458466666667,213.275232149998,"1050023900",0.283267587659186,0.701124916867217,0.0156074954735967,"normal",0.671178449703581
20030101,228.3251,247.126733449997,"1050023900",0.179261485113484,0.785536293183865,0.0352022217026511,"normal",0.615563208557569
20040101,44.6482666666667,64.8880558666661,"1050023900",0.826193846568415,0.173683309613981,0.000122843817603191,"below",0.462884325072522
20050101,194.150833333333,200.893026816664,"1050023900",0.327452047498952,0.661259613602417,0.0112883388986313,"normal",0.689691446876427
20060101,357.0673,402.726584666665,"1050023900",0.00613836247094932,0.582247300349732,0.411614337179319,"normal",0.71155522754914
20070101,65.8151,70.7525135666669,"1050023900",0.810423760310214,0.189421326200197,0.000154913489589625,"below",0.48686415963253
20080101,420.887,458.188444483329,"1050023900",0.00107256328626862,0.365146393863021,0.633781042850711,"above",0.664240082874729
20090101,385.757233333333,411.747957616663,"1050023900",0.00471530388418746,0.547573673553019,0.447711022562794,"normal",0.714824221557174
20100101,378.212633333333,382.404277300002,"1050023900",0.0108105374630721,0.655781977706145,0.333407484830783,"normal",0.691845286750548
20110101,227.815,228.790279533333,"1050023900",0.23229970722186,0.744743597591517,0.0229566951866231,"normal",0.645223363779935
20120101,166.0247,135.273515766666,"1050023900",0.587783776077676,0.41062390870155,0.00159231522077408,"below",0.688091739604752
20130101,66.2969333333333,80.1373653666667,"1050023900",0.783423206624512,0.216353824211049,0.000222969164438647,"below",0.524297636284681
20140101,727.104266666667,664.139827683341,"1050023900",1.18011625644923e-07,0.00732355397707418,0.9926763280113,"above",0.0433060923937878
20150101,435.917933333333,434.937686633331,"1050023900",0.00231006683673522,0.455914383784067,0.541775549379197,"above",0.704177393831729
20160101,111.308933333333,128.30707285,"1050023900",0.61518201949577,0.383555500430718,0.00126248007351193,"below",0.674854981012185
20170101,166.711633333333,157.266758566667,"1050023900",0.499077672549267,0.497708918142751,0.00321340930798208,"below",0.712573444070655
20180101,130.0856,105.621258066668,"1050023900",0.699884925297256,0.299541191899849,0.000573882802894943,"below",0.615127323983839
20190101,25.6441333333333,56.8552210000006,"1050023900",0.846397179728754,0.153513903079906,8.89171913400766e-05,"below",0.429659689495957
20200101,315.227366666667,200.091611249997,"1050023900",0.330406275342466,0.658545079205084,0.0110486454524502,"normal",0.690770621378557
20210101,443.496233333333,449.346575833329,"1050023900",0.00144477836829148,0.399166100981653,0.599389120650055,"above",0.682827678318292
20220101,892.3687,637.671018550005,"1050023900",4.82387481309291e-07,0.014957263396298,0.985042254216221,"above",0.0777111035306242
20230101,1017.78196666667,662.964683883341,"1050023900",1.2581185404252e-07,0.00757002132144213,0.992429852866704,"above",0.0445120686939923
20240101,395.090533333333,415.004623966664,"1050023900",0.00427893557920118,0.534855749378199,0.4608653150426,"normal",0.71503695838913
20250101,367.639966666667,380.1236905,"1050023900",0.0114915522634373,0.663510387047718,0.324998060688845,"normal",0.68877906494848
20260101,367.639966666667,478.6465043,"1050023900",0.000522949124457885,0.290500569701987,0.708976481173555,"above",0.606893976349042
19930101,229.594387096774,236.292915903224,"1050023950",0.359605568949286,0.634975291914296,0.00541913913641867,"normal",0.684447991197117
19940101,198.654129032258,196.986366016129,"1050023950",0.502671331825209,0.495544973493133,0.00178369468165784,"below",0.704956608139564
19950101,506.542741935484,499.992491112898,"1050023950",0.00242873557902856,0.53384351803453,0.463727746386442,"normal",0.706045286951059
19960101,483.842709677419,472.266461580642,"1050023950",0.00526349761774229,0.631328184619478,0.363408317762779,"normal",0.685835943123575
19970101,435.166516129032,441.26474354839,"1050023950",0.0116285400957808,0.726699237977191,0.261672221927028,"normal",0.634604436435069
19980101,253.637741935484,238.582297241939,"1050023950",0.351659916734426,0.642580479981691,0.00575960328388292,"normal",0.681407841011507
19990101,592.765709677419,629.372539048382,"1050023950",2.88850699364363e-05,0.132534548251399,0.867436566678664,"above",0.391503223903321
20000101,726.108612903226,711.259011161296,"1050023950",8.56408158123704e-07,0.0302396188899214,0.96975952470192,"above",0.135586917651217
20010101,220.031258064516,209.915128774194,"1050023950",0.454714820833358,0.54267913931788,0.00260603984876162,"normal",0.705565176626305
20020101,402.571451612903,341.251765032259,"1050023950",0.0905478707302321,0.851243952280671,0.0582081769890971,"normal",0.520111512876965
20030101,431.41964516129,482.182092919356,"1050023950",0.00401980523349568,0.597383764400623,0.398596430365882,"normal",0.69657611991321
20040101,191.870548387097,205.843135870967,"1050023950",0.469781055881049,0.527902890691413,0.00231605342753838,"normal",0.706214789060386
20050101,160.436967741935,135.818658080645,"1050023950",0.717888544923706,0.281864432070203,0.000247023006091363,"below",0.596922564542357
20060101,286.962193548387,320.069918096775,"1050023950",0.127134227251498,0.834280176632041,0.0385855961164617,"normal",0.538967068591748
20070101,37.7131612903226,80.0814519999999,"1050023950",0.863432202889856,0.136536558487249,3.12386228950023e-05,"below",0.398976888234908
20080101,481.381322580645,486.173849693543,"1050023950",0.00359846403325844,0.583384782907347,0.413016753059395,"normal",0.699857490700748
20090101,642.976612903226,618.864979322579,"1050023950",4.35738953431031e-05,0.154661905313077,0.84529452079158,"above",0.431184899748242
20100101,748.590161290323,664.775171870969,"1050023950",6.75811699346341e-06,0.0743356344514695,0.925657607431537,"above",0.264798874039725
20110101,231.659161290323,294.158677129034,"1050023950",0.184423759042278,0.793294375987636,0.022281864970086,"normal",0.580227675831259
20120101,747.081516129032,700.052401693551,"1050023950",1.43265880593088e-06,0.0381243661837419,0.961874201157452,"above",0.161957427242857
20130101,233.466096774194,234.401844903225,"1050023950",0.366215087975348,0.628633385543169,0.00515152648148309,"normal",0.686832339465131
20140101,646.284806451613,655.834246629031,"1050023950",9.84948392944114e-06,0.0867640155385397,0.913226134977531,"above",0.295108805252155
20150101,88.036935483871,92.0783813225811,"1050023950",0.837466275188021,0.162483907770632,4.98170413469889e-05,"below",0.444300434603679
20160101,96.9518064516129,93.5686806612913,"1050023950",0.83402983589387,0.165917417365514,5.27467406153947e-05,"below",0.449916046714053
20170101,194.857935483871,194.914729677418,"1050023950",0.510370137472521,0.487953399130523,0.00167646339695615,"below",0.704122896822604
20180101,519.431193548387,509.987829725801,"1050023950",0.00181026328644165,0.497360973932338,0.500828762781221,"above",0.705125516403605
20190101,137.848709677419,159.796859451613,"1050023950",0.638023809573327,0.361420238041661,0.000555952385012048,"below",0.658704102294599
20200101,326.015677419355,243.080293790324,"1050023950",0.336238979499028,0.657276784252404,0.00648423624856853,"normal",0.674974300091167
20210101,873.381064516129,722.123151129039,"1050023950",5.14857587406181e-07,0.0239362370909622,0.97606324805145,"above",0.112994105413125
20220101,780.332838709677,666.968101370967,"1050023950",6.15547423122654e-06,0.0715056569268214,0.928488187598947,"above",0.257595869354731
20230101,1076.71296774194,723.094457709684,"1050023950",4.91722373451933e-07,0.0234308578633822,0.976568650414244,"above",0.111114252673246
20240101,289.296709677419,249.623743645163,"1050023950",0.314294674737261,0.678023049538354,0.00768227572438451,"normal",0.664638179566846
20250101,364.293564516129,332.823466322582,"1050023950",0.104039642094511,0.846337253126056,0.0496231047794333,"normal",0.525673646288229
20260101,364.293564516129,496.024597758059,"1050023950",0.00272323130559955,0.548208046139427,0.449068722554973,"normal",0.705126459968239
19930101,349.41376,345.246728220002,"1050023960",0.192411907629397,0.613006265341746,0.194581827028857,"normal",0.935621867829349
19940101,252.028,243.412413699998,"1050023960",0.522449860416925,0.440539425181493,0.037010714401582,"below",0.822330304297484
19950101,426.53928,427.567215460004,"1050023960",0.0529315182978784,0.492095648808476,0.454972832893646,"normal",0.862788185072597
19960101,364.0356,380.608095800002,"1050023960",0.116951770895815,0.588385633497962,0.294662595606223,"normal",0.923096830066494
19970101,492.79208,463.961307999997,"1050023960",0.0257209057190026,0.388150278690888,0.586128815590109,"above",0.774600275010703
19980101,201.82688,212.79391104,"1050023960",0.631008936735023,0.349515575575441,0.019475487689536,"below",0.734658162456142
19990101,535.44488,551.721898900003,"1050023960",0.0030233635505957,0.152015493345915,0.84496114310349,"above",0.446248425910355
20000101,458.41608,439.068095739997,"1050023960",0.0425731250163116,0.460858186490508,0.49656868849318,"above",0.839008795543515
20010101,538.91772,538.533467000005,"1050023960",0.00432740804750429,0.181007706916832,0.814664885035663,"above",0.499923099671074
20020101,241.92368,277.614577260002,"1050023960",0.399560722915325,0.530426170434491,0.0700131066501839,"normal",0.889052480729242
20030101,439.4752,430.210261559996,"1050023960",0.0503896370019834,0.48510529063034,0.464505072367677,"normal",0.857657196034323
20040101,170.2768,193.15342538,"1050023960",0.696022752095789,0.291534422789179,0.0124428251150311,"below",0.66614614940135
20050101,441.633,433.373712179995,"1050023960",0.0474762073180719,0.476583253221693,0.475940539460235,"normal",0.851254909975908
20060101,424.67772,426.216014579996,"1050023960",0.0542697315359652,0.495620941649657,0.450109326814378,"normal",0.865335032930206
20070101,229.88872,224.200943359998,"1050023960",0.59129348226201,0.383769995763811,0.0249365219741792,"below",0.770283205545579
20080101,242.35032,254.597803439998,"1050023960",0.481919760031742,0.472070684796644,0.046009555171614,"below",0.847798547517279
20090101,267.49288,310.715231519999,"1050023960",0.289357534658131,0.590628127487553,0.120014337854316,"normal",0.924283987418466
20100101,355.88752,410.648763419996,"1050023960",0.0716876751417459,0.533516645623236,0.394795679235019,"normal",0.891036089675971
20110101,343.06936,338.864503220001,"1050023960",0.208668833248408,0.612317098736961,0.179014068014631,"normal",0.935286348537853
20120101,209.64516,217.161714399997,"1050023960",0.615940978191733,0.362626118437269,0.0214329033709976,"below",0.748692258461059
20130101,334.95708,308.950329059999,"1050023960",0.29486570119813,0.588298162318795,0.116836136483075,"normal",0.923050333018755
20140101,1345.26452,1045.84989425999,"1050023960",2.32305174997086e-13,1.84487106702491e-08,0.999999981551057,"above",3.47016987306755e-07
20150101,400.79296,406.302504859997,"1050023960",0.0772459740832152,0.543079146036807,0.379674879879978,"normal",0.897050701778803
20160101,311.79748,298.310167840002,"1050023960",0.329049057622247,0.572014797236306,0.0989361451414473,"normal",0.91414301650786
20170101,617.6394,566.712590919996,"1050023960",0.0019792264805106,0.122830112636306,0.875190660883183,"above",0.386564510849274
20180101,356.58772,357.649372980003,"1050023960",0.163113309670275,0.609787779251749,0.227098911077976,"normal",0.934047590817964
20190101,196.5356,207.277250880001,"1050023960",0.649753625969398,0.333024286450802,0.0172220875798,"below",0.716271152236042
20200101,323.88512,281.714335619999,"1050023960",0.385243523695324,0.539601826480475,0.0751546498242008,"normal",0.894884949868211
20210101,583.10568,551.721898900003,"1050023960",0.0030233635505957,0.152015493345915,0.84496114310349,"above",0.446248425910355
20220101,646.01628,522.210998220004,"1050023960",0.00662315351337012,0.220938817183524,0.772438029303106,"above",0.566264548801289
20230101,644.79952,562.010411160003,"1050023960",0.00226470082405674,0.131547821938484,0.86618747723746,"above",0.405053557920405
20240101,324.53832,351.040401720001,"1050023960",0.178345552602284,0.612249950836077,0.209404496561639,"normal",0.93525361183964
20250101,356.23762,327.644920220002,"1050023960",0.2391315512241,0.607259894732523,0.153608554043377,"normal",0.932797939745264
20260101,356.23762,386.514978520003,"1050023960",0.106742777849053,0.579823140948661,0.313434081202286,"normal",0.918477053159215
19930101,376.24792,369.794995699996,"1050024070",0.00179510614916815,0.122873735007836,0.875331158842996,"above",0.385519695379623
19940101,281.60048,283.446539746666,"1050024070",0.684309953309709,0.303141789911626,0.0125482567786654,"below",0.676343823429037
19950101,300.7142,302.362584899998,"1050024070",0.396175001548938,0.536611245177437,0.0672137532736251,"normal",0.882317537559288
19960101,295.63272,294.712726246665,"1050024070",0.514851427216173,0.449009665844581,0.0361389069392462,"below",0.821319985656123
19970101,299.24636,298.143781099998,"1050024070",0.461148609844168,0.490653941649996,0.0481974485058358,"normal",0.85245499945957
19980101,286.62688,285.339316346666,"1050024070",0.657420985040881,0.327406728317292,0.0151722866418275,"below",0.70485505703581
19990101,332.75488,327.971989673334,"1050024070",0.102179676471046,0.586071556796668,0.311748766732286,"normal",0.909581177346701
20000101,326.08108,324.882470599999,"1050024070",0.125511317939128,0.604305675586474,0.270183006474398,"normal",0.918431366440061
20010101,301.98564,301.673744700001,"1050024070",0.406638060774332,0.529598450302268,0.0637634889233996,"normal",0.8780515499894
20020101,311.28936,310.780883579999,"1050024070",0.276275667811613,0.601954963418913,0.121769368769474,"normal",0.917325572462923
20030101,370.5932,366.115169393333,"1050024070",0.00282405471685927,0.154044483097227,0.843131462185913,"above",0.448583895682267
20040101,298.3826,297.591398813336,"1050024070",0.469772326454792,0.484164511555626,0.0460631619895819,"normal",0.847866152382209
20050101,350.48724,354.13990279333,"1050024070",0.0108054800309459,0.284825462989407,0.704369056979647,"above",0.653478353819477
20060101,319.96424,325.56967884,"1050024070",0.120024682794553,0.600790618077729,0.279184699127718,"normal",0.916774028454424
20070101,280.20404,285.828896686667,"1050024070",0.65032696491083,0.333749784299612,0.0159232507895587,"below",0.711989461570858
20080101,313.405,314.288767360001,"1050024070",0.232165059525692,0.615952507669228,0.15188243280508,"normal",0.923758796660206
20090101,366.61188,364.236746899998,"1050024070",0.00353262116244161,0.171716128750681,0.824751250086878,"above",0.481400651555838
20100101,292.63344,301.187335133335,"1050024070",0.414067161270925,0.524521532395035,0.0614113063340403,"normal",0.874899065032614
20110101,323.04632,331.676623659999,"1050024070",0.0785706535703925,0.556523833399684,0.364905513029924,"normal",0.893880205956515
20120101,330.97176,337.811866699995,"1050024070",0.0488860667768476,0.492678859151227,0.458435074071926,"normal",0.853867533972074
20130101,537.95404,475.399231239995,"1050024070",8.3040451103479e-13,5.78295944464458e-08,0.999999942169575,"above",1.02163266524781e-06
20140101,337.12964,324.677908730667,"1050024070",0.127177819162049,0.605290402262948,0.267531778575003,"normal",0.918891525513313
20150101,295.66996,303.537922760001,"1050024070",0.378497623577196,0.548070623380837,0.0734317530419675,"normal",0.889070137675637
20160101,363.70716,364.985107419996,"1050024070",0.00323313564172466,0.164535291671569,0.832231572686707,"above",0.468299921914649
20170101,280.83216,285.751439503332,"1050024070",0.651452898711677,0.3327447425567,0.0158023587316228,"below",0.710867592960354
20180101,286.3324,288.346828826671,"1050024070",0.613057113247922,0.366634676044729,0.0203082107073494,"below",0.746980061974262
20190101,304.01112,302.573017150667,"1050024070",0.39299314613279,0.538710798042464,0.0682960558247463,"normal",0.883574895560431
20200101,356.09896,374.867362519997,"1050024070",0.000931211260271847,0.0873831333696846,0.911685655370044,"above",0.30378570440212
20210101,287.05976,301.447535176667,"1050024070",0.410089031037353,0.527249959761624,0.0626610092010236,"normal",0.876599995947658
20220101,299.37116,297.198627593335,"1050024070",0.475913093657447,0.479494631229612,0.0445922751129408,"normal",0.844505035320013
20230101,328.73184,333.558221639999,"1050024070",0.0682880411926351,0.53869541988939,0.393016538917975,"normal",0.883565719112871
20240101,288.769,292.449656316668,"1050024070",0.550186193549704,0.420183870618744,0.0296299358315524,"below",0.797328131941649
20250101,297.431708333333,303.742447757334,"1050024070",0.375446174586848,0.549996489828002,0.0745573355851495,"normal",0.890178686922409
20260101,304.01112,305.06278672,"1050024070",0.355941820353758,0.561915311631136,0.0821428680151056,"normal",0.896873212084404
19930101,50.9696129032258,55.4943901774191,"1050024080",0.249913103948735,0.600078306940406,0.150008589110858,"normal",0.937572774072857
19940101,91.517935483871,85.4380860806453,"1050024080",0.0984215828558564,0.564540921273727,0.337037495870417,"normal",0.917510815429486
19950101,119.293806451613,93.9985557258077,"1050024080",0.0712348222268836,0.525344820312288,0.403420357460829,"normal",0.892566348457873
19960101,84.2456774193548,85.0875716290326,"1050024080",0.0996779107992353,0.565913077792202,0.334409011408563,"normal",0.918329561407102
19970101,101.418129032258,75.996552725807,"1050024080",0.13644766023751,0.594189277076383,0.269363062686107,"normal",0.934410205660575
19980101,18.3436129032258,29.1408317580647,"1050024080",0.447189662743291,0.495572878259529,0.0572374589971805,"normal",0.871528763752339
19990101,171.250193548387,176.67904969355,"1050024080",0.000769842695711531,0.0719350369725889,0.9272951203317,"above",0.264847073359747
20000101,68.5934516129032,74.3478280000003,"1050024080",0.144001897493507,0.597715412653273,0.25828268985322,"normal",0.936311437025901
20010101,226.686225806452,216.965838225807,"1050024080",3.22581178355967e-05,0.0111390287117058,0.988828713170459,"above",0.0615378159052437
20020101,24.1326774193548,31.2148547419355,"1050024080",0.430374768961579,0.507324109692281,0.0623011213461404,"normal",0.880055224115818
20030101,98.7803225806452,95.607549548386,"1050024080",0.0668399376556919,0.516877355137168,0.41628270720714,"normal",0.886771722290981
20040101,0.459806451612903,10.8975637096774,"1050024080",0.595777984060653,0.378847366700133,0.0253746492392145,"below",0.76948991029507
20050101,86.0372258064516,60.4343921129036,"1050024080",0.218767821016398,0.606286076740658,0.174946102242944,"normal",0.940838294456106
20060101,143.095225806452,130.441945645161,"1050024080",0.0133400644101932,0.293437134255698,0.693222801334109,"above",0.671369205937864
20070101,14.9086129032258,31.7958167580645,"1050024080",0.425685890119634,0.510533690155768,0.0637804197245988,"normal",0.882333082209604
20080101,1.55212903225806,16.0862869999998,"1050024080",0.553978823744664,0.413638919181292,0.0323822570740442,"below",0.803416344908209
20090101,6.34303225806452,42.0504648870971,"1050024080",0.345215653221273,0.560174331598875,0.0946100151798517,"normal",0.914881259781738
20100101,42.925935483871,45.1531455000005,"1050024080",0.322011671720607,0.572170224997268,0.105818103282125,"normal",0.922017535721691
20110101,34.1624838709677,48.6255349193551,"1050024080",0.296845324270762,0.583689445703097,0.119465230026141,"normal",0.928613423554596
20120101,7.15,75.4404552903226,"1050024080",0.138964731969706,0.595435976181747,0.265599291848547,"normal",0.935085002761569
20130101,120.694774193548,99.0439324193544,"1050024080",0.0581585554506207,0.49780313815907,0.44403830639031,"normal",0.873169698957276
20140101,464.70964516129,363.913631225807,"1050024080",1.12659967227722e-12,5.58179229503963e-08,0.99999994418095,"above",9.88074708824401e-07
20150101,89.1671612903226,90.7214985967734,"1050024080",0.0808677071588904,0.54157443440972,0.37755785843139,"normal",0.903264651021651
20160101,59.3561612903226,70.8246761451609,"1050024080",0.161074273592137,0.603504025248326,0.235421701159537,"normal",0.939383449308811
20170101,246.975,208.395621225808,"1050024080",6.68899401037535e-05,0.0174384731137068,0.982494636946189,"above",0.0886039294335593
20180101,75.0033225806452,78.0697405000003,"1050024080",0.127339616932602,0.589034090026838,0.28362629304056,"normal",0.931589564842632
20190101,7.24838709677419,13.4928757258063,"1050024080",0.574976141588808,0.396321555352314,0.0287023030588786,"below",0.786929917626159
20200101,89.538935483871,97.1994328709677,"1050024080",0.0627011969631536,0.508201624841625,0.429097178195221,"normal",0.880680156855904
20210101,180.420096774194,211.191603758066,"1050024080",5.2898462371982e-05,0.0151127209452089,0.984834380592419,"above",0.0789267614547115
20220101,110.761935483871,93.4114731129032,"1050024080",0.0728925276662093,0.528355159704202,0.398752312629589,"normal",0.894590986587229
20230101,262.903322580645,198.539856596775,"1050024080",0.000149193521761239,0.0282059884022215,0.971644818076017,"above",0.129908953197807
20240101,51.6290967741935,76.3998111935488,"1050024080",0.13464200909067,0.593248971875473,0.272109019033857,"normal",0.933899364902635
20250101,85.1414516129032,75.0754236129033,"1050024080",0.140634062438581,0.596222665182512,0.263143272378908,"normal",0.935509347786462
20260101,85.1414516129032,74.3004637258067,"1050024080",0.144223003437867,0.597809095088255,0.257967901473879,"normal",0.936361639257882
19930101,422.961322580645,399.492797177418,"1050024310",0.846414374970968,0.153459975627688,0.000125649401343741,"below",0.42989740412569
19940101,668.265096774194,684.921346032263,"1050024310",0.361705913605302,0.627162697296888,0.0111313890978099,"normal",0.710498493663908
19950101,661.161709677419,678.766072064518,"1050024310",0.372874737191951,0.616832688994991,0.0102925738130583,"normal",0.712975235955257
19960101,910.547387096774,873.542456532266,"1050024310",0.103366087500561,0.81240172499677,0.0842321875026689,"normal",0.611777382714937
19970101,746.109774193548,770.458657725798,"1050024310",0.221842158664057,0.747676811648194,0.0304810296877492,"normal",0.657858945694573
19980101,792.717580645161,787.771359290313,"1050024310",0.197831584737723,0.765470788951654,0.0366976263106226,"normal",0.646424467128467
19990101,1395.49864516129,1310.48712366129,"1050024310",0.000379095572377614,0.232968640854298,0.766652263573324,"above",0.546103441980081
20000101,1039.53077419355,1066.96720861291,"1050024310",0.0141017626376539,0.657851571775271,0.328046665587076,"normal",0.701227068344783
20010101,1141.42277419355,1083.27802251614,"1050024310",0.0115124098717858,0.631579052152138,0.356908537976076,"normal",0.709340284758663
20020101,1141.39009677419,1091.18795543549,"1050024310",0.0104128542289396,0.61836857747405,0.371218568297011,"normal",0.712627629262355
20030101,1444.6785483871,1444.35544540322,"1050024310",3.00336533903208e-05,0.0848789138346975,0.915091052511912,"above",0.290866689801288
20040101,345.935967741935,369.020141306454,"1050024310",0.878592668768087,0.121337209214813,7.012201710066e-05,"below",0.370312632675914
20050101,462.358290322581,437.326980822584,"1050024310",0.799238953841403,0.200509085231757,0.000251960926840211,"below",0.503390701352667
20060101,1428.09187096774,1443.11514622581,"1050024310",3.08033074368088e-05,0.0858110149908243,0.914158181701739,"above",0.293085399451924
20070101,814.197290322581,814.250125903234,"1050024310",0.164295479700257,0.78752839320222,0.0481761270975225,"normal",0.630950961807431
20080101,221.725193548387,280.471564709679,"1050024310",0.944595935728371,0.0553926024837079,1.14617879208856e-05,"below",0.214238424579426
20090101,345.289548387097,327.953913000004,"1050024310",0.914002384163579,0.0859666828050414,3.09330313791323e-05,"below",0.293454868376012
20100101,1007.40087096774,1019.326306,"1050024310",0.0247112105090827,0.725396190083561,0.249892599407356,"normal",0.670855108159008
20110101,738.716709677419,711.024997693542,"1050024310",0.315734797390826,0.668882647304132,0.0153825553050413,"normal",0.697199421481784
20120101,357.185870967742,362.11419854839,"1050024310",0.885172964706046,0.114765770108463,6.12651854906554e-05,"below",0.35701285143611
20130101,1609.98141935484,1591.58200133872,"1050024310",1.16869621335454e-06,0.0186670225751218,0.981331808728665,"above",0.0928221673204356
20140101,1369.64058064516,1341.31354791935,"1050024310",0.00021894125387674,0.190194060696713,0.80958699804941,"above",0.488521909815981
20150101,374.571870967742,396.509787403228,"1050024310",0.849793124593219,0.150088092032313,0.000118783374468356,"below",0.42403490910333
20160101,870.617096774194,881.897636258067,"1050024310",0.0963122966790606,0.813060554557916,0.0906271487630232,"normal",0.611244659849739
20170101,1663.69977419355,1597.7192085484,"1050024310",1.01011390810126e-06,0.0173579509165168,0.982641038969575,"above",0.0875853655642738
20180101,986.297064516129,1018.6476446129,"1050024310",0.0249010533387065,0.726243938259295,0.248855008401999,"normal",0.670387547955355
20190101,728.171322580645,786.125885677422,"1050024310",0.20004378705105,0.763890857211985,0.0360653557369647,"normal",0.647477611669721
20200101,1213.33987096774,1362.33964583872,"1050024310",0.000148772765733762,0.163969878450683,0.835881348783583,"above",0.447627863694347
20210101,1322.98029032258,1249.83925414516,"1050024310",0.00105093776305048,0.330480056120129,0.668469006116821,"above",0.642353972773542
20220101,1315.87909677419,1387.62153296774,"1050024310",9.22940788681871e-05,0.135689623243177,0.864218082677955,"above",0.397997362440273
20230101,1598.60238709677,1449.07436930645,"1050024310",2.72685991441877e-05,0.0814018187142574,0.918570912686598,"above",0.282491360034579
20240101,570.468548387097,530.885568516133,"1050024310",0.65105815737809,0.34771069111535,0.00123115150655928,"below",0.654970370745815
20250101,890.582241935484,857.800300064518,"1050024310",0.117660574432674,0.80922673560939,0.0731126899579354,"normal",0.614326647433809
20260101,890.582241935484,844.987277790329,"1050024310",0.130287100122714,0.804791496723896,0.0649214031533897,"normal",0.617837889695889
19930101,250.604133333333,266.484934666668,"1050024320",0.413275527181526,0.570497905989828,0.016226566828646,"normal",0.752248041424022
19940101,305.746633333333,287.073584133332,"1050024320",0.338492170079258,0.635398680430836,0.0261091494899052,"normal",0.750008187420506
19950101,153.216966666667,180.2855625,"1050024320",0.728261945283372,0.270226981790192,0.00151107292643637,"below",0.594332278231827
19960101,1165.68606666667,961.403752733322,"1050024320",2.91545591021099e-12,3.00823803411898e-06,0.99999699175905,"above",4.12555215772839e-05
19970101,237.594533333333,260.802041883331,"1050024320",0.434619377127394,0.551237232107138,0.0141433907654679,"normal",0.75070277660324
19980101,596.1884,591.196397149998,"1050024320",0.000429172567728144,0.164264391298234,0.835306436134037,"above",0.450353744872351
19990101,488.595133333333,479.983231000004,"1050024320",0.0117050513166313,0.524642707788205,0.463652240895164,"normal",0.746847956403103
20000101,273.002066666667,273.00454585,"1050024320",0.389104730355275,0.59196023588482,0.0189350337599047,"normal",0.752763075070405
20010101,239.4069,241.810022366667,"1050024320",0.506987821778125,0.484247878212824,0.00876430000905082,"below",0.737054240686497
20020101,247.0107,244.986406050002,"1050024320",0.494835347768636,0.495650225853065,0.00951442637829847,"normal",0.740310109168568
20030101,534.088266666667,557.196238700005,"1050024320",0.00131840363989679,0.256762949595321,0.741918646764782,"above",0.579312543932951
20040101,231.0808,223.821728416665,"1050024320",0.575358304423709,0.419223707461993,0.00541798811429783,"below",0.710759983665483
20050101,194.106133333333,202.941748533331,"1050024320",0.651835812441274,0.345167951518283,0.00299623604044297,"below",0.663534145625386
20060101,359.643566666667,365.167572200005,"1050024320",0.121900374071524,0.761541947504243,0.116557678424233,"normal",0.714522699389561
20070101,306.944933333333,289.572955466667,"1050024320",0.329768712889356,0.642635153863074,0.0275961332475694,"normal",0.749064977608659
20080101,309.1046,303.529749266666,"1050024320",0.282847212628956,0.679900919083257,0.0372518682877867,"normal",0.742065129840271
20090101,314.550833333333,318.731465300002,"1050024320",0.235702305621854,0.713557212760368,0.0507404816177788,"normal",0.732712880206457
20100101,372.1491,345.914908416665,"1050024320",0.163321679458008,0.752424379225115,0.0842539413168769,"normal",0.718412575180606
20110101,596.747166666667,590.505905616666,"1050024320",0.000439501728132498,0.165901217994273,0.833659280277594,"above",0.45308410441678
20120101,626.6609,604.221545316671,"1050024320",0.000271921191633686,0.135336134132014,0.864391944676352,"above",0.398870840565683
20130101,625.179433333333,630.005678866668,"1050024320",0.000105503890906334,0.0887963831089879,0.911098113000106,"above",0.300805974152418
20140101,492.200633333333,477.700111350005,"1050024320",0.0123911757928724,0.532646234878339,0.454962589328789,"normal",0.748220778917963
20150101,375.2027,364.449645233334,"1050024320",0.123298607475234,0.761487455263078,0.115213937261688,"normal",0.714546547090212
20160101,383.129233333333,380.066464550003,"1050024320",0.0953643242879954,0.75765816591897,0.146977509793034,"normal",0.716204342664553
20170101,427.543833333333,450.421485800007,"1050024320",0.023674562645476,0.622401337561384,0.35392409979314,"normal",0.75135774583517
20180101,201.6961,216.132022716667,"1050024320",0.604025542721501,0.391599736310233,0.0043747209682663,"below",0.695406452647085
20190101,213.713666666667,231.969716716668,"1050024320",0.544544632200704,0.448695962613353,0.00675940518594331,"below",0.724342011221788
20200101,245.046366666667,286.565538916668,"1050024320",0.340276221357546,0.633908544259669,0.0258152343827842,"normal",0.750185426916264
20210101,623.2776,602.570130533337,"1050024320",0.00028835251044284,0.138799081313522,0.860912566176035,"above",0.405373137801263
20220101,523.366266666667,676.590668883334,"1050024320",1.64624665034541e-05,0.0363646111766689,0.963618926356828,"above",0.156410542814449
20230101,327.440166666667,349.146928083334,"1050024320",0.155794386313459,0.755057185615161,0.0891484280713805,"normal",0.717310069773026
20240101,269.1884,281.786783433333,"1050024320",0.35722771799182,0.619588539944739,0.0231837420634412,"normal",0.751591204737541
20250101,320.9955,270.038863183333,"1050024320",0.400052619971267,0.58228868983,0.0176586901987321,"normal",0.752686942566958
20260101,320.9955,371.624403466671,"1050024320",0.109824246287821,0.761032034321308,0.129143719390871,"normal",0.714745573682904
19930101,622.070733333333,564.359992300005,"1050024870",0.60994615944159,0.387774361407812,0.00227947915059779,"below",0.682766821604389
19940101,1046.60616666667,1015.49962161668,"1050024870",0.00324209883366397,0.431322740006509,0.565435161159827,"above",0.703669223906059
19950101,233.745066666667,323.85457675,"1050024870",0.969894927672456,0.0301005053865053,4.56694103878608e-06,"below",0.135151946951735
19960101,887.759033333333,865.938028933322,"1050024870",0.042065166177666,0.754739842501563,0.203194991320771,"normal",0.669464643228504
19970101,646.430866666667,694.127967583339,"1050024870",0.279555515393494,0.696214282086822,0.0242302025196837,"normal",0.698546478150433
19980101,1086.47843333333,1120.6799616,"1050024870",0.000310816384310718,0.193339049736589,0.806350133879101,"above",0.493782785210851
19990101,1131.31866666667,1116.83103811666,"1050024870",0.000341406159921448,0.200416273904938,0.79924231993514,"above",0.503969186863379
20000101,862.961,862.961157766668,"1050024870",0.0438735961973182,0.758482823414435,0.197643580388247,"normal",0.667277129075932
20010101,661.099,681.845818500001,"1050024870",0.307675581204011,0.67238594616608,0.0199384726299086,"normal",0.707606581415642
20020101,795.249566666667,766.706049516665,"1050024870",0.142981060894343,0.788965909670062,0.0680530294355958,"normal",0.648004965444452
20030101,770.568033333333,723.799264283331,"1050024870",0.217235311594089,0.74489054234612,0.0378741460597911,"normal",0.675033430130376
20040101,559.0801,523.07253646667,"1050024870",0.710163525232921,0.288905252783453,0.000931221983626052,"below",0.608280673324864
20050101,524.0535,513.920830483329,"1050024870",0.730639566354629,0.268604040675128,0.000756392970242659,"below",0.587820998506139
20060101,826.528833333333,839.578856299992,"1050024870",0.0603500909767456,0.782353051206594,0.15729685781666,"normal",0.652405872128665
20070101,379.8203,422.011954033337,"1050024870",0.889941019454255,0.109981719055199,7.72614905454327e-05,"below",0.347276906759539
20080101,920.291166666667,932.606946899995,"1050024870",0.0149749036315698,0.635542442133542,0.349482654234888,"normal",0.718403233452735
20090101,857.829333333333,828.493243416663,"1050024870",0.0696919466921365,0.790099288927841,0.140208764380022,"normal",0.647238470412594
20100101,886.886833333333,929.41227756666,"1050024870",0.015797411348627,0.642555317090044,0.341647271561329,"normal",0.716651088633667
20110101,1277.9687,1323.36348521667,"1050024870",9.19114388593959e-07,0.0134489362829414,0.98655014460267,"above",0.071321293272174
20120101,1562.52746666667,1399.67381958333,"1050024870",6.52541626000143e-08,0.0032575249144855,0.996742409831352,"above",0.0219085113684933
20130101,1136.35306666667,1118.07989,"1050024870",0.000331186777537031,0.198103255633493,0.80156555758897,"above",0.500673451281721
20140101,1107.28326666667,1107.84314416667,"1050024870",0.000424060310354768,0.217529912481809,0.782046027207836,"above",0.527376849973025
20150101,348.280066666667,424.742384799998,"1050024870",0.886485805290282,0.113431093360504,8.31013492145205e-05,"below",0.354483146411437
20160101,972.110066666667,946.416482533323,"1050024870",0.011829320447834,0.604113878389508,0.384056801162658,"normal",0.724486499515777
20170101,853.702466666667,856.822365816667,"1050024870",0.0478007890828576,0.765710310127889,0.186488900789253,"normal",0.662942293451785
20180101,458.723433333333,443.450854783334,"1050024870",0.860724993194803,0.139139244443304,0.000135762361892722,"below",0.404722203556432
20190101,523.732066666667,489.540870366663,"1050024870",0.781405078670295,0.21816753152312,0.00042738980658541,"below",0.528216560562752
20200101,829.710066666667,883.997047749994,"1050024870",0.032347937953512,0.72883635710682,0.238815704939668,"normal",0.683526921031309
20210101,800.748933333333,688.654750183335,"1050024870",0.291932013779528,0.685837664089279,0.0222303221311926,"normal",0.702691155061805
20220101,710.012833333333,571.077233950002,"1050024870",0.592697380146727,0.404683130545524,0.00261948930774936,"below",0.691692247113173
20230101,668.103933333333,526.913731133335,"1050024870",0.701356928109035,0.297627971219978,0.00101510067098776,"below",0.616493663063004
20240101,596.101666666667,510.676051349998,"1050024870",0.73772121911522,0.26157673095459,0.000702049930189741,"below",0.580286443479527
20250101,813.638883333333,853.652191333331,"1050024870",0.0499363885041322,0.769179357521383,0.180884253974485,"normal",0.660809820048841
20260101,813.638883333333,856.575879366666,"1050024870",0.0479641697138273,0.765986518309415,0.186049311976758,"normal",0.662773735800122
19930101,947.960777777778,945.763184728241,"1050870170",0.560687978234971,0.4298207377762,0.00949128398882948,"below",0.731548451597629
19940101,906.131611111111,946.874189766203,"1050870170",0.556131604774267,0.434079117293554,0.00978927793217954,"below",0.73385154927386
19950101,1151.58455555556,1124.90109870463,"1050870170",0.0437418455387829,0.642184488199525,0.314073666261693,"normal",0.785035781490303
19960101,1112.05405555556,1107.09299647408,"1050870170",0.0637833561241671,0.684593774663239,0.251622869212594,"normal",0.782156687342054
19970101,1133.12841666667,1200.74139668195,"1050870170",0.006263711373997,0.374388212010378,0.619348076615625,"above",0.696320030929224
19980101,1306.64619444444,1292.75351553241,"1050870170",0.000277106743987045,0.103570921328588,0.896151971927425,"above",0.335375561544905
19990101,1408.09480555556,1439.10207429954,"1050870170",3.28117558834798e-07,0.00271153178154715,0.997288140100894,"above",0.0187388860946092
20000101,1002.22802777778,987.231705546758,"1050870170",0.390424701873399,0.581825674340671,0.0277496237859297,"normal",0.78177945401349
20010101,945.265444444444,944.344765535649,"1050870170",0.566493352362865,0.424384263927257,0.00912238370987828,"below",0.728527047929731
20020101,868.033388888889,905.855126648148,"1050870170",0.71478690902453,0.282328179394711,0.0028849115807591,"below",0.613932545103263
20030101,1500.19458333333,1451.36427173194,"1050870170",1.68653901910001e-07,0.00181768848497987,0.998182142861118,"above",0.0132887931241815
20040101,1233.44288888889,1244.52319364584,"1050870170",0.00157916075042036,0.222426748782319,0.77599409046726,"above",0.541329523967087
20050101,1231.28369444444,1187.01563226759,"1050870170",0.00927893250629627,0.426714278732293,0.564006788761411,"above",0.729833179680302
20060101,973.813277777778,948.788284353704,"1050870170",0.548264563920796,0.441413564669205,0.0103218714099985,"below",0.73768863460583
20070101,1038.1925,1010.28723133657,"1050870170",0.302299939881879,0.6507684818232,0.0469315782949214,"normal",0.784789907078023
20080101,1454.68011111111,1447.66410171991,"1050870170",2.06505825701137e-07,0.00205409217326225,0.997945701320912,"above",0.0147659265900672
20090101,1051.92861111111,1086.3282433912,"1050870170",0.0954386924126626,0.716529216444107,0.18803209114323,"normal",0.777284981817095
20100101,896.677,919.196316912036,"1050870170",0.665960910111859,0.329667632052476,0.00437145783566462,"below",0.66030031650442
20110101,893.317888888889,977.309421731017,"1050870170",0.430499165858635,0.547708116188065,0.0217927179532998,"normal",0.775939083808927
20120101,1098.87372222222,1129.8704224625,"1050870170",0.0391646932006363,0.628217745733571,0.332617561065792,"normal",0.785064156882069
20130101,1100.59227777778,1062.58285379074,"1050870170",0.144291693107375,0.726875323345232,0.128832983547392,"normal",0.775219894078597
20140101,964.625083333333,983.517540487037,"1050870170",0.405313974247459,0.56930840539956,0.0253776203529806,"normal",0.779981045307875
20150101,1089.42472222222,1086.46604183148,"1050870170",0.0951960709836543,0.716385495268657,0.188418433747689,"normal",0.777312004700435
20160101,921.896972222222,912.609748496296,"1050870170",0.690487391257907,0.305944199486636,0.00356840925545687,"below",0.638183275703333
20170101,1561.91716666667,1449.84252583704,"1050870170",1.83331254441119e-07,0.00191174410311989,0.998088072565626,"above",0.0138799620783966
20180101,984.438277777778,989.119945014813,"1050870170",0.382914857508351,0.58806047759515,0.0290246648964989,"normal",0.782528558037022
20190101,1031.56288888889,974.807371463888,"1050870170",0.440736155454038,0.538789854083832,0.0204739904621302,"normal",0.773917828779926
20200101,1054.68416666667,1109.95747213565,"1050870170",0.0601477517645406,0.678644018972004,0.261208229263456,"normal",0.782810249971605
20210101,936.838916666667,919.172409373147,"1050870170",0.666051312857531,0.329580414871922,0.00436827227054659,"below",0.660222960179115
20220101,1221.20244444444,1429.31870585695,"1050870170",5.51750582935216e-07,0.00369087874804552,0.996308569501372,"above",0.0243684589457762
20230101,1717.80380555556,1449.26096680926,"1050870170",1.89259839107598e-07,0.00194884164501896,0.998050969095142,"above",0.0141118455577957
20240101,1117.44547222222,1009.58176270463,"1050870170",0.304862490257555,0.648920273826931,0.046217235915514,"normal",0.784857443342091
20250101,1072.05444444444,1120.45478525232,"1050870170",0.0481943853442971,0.653937042783887,0.297868571871816,"normal",0.784655550522044
20260101,1072.05444444444,999.165259878705,"1050870170",0.343760508378991,0.619587861373109,0.0366516302479001,"normal",0.784849299176529
19930101,228.1371,286.536582599998,"1050873640",0.59975803952913,0.39861674827166,0.00162521219920964,"below",0.683680678284573
19940101,375.071233333333,395.368368549996,"1050873640",0.232491659463496,0.742488173445683,0.025020167090821,"normal",0.652533121289403
19950101,525.371533333333,525.170111883333,"1050873640",0.0284854750244775,0.755800761595249,0.215713763380274,"normal",0.643831195532058
19960101,616.7725,620.072233083334,"1050873640",0.00288075699424331,0.468909954767335,0.528209288238422,"above",0.709114240117834
19970101,522.7055,526.754825749998,"1050873640",0.0275648361374629,0.752505853301226,0.219929310561312,"normal",0.646035390668336
19980101,228.816,260.190502616665,"1050873640",0.688208915970777,0.311057409676387,0.000733674352836111,"below",0.625699279260383
19990101,704.223433333333,680.044439099998,"1050873640",0.00047836153151373,0.269569411908509,0.729952226559977,"above",0.586815181101397
20000101,538.1913,532.533302266669,"1050873640",0.0244153896395529,0.739889398817623,0.235695211542824,"normal",0.654168649470329
20010101,285.7097,272.43502086667,"1050873640",0.648079374990648,0.350851853747567,0.00106877126178528,"below",0.655890183356711
20020101,449.9884,515.795567516662,"1050873640",0.0344689336672455,0.773779025156495,0.19175204117626,"normal",0.631219712037083
20030101,824.465033333333,771.012519449991,"1050873640",1.85426666910274e-05,0.0756760882402492,0.92430536909306,"above",0.268298831980314
20040101,300.3472,278.060986266667,"1050873640",0.629037418928179,0.36969699497646,0.00126558609536032,"below",0.667918665701955
20050101,623.241833333333,587.220354666663,"1050873640",0.00686578696386378,0.582562709512602,0.410571503523534,"normal",0.714462144869507
20060101,438.6178,494.729539900001,"1050873640",0.0517118406568676,0.804126583050341,0.144161576292792,"normal",0.607687571482301
20070101,319.224666666667,307.922989516666,"1050873640",0.52371379124591,0.473304276296469,0.00298193245762091,"below",0.710123326457201
20080101,861.758866666667,785.343781266667,"1050873640",1.04795135253036e-05,0.0588822705213283,0.941107249965146,"above",0.224010912362951
20090101,505.5799,494.063170266671,"1050873640",0.0523528449373245,0.804848228608081,0.142798926454595,"normal",0.607093638882653
20100101,610.7294,579.203333733335,"1050873640",0.00838369134092896,0.608961483044341,0.38265482561473,"normal",0.709718015758685
20110101,482.538933333333,489.083550250005,"1050873640",0.0573447198430416,0.809763183812838,0.132892096344121,"normal",0.60300599602502
20120101,715.196533333333,718.760187983325,"1050873640",0.000129706891027586,0.167770086516458,0.832100206592514,"above",0.453599502691556
20130101,283.064433333333,306.526601850003,"1050873640",0.528736546319837,0.468394362967536,0.00286909071262675,"below",0.708991474097144
20140101,192.362566666667,232.638095333336,"1050873640",0.770270810349329,0.229427425524152,0.000301764126519166,"below",0.541252685286977
20150101,181.9203,223.825273233333,"1050873640",0.793712399452725,0.206063256385777,0.000224344161498413,"below",0.510751411950116
20160101,1141.9985,1013.21192159999,"1050873640",1.36483999078312e-10,0.000145537056832956,0.999854462806683,"above",0.00143136121601844
20170101,486.7317,503.231803883336,"1050873640",0.0440690035914873,0.793614601196617,0.162316395211896,"normal",0.616158130334875
20180101,430.932333333333,398.433998066668,"1050873640",0.224115855933389,0.749199361156276,0.0266847829103345,"normal",0.648213978951763
20190101,460.925566666667,478.449798849996,"1050873640",0.0692531587927868,0.817397839607941,0.113349001599272,"normal",0.596509331030092
20200101,574.624066666667,513.170958933337,"1050873640",0.0363179926184424,0.778334867852707,0.185347139528851,"normal",0.627866887735642
20210101,538.628633333333,525.134723566669,"1050873640",0.0285063223639656,0.755873513996206,0.215620163639829,"normal",0.643782151932018
20220101,967.562466666667,1013.21192159999,"1050873640",1.36483999078312e-10,0.000145537056832956,0.999854462806683,"above",0.00143136121601844
20230101,701.347633333333,677.995310266663,"1050873640",0.000510930370000279,0.275693991939264,0.723795077690736,"above",0.593058763212576
20240101,676.733966666667,771.471876749998,"1050873640",1.82111149553059e-05,0.0750864851417818,0.924895303743263,"above",0.266817222564146
20250101,514.1427,554.2778983,"1050873640",0.015134708419189,0.684634860531245,0.300230431049566,"normal",0.684052113254268
20260101,514.1427,556.329955916667,"1050873640",0.0144411605555576,0.678848186138753,0.306710653305689,"normal",0.686640157086535
19930101,796.236233333333,856.775749516679,"1050874640",0.0816370071186977,0.882945919107941,0.0354170737733615,"normal",0.432771298506488
19940101,577.238566666667,581.299726383337,"1050874640",0.40945631732027,0.589063095400232,0.00148058727949807,"normal",0.687005435768231
19950101,1283.2898,1311.71959999999,"1050874640",0.000452587984230471,0.452672661809254,0.546874750206515,"above",0.692325502111581
19960101,1285.63726666667,1313.31201236666,"1050874640",0.000441794015025995,0.450016012202358,0.549542193782616,"above",0.691732220794964
19970101,960.687266666667,938.457028400003,"1050874640",0.0409613446070395,0.887037262737349,0.0720013926556111,"normal",0.426645005324901
19980101,957.462966666667,961.177035433334,"1050874640",0.0331982117605097,0.880666726857848,0.0861350613816418,"normal",0.436149415560706
19990101,712.156033333333,711.946695366676,"1050874640",0.217239373326869,0.774981852487579,0.00777877418555106,"normal",0.567002908730786
20000101,734.343333333333,771.905672900005,"1050874640",0.150296318189324,0.834529749979866,0.0151739318308098,"normal",0.499340128533362
20010101,725.9031,774.440714916669,"1050874640",0.147806837217022,0.83660432614642,0.0155888366365581,"normal",0.496706225198896
20020101,457.323533333333,482.893704349999,"1050874640",0.574283850383684,0.425364096019903,0.000352053596413215,"below",0.684920732385752
20030101,1061.0199,1032.42887471666,"1050874640",0.0162942408632599,0.839943239191531,0.143762519945209,"normal",0.492426884148611
20040101,1074.53623333333,986.512441883325,"1050874640",0.0260140653347221,0.869750758388401,0.104235176276876,"normal",0.451987629514119
20050101,876.4455,925.507454183338,"1050874640",0.0460074293473196,0.88921011600998,0.0647824546427003,"normal",0.423358736072141
20060101,1341.4707,1330.26886028331,"1050874640",0.000340754397728781,0.421874955324227,0.577784290278044,"above",0.683764607522358
20070101,271.8493,309.072242600001,"1050874640",0.821870329575293,0.178110988167098,1.86822576089263e-05,"below",0.468735396064017
20080101,530.9512,540.367329950004,"1050874640",0.477746954527221,0.521422255164551,0.000830790308227969,"normal",0.698339808773276
20090101,515.838333333333,658.551214033333,"1050874640",0.289208016784491,0.706707241051356,0.00408474216415344,"normal",0.626587692031595
20100101,1502.64,1476.33946791665,"1050874640",2.97535000009961e-05,0.207771623936461,0.792198622563538,"above",0.511322164559831
20110101,295.6222,317.250877516667,"1050874640",0.812708786802979,0.187269514549565,2.16986474557146e-05,"below",0.482489626158603
20120101,1526.72266666667,1501.05887524999,"1050874640",1.9000041233744e-05,0.179125279056391,0.820855720902375,"above",0.470286310960886
20130101,431.906266666667,485.71981673333,"1050874640",0.569592744855762,0.430039543675182,0.000367711469055787,"below",0.68639486580354
20140101,451.7579,460.908153200004,"1050874640",0.610370603838406,0.389379594236015,0.000249801925578996,"below",0.670668358808353
20150101,173.613766666667,253.333346416669,"1050874640",0.876624915920616,0.123368550060262,6.53401912187324e-06,"below",0.373666973116798
20160101,2157.81493333333,1856.08824924998,"1050874640",9.49233328617071e-09,0.00775332796610317,0.992246662541564,"above",0.0454017070223455
20170101,1168.75926666667,1084.22164696668,"1050874640",0.00923177226374761,0.791571827341688,0.199196400394564,"normal",0.549665805465325
20180101,1448.206,1331.43942543333,"1050874640",0.000334640624788492,0.419944431112289,0.579720928262923,"above",0.683104291983891
20190101,1514.17986666667,1478.23107514999,"1050874640",2.87602523255367e-05,0.205488424374746,0.794482815372928,"above",0.508240374026106
20200101,1018.45003333333,949.857516416669,"1050874640",0.0368993824648428,0.884246974816179,0.0788536427189778,"normal",0.430831817542208
20210101,2333.14476666667,1902.41508104999,"1050874640",2.99637837592983e-09,0.00444472897765424,0.995555268025967,"above",0.0285077121532577
20220101,1332.2014,1354.57048566666,"1050874640",0.000232888993864477,0.382230001147491,0.617537109858645,"above",0.667214055036797
20230101,1462.96526666667,1422.13836586666,"1050874640",7.67002223360249e-05,0.279259228667972,0.720664071109692,"above",0.593030685422737
20240101,497.7976,347.447187483334,"1050874640",0.776432189860072,0.223530473528725,3.73366112030871e-05,"below",0.531748739978465
20250101,959.075116666667,739.100485566669,"1050874640",0.185018276887433,0.804378222015049,0.0106035010975183,"normal",0.535492664929994
20260101,959.075116666667,888.824798983337,"1050874640",0.0630449422485311,0.889592155242578,0.0473629025088909,"normal",0.422778579226516
19930101,9.48826923076923,8.77742186538464,"1050887720",0.215359538410215,0.649936537353484,0.134703924236301,"normal",0.880755771631321
19940101,16.3846538461538,16.0452861730768,"1050887720",0.0224858680996904,0.432715831038812,0.544798300861497,"above",0.778683333362304
19950101,1.51234615384615,2.32733917307693,"1050887720",0.614880758560436,0.370654714695021,0.0144645267445431,"below",0.728174609798579
19960101,14.1908461538462,12.7211853653846,"1050887720",0.0737638581406715,0.597739972417315,0.328496169442013,"normal",0.86558248241331
19970101,14.6785769230769,14.6403135576925,"1050887720",0.0383914709240588,0.510445647286509,0.451162881789432,"normal",0.827505726894213
19980101,5.53284615384615,5.25841655769233,"1050887720",0.421238140518902,0.533597092091965,0.0451647673891326,"normal",0.839239356891021
19990101,22.219,19.4528627499999,"1050887720",0.00500482974038838,0.242264964658291,0.752730205601321,"above",0.583788835503686
20000101,10.0382307692308,8.30405017307691,"1050887720",0.23925572959599,0.642476425978973,0.118267844425037,"normal",0.878915203255823
20010101,43.4416923076923,42.0056070961542,"1050887720",1.06400157583804e-10,4.10902036451777e-06,0.999995890873235,"above",5.50729714153802e-05
20020101,4.2805,6.08771042307687,"1050887720",0.367837245366391,0.572166146073503,0.0599966085601061,"normal",0.856133089798049
20030101,0.816846153846154,1.35767465384616,"1050887720",0.67523924946341,0.315293449894305,0.00946730064228518,"below",0.67320320639305
20040101,9.94969230769231,9.95909278846157,"1050887720",0.162109516229293,0.655571799982688,0.182318683788019,"normal",0.882075289671603
20050101,9.29165384615385,9.47995292307702,"1050887720",0.18257485101168,0.65555307355953,0.16187207542879,"normal",0.882071005218705
20060101,10.397,11.5600059038462,"1050887720",0.104941450600484,0.6334849117469,0.261573637652616,"normal",0.876553566030031
20070101,13.3229615384615,13.2207522115384,"1050887720",0.0627650738169755,0.577968484526227,0.359266441656797,"normal",0.858397013033325
20080101,15.9748846153846,15.5153313846155,"1050887720",0.0276710165274032,0.46283815602072,0.509490827451876,"above",0.799398218872813
20090101,5.41930769230769,5.79058413461531,"1050887720",0.386736501772341,0.558967496344794,0.0542960018828652,"normal",0.850716238849242
20100101,38.5638461538462,39.4942411538466,"1050887720",1.50277412416906e-09,2.68490472671301e-05,0.999973149449959,"above",0.000309474466008564
20110101,8.31607692307692,8.50456271153848,"1050887720",0.228960897612585,0.645991001757761,0.125048100629654,"normal",0.879795683300464
20120101,44.673,42.3245157884618,"1050887720",7.50831814501942e-11,3.19853380492674e-06,0.999996801391112,"above",4.36708203692415e-05
20130101,2.53023076923077,2.7159756923077,"1050887720",0.589783575099862,0.393187127470118,0.0170292974300209,"below",0.747791016057544
20140101,9.53576923076923,9.36238869230768,"1050887720",0.18783283163476,0.655074401425413,0.157092766939827,"normal",0.881961262105423
20150101,0.219153846153846,0.953673788461545,"1050887720",0.699190723789701,0.292930072427144,0.00787920378315576,"below",0.648021567559316
20160101,16.2512307692308,16.5043065384615,"1050887720",0.0186813429065296,0.406212344494668,0.575106312598803,"above",0.758453330289132
20170101,2.33623076923077,2.08151628846152,"1050887720",0.630517556965166,0.356462399712111,0.0130200433227232,"below",0.715027579217944
20180101,2.13411538461538,2.67432898076924,"1050887720",0.592492667222608,0.390770300489576,0.0167370322878163,"below",0.745758859799336
20190101,3.44484615384615,3.0398385769231,"1050887720",0.568579778426994,0.411965747447298,0.0194544741257081,"below",0.763009701684183
20200101,15.1726923076923,14.1931310576923,"1050887720",0.0450578880603644,0.533263755961246,0.421678355978389,"normal",0.839079062322326
20210101,28.0345,29.4292593269232,"1050887720",1.08820674986702e-05,0.0092856796377746,0.990703438294727,"above",0.052827891257356
20220101,8.41834615384615,8.0733133653846,"1050887720",0.251408709611031,0.637799042087668,0.110792248301301,"normal",0.877706316729667
20230101,6.99207692307692,5.69673919230767,"1050887720",0.392764367105218,0.554648238091593,0.0525873948031896,"normal",0.848862095978687
20240101,5.86615384615385,8.70585011538464,"1050887720",0.218881127391438,0.648995849747606,0.132123022860956,"normal",0.88052958507106
20250101,9.51201923076923,9.14896382692308,"1050887720",0.197614161018927,0.653729819879786,0.148656019101288,"normal",0.881650658337901
20260101,9.51201923076923,9.2440058846154,"1050887720",0.193220887456741,0.654404193030565,0.152374919512693,"normal",0.881806872371371
19930101,773.2204,795.862215449993,"1050888070",7.85651088125533e-05,0.228596838349619,0.771324596541569,"above",0.538376053609067
19940101,463.524466666667,460.772463166669,"1050888070",0.126716691451541,0.844187747235141,0.0290955613133179,"normal",0.507676287002795
19950101,691.274933333333,687.507387583325,"1050888070",0.0017130787557408,0.541938777751183,0.456348143493076,"normal",0.700909094883196
19960101,960.6304,927.307859466672,"1050888070",7.3924213070983e-07,0.0377162148736765,0.962283045884193,"above",0.160628115102838
19970101,295.096566666667,336.577575300002,"1050888070",0.434661271964141,0.563297931422842,0.00204079661301726,"normal",0.698099135392603
19980101,474.006566666667,437.560321783332,"1050888070",0.168691664929685,0.812405559508341,0.0189027755619733,"normal",0.544014100500897
19990101,480.720666666667,489.072954700004,"1050888070",0.0861577805704199,0.866531122468688,0.0473110969608925,"normal",0.479705778673769
20000101,702.348733333333,751.924727716664,"1050888070",0.000297710349939415,0.345243404069907,0.654458885580153,"above",0.647041079890351
20010101,356.928366666667,332.725304299997,"1050888070",0.446622978754401,0.551523711385125,0.00185330986047472,"normal",0.69985043378788
20020101,862.433233333333,818.231654833325,"1050888070",3.8173043359501e-05,0.178935162785734,0.821026664170906,"above",0.470193971723243
20030101,418.214366666667,384.15251805,"1050888070",0.294950807133868,0.698792507024151,0.00625668584198047,"normal",0.642314520206615
20040101,322.907266666667,336.802660666667,"1050888070",0.433964095003514,0.563983638945487,0.00205226605099917,"normal",0.697981852936182
20050101,271.975566666667,290.334693516665,"1050888070",0.579046938530887,0.420346466737526,0.000606594731586863,"below",0.68517251144942
20060101,322.535133333333,303.1107872,"1050888070",0.539389594611812,0.459751723562785,0.000858681825403718,"below",0.696295500954902
20070101,225.286966666667,236.14199235,"1050888070",0.734343661298101,0.265531362388499,0.000124976313399916,"below",0.579973005470766
20080101,452.6142,452.952191066671,"1050888070",0.139960516303635,0.834795611036649,0.0252438726597159,"normal",0.518831869027517
20090101,701.132933333333,687.556532599995,"1050888070",0.00171094952818648,0.541787510581316,0.456501539890497,"normal",0.700923157389232
20100101,842.776466666667,831.218556900007,"1050888070",2.47676414248113e-05,0.153483125800853,0.846492106557722,"above",0.428986969337911
20110101,75.8753666666667,144.965560316666,"1050888070",0.910468837229329,0.0895252275183593,5.93525231196157e-06,"below",0.301514801556069
20120101,1007.13153333333,959.132185050002,"1050888070",2.04619248128469e-07,0.0212643893721307,0.978735406008621,"above",0.102923274854352
20130101,461.802833333333,454.641258999999,"1050888070",0.137023259246608,0.836939269707182,0.0260374710462099,"normal",0.516316788840118
20140101,264.702833333333,251.740706850002,"1050888070",0.692597621409407,0.307201959935741,0.000200418654852652,"below",0.61867698535203
20150101,191.429433333333,225.703172350001,"1050888070",0.760579154704948,0.239330458454656,9.0386840396417e-05,"below",0.551214216312623
20160101,893.441,899.140754449998,"1050888070",2.19067274934265e-06,0.0598381322555316,0.940159677071719,"above",0.226552508026529
20170101,362.510766666667,399.689399216672,"1050888070",0.254220076174784,0.73700631717633,0.00877360664888549,"normal",0.614624202435846
20180101,395.011366666667,437.147108283332,"1050888070",0.169511897261393,0.811734925131671,0.0187531776069352,"normal",0.544737992955036
20190101,272.483933333333,282.757279783333,"1050888070",0.602219912743064,0.397288682908599,0.000491404348337166,"below",0.67588303130158
20200101,497.495266666667,420.01553631667,"1050888070",0.205750717158588,0.780870991001635,0.0133782918397765,"normal",0.576170764417344
20210101,803.171466666667,926.671806066672,"1050888070",7.57997157595694e-07,0.0381292814295429,0.9618699605733,"above",0.161964049355563
20220101,566.242466666667,433.266225349999,"1050888070",0.177340026119094,0.805263300096626,0.0173966737842801,"normal",0.551633567350556
20230101,593.354633333333,610.328585416662,"1050888070",0.010192178299435,0.753154093058507,0.236653728642058,"normal",0.601306157563474
20240101,503.556666666667,425.624811600004,"1050888070",0.193408386786588,0.791622263783504,0.0149693494299081,"normal",0.565637157707176
20250101,468.765516666667,438.749062916668,"1050888070",0.166346255229968,0.814314930013927,0.0193388147561054,"normal",0.541943482311439
20260101,468.765516666667,411.058631599999,"1050888070",0.226400048381978,0.762459651992193,0.0111402996258284,"normal",0.593189736179506
19930101,1186.63375757576,1152.82010203939,"1050892990",0.521626820260333,0.477533323210971,0.000839856528696115,"below",0.698379387371622
19940101,974.172606060606,1088.7146938894,"1050892990",0.7039463863499,0.295908149045337,0.00014546460476339,"below",0.608736993782814
19950101,1353.40806060606,1416.19043860505,"1050892990",0.0271677647241652,0.850480115117593,0.122352120158242,"normal",0.492742047966196
19960101,1547.83006060606,1596.28536282525,"1050892990",0.000524597401314894,0.424313810026081,0.575161592572604,"above",0.685843123547999
19970101,1464.43878787879,1519.08907482728,"1050892990",0.00349723472174923,0.648365130698489,0.348137634579762,"normal",0.668057025814086
19980101,1429.22115151515,1437.97118461566,"1050892990",0.0184095213927397,0.82286162422603,0.15872885438123,"normal",0.526124652061768
19990101,1639.99606060606,1607.07455935252,"1050892990",0.000392489009836293,0.392965611535225,0.606641899454938,"above",0.673330909060379
20000101,1176.22984848485,1153.33514572626,"1050892990",0.52008545815153,0.479063520823397,0.000851021025073617,"below",0.6985815338287
20010101,1461.65833333333,1403.37925684192,"1050892990",0.0337810183043973,0.862302028914927,0.103916952780675,"normal",0.477479953160881
20020101,1138.66357575758,1139.33763787374,"1050892990",0.561792233994719,0.43761632423369,0.000591441771590762,"below",0.68999028322563
20030101,1874.06184848485,1784.99282742021,"1050892990",1.33612141672073e-06,0.0540185872986042,0.945980076579979,"above",0.210201220957394
20040101,1591.6136969697,1542.36882571061,"1050892990",0.00203953988587535,0.583263986754654,0.414696473359471,"normal",0.692100929097748
20050101,1716.09854545455,1700.53096060202,"1050892990",2.45295092803555e-05,0.165350458767644,0.834625011723076,"above",0.448717096021196
20060101,1103.40045454545,1100.74155255252,"1050892990",0.671999586508557,0.327794901234684,0.000205512256758911,"below",0.634474662280969
20070101,1363.35478787879,1365.62769466162,"1050892990",0.0612537078283785,0.877346276321296,0.0614000158503258,"normal",0.457196211796055
20080101,1841.64533333333,1793.63336999344,"1050892990",9.70686933668866e-07,0.0472639165879161,0.95273511272515,"above",0.190393173821983
20090101,1090.51575757576,1097.70569532222,"1050892990",0.680195716083335,0.319615801900198,0.000188482016467706,"below",0.628311910074317
20100101,1321.3366969697,1319.14923137222,"1050892990",0.116005128273164,0.854766984316088,0.0292278874107483,"normal",0.487275927369123
20110101,1038.08936363636,1095.23911401717,"1050892990",0.68679098414421,0.313033389501977,0.000175626353812852,"below",0.623134596810166
20120101,1564.20121212121,1596.0394792303,"1050892990",0.00052803951918444,0.425034236740281,0.574437723740535,"above",0.686085277145198
20130101,1414.50163636364,1427.46306306919,"1050892990",0.0222775884202864,0.837346268145484,0.140376143434229,"normal",0.50901021079804
20140101,1083.90509090909,1116.05785508687,"1050892990",0.629446650654628,0.370237758738361,0.000315590607010696,"below",0.661795673290981
20150101,1332.53363636364,1361.97777612172,"1050892990",0.0646438721610366,0.877211851848977,0.0581442759899865,"normal",0.457381772802218
20160101,1101.48524242424,1101.18214003333,"1050892990",0.670803065023853,0.328988834943732,0.000208100032414227,"below",0.635349438812029
20170101,1823.88306060606,1784.12806922425,"1050892990",1.37923037964029e-06,0.0547346834645063,0.945263937305114,"above",0.212246911119947
20180101,1170.87636363636,1147.32577851313,"1050892990",0.538044854302313,0.461226282465221,0.000728863232465904,"below",0.695680280664559
20190101,1167.16590909091,1133.98760493232,"1050892990",0.577578758669159,0.421907996719263,0.000513244611577757,"below",0.685019832646046
20200101,1719.03487878788,1792.31050257021,"1050892990",1.01962094735415e-06,0.0482518372526682,0.951747143126384,"above",0.193350390046379
20210101,1016.78124242424,1049.68784002122,"1050892990",0.796432902752084,0.203522158236445,4.49390114710679e-05,"below",0.505731133503342
20220101,1358.48657575758,1363.38843645606,"1050892990",0.0633167226164436,0.87729714697445,0.059386130409106,"normal",0.457264039572349
20230101,2074.65181818182,1792.38126937324,"1050892990",1.01694429935751e-06,0.0481985735063912,0.951800409549309,"above",0.19319149702167
20240101,1292.03463636364,1353.67947521566,"1050892990",0.072892606004184,0.875860225719343,0.0512471682764727,"normal",0.459243217624496
20250101,1355.94731818182,1394.81008645606,"1050892990",0.038904155422469,0.868330044167841,0.0927658004096898,"normal",0.469469261198509
20260101,1355.94731818182,1379.94836637071,"1050892990",0.0492766204582413,0.875158520031223,0.0755648595105354,"normal",0.460206478291359
19930101,86.2384705882353,94.3314264117637,"1050893000",0.00532245802670725,0.732697684322475,0.261979857650818,"normal",0.606671389432343
19940101,14.4817647058824,15.6281627058825,"1050893000",0.543027639330575,0.456488008941184,0.00048435172824024,"below",0.693241535828379
19950101,28.2123529411765,24.5176321176471,"1050893000",0.423624367663235,0.575020262899122,0.00135536943764336,"normal",0.690992308006831
19960101,36.325,34.8604131764706,"1050893000",0.293742611912768,0.702219842695119,0.00403754539211376,"normal",0.630346079911365
19970101,80.2735882352941,88.5117971176474,"1050893000",0.00920443151181455,0.788685422475176,0.202110146013009,"normal",0.553537765303231
19980101,148.655529411765,150.660319735296,"1050893000",4.10717956827036e-06,0.102373123244418,0.897622769576013,"above",0.330320792207262
19990101,110.328764705882,115.572304970586,"1050893000",0.000532748061233109,0.467093499501251,0.532373752437516,"above",0.695192672237017
20000101,17.7861176470588,18.8401397352943,"1050893000",0.499767118880969,0.499523518167339,0.000709362951691772,"below",0.698508261605721
20010101,121.696294117647,126.526564764705,"1050893000",0.000134648528125082,0.325580571245414,0.674284780226461,"above",0.632286290424329
20020101,145.456764705882,131.39287767647,"1050893000",7.01096767649397e-05,0.268750680490655,0.73117920983258,"above",0.582731067991269
20030101,213.806823529412,188.767668058824,"1050893000",4.50100742702837e-09,0.00527687745933447,0.994723118039658,"above",0.0329371867934339
20040101,68.7377647058824,64.9463931470585,"1050893000",0.0593599621108964,0.889218994241984,0.0514210436471196,"normal",0.424647942691435
20050101,160.656588235294,146.31524152941,"1050893000",8.06936107755485e-06,0.131104870970092,0.86888705966883,"above",0.388583204890205
20060101,19.2622352941176,19.0711223823531,"1050893000",0.49665014435041,0.502621069566909,0.000728786082680788,"normal",0.698617551542392
20070101,154.639294117647,152.488564558824,"1050893000",3.07215714570806e-06,0.0917620253763234,0.908234902466531,"above",0.3066374342629
20080101,22.6642941176471,22.5398005,"1050893000",0.449973583305785,0.548940501028113,0.00108591566610217,"normal",0.695980940474693
20090101,6.88129411764706,10.8570738529413,"1050893000",0.60620852944943,0.393522232518158,0.000269238032412078,"below",0.672645227716222
20100101,103.835235294118,112.682597411763,"1050893000",0.000749469103518977,0.505836256913824,0.493414273982657,"normal",0.698692952349247
20110101,19.1684705882353,22.0751755882353,"1050893000",0.456200034257871,0.542769768946867,0.00103019679526117,"normal",0.696792734838311
20120101,100.856470588235,106.398887558823,"1050893000",0.00152656760220484,0.589062616323469,0.409410816074326,"normal",0.687263420160756
20130101,26.6862352941176,28.8825407058821,"1050893000",0.366823981978663,0.630997747056582,0.00217827096475554,"normal",0.67177383334753
20140101,38.3866470588235,33.8408645588232,"1050893000",0.305727824203744,0.690628298570038,0.00364387722621806,"normal",0.638403623765662
20150101,9.22858823529412,10.2714091176471,"1050893000",0.613809268036806,0.38594064102133,0.00025009094186379,"below",0.669099864600277
20160101,129.388176470588,134.27185167647,"1050893000",4.70805782305674e-05,0.237638502661993,0.762314416759776,"above",0.548845956014744
20170101,12.45,12.2395024117648,"1050893000",0.588111112984531,0.411568905697761,0.000319981317708162,"below",0.680149666952212
20180101,13.0476470588235,15.5773847352942,"1050893000",0.543708813834244,0.455809790012773,0.000481396152982483,"below",0.693102103999595
20190101,16.7827058823529,17.9268059705883,"1050893000",0.512090323391292,0.487272532663516,0.000637143945192542,"below",0.697722730814492
20200101,82.3976470588235,105.904339441176,"1050893000",0.00161160112267747,0.595465755778729,0.402922643098593,"normal",0.685320667966162
20210101,12.0524705882353,10.4409862941177,"1050893000",0.61161284703389,0.388131652849063,0.000255500117047114,"below",0.670148517402255
20220101,15.9425294117647,10.4205324117647,"1050893000",0.611877963557972,0.387867194499212,0.000254841942816331,"below",0.670022984247314
20230101,42.7163529411765,29.5087926764705,"1050893000",0.358877615015548,0.638794528150856,0.00232785683359582,"normal",0.668171838885497
20240101,37.5289411764706,21.2719450294118,"1050893000",0.466988689401504,0.532071290501965,0.000940020096531602,"normal",0.697865392127831
20250101,37.9577941176471,33.3741449117646,"1050893000",0.311285623785186,0.685238933724703,0.00347544249011089,"normal",0.641974094552704
20260101,37.9577941176471,33.1208206470587,"1050893000",0.314320484286867,0.682292537206577,0.00338697850655589,"normal",0.643879098419783
19930101,1591.3358,1505.92897268097,"1050908780",0.0707815553828012,0.561646622663576,0.367571821953623,"normal",0.879324030263948
19940101,984.669666666667,1227.93962716886,"1050908780",0.271795180543321,0.613308596644104,0.114896222812575,"normal",0.902511921985402
19950101,1978.58876666667,1792.48936264718,"1050908780",0.00915735603580376,0.281691364637242,0.709151279326955,"above",0.643589912558158
19960101,2314.18036666667,1833.11333567798,"1050908780",0.00647302938854152,0.242741567193089,0.75078540341837,"above",0.591489767413443
19970101,1267.55776666667,1224.66255516886,"1050908780",0.275178957196517,0.611885307594269,0.112935735209214,"normal",0.901942752913016
19980101,1308.40996666667,1223.83422253115,"1050908780",0.276037533554981,0.611518473163961,0.112443993281058,"normal",0.901795432014261
19990101,1082.651,1487.50284691278,"1050908780",0.0788545295631281,0.574896595938753,0.346248874498119,"normal",0.885775739849605
20000101,1361.00183333333,1277.23149059121,"1050908780",0.223524028968214,0.629143025353593,0.147332945678194,"normal",0.908586083214069
20010101,1041.25103333333,1388.67722063266,"1050908780",0.134328156983588,0.624370962898932,0.24130088011748,"normal",0.906805055799772
20020101,1270.5471,1203.4226369892,"1050908780",0.297599801645027,0.601593783326334,0.10080641502864,"normal",0.897711950865008
20030101,1375.54533333333,1384.61011488476,"1050908780",0.137077956975358,0.625538535809487,0.237383507215154,"normal",0.907244746215437
20040101,1188.43996666667,1192.12023692503,"1050908780",0.309860815081312,0.595386106692075,0.0947530782266134,"normal",0.89506127748267
20050101,1112.94853333333,1326.63532600333,"1050908780",0.180451468565768,0.6340588660574,0.185489665376831,"normal",0.910376474201949
20060101,1530.45323333333,1763.59781088492,"1050908780",0.0116176721601119,0.310689676172898,0.67769265166699,"above",0.678607453928858
20070101,459.696466666667,686.2037307294,"1050908780",0.858502711508732,0.139520880792887,0.0019764076983807,"below",0.418075991894235
20080101,1005.03193333333,1220.99934917722,"1050908780",0.278985828450493,0.61024152784553,0.110772643703977,"normal",0.901280609880307
20090101,1212.05113333333,1248.08384736884,"1050908780",0.251460683055054,0.621059661813564,0.127479655131382,"normal",0.90554417276958
20100101,2281.28383333333,2084.26108173286,"1050908780",0.000548166502376838,0.0721099896919623,0.927341843805661,"above",0.263686077104313
20110101,340.557133333333,626.03223377467,"1050908780",0.896224649927574,0.102700083610824,0.00107526646160205,"below",0.339283228281074
20120101,2535.62246666667,1846.31432536397,"1050908780",0.00576498667248364,0.230636436909406,0.76359857641811,"above",0.574000011700846
20130101,888.757733333333,831.325102359061,"1050908780",0.73345768254879,0.259025972168772,0.00751634528243816,"below",0.614020421411776
20140101,709.571733333333,910.811002419465,"1050908780",0.646786503823719,0.338767070931327,0.0144464252449537,"below",0.709739953078052
20150101,342.775766666667,611.282732714671,"1050908780",0.904240176524526,0.0948381736211837,0.000921649854289996,"below",0.320862006631736
20160101,3166.3257,2372.27344082889,"1050908780",1.60336087928936e-05,0.00937117917299646,0.990612787218211,"above",0.0532845356556833
20170101,1435.83363333333,1591.11543376461,"1050908780",0.0414298617921031,0.488047969463095,0.470522168744802,"normal",0.836731968212838
20180101,1725.5619,1794.96368719478,"1050908780",0.00896958829571688,0.279252961854332,0.711777449849951,"above",0.640504563160066
20190101,1685.79073333333,1590.9961301058,"1050908780",0.0414626961982694,0.488162418057756,0.470374885743975,"normal",0.836807515668162
20200101,1435.1021,1522.54880623671,"1050908780",0.0640588787828072,0.54877772933228,0.387163391884913,"normal",0.872713931529516
20210101,3051.28713333333,2164.08713421329,"1050908780",0.000222153983649975,0.0439705631847734,0.955807282831577,"above",0.182444665698337
20220101,1711.90343333333,1756.60882597607,"1050908780",0.0122926921295037,0.317831776773147,0.669875531097349,"above",0.686776347215375
20230101,1985.56606666667,1612.06351393976,"1050908780",0.0359831682110987,0.467589444870825,0.496427386918076,"above",0.822735399776723
20240101,973.451866666667,1136.78019430162,"1050908780",0.372770496608358,0.558293448920758,0.0689360544708836,"normal",0.877634599421018
20250101,1334.7059,1348.60525830708,"1050908780",0.163094583224847,0.632635978040473,0.204269438734681,"normal",0.909862852347154
20260101,1334.7059,1497.92044212111,"1050908780",0.0742086536963871,0.56754188728037,0.358249459023243,"normal",0.882238516931706
19930101,793.497966666667,885.255311550006,"1050909040",0.0113177222194258,0.872047151984413,0.116635125796161,"normal",0.420727060838846
19940101,473.8816,399.181844250002,"1050909040",0.432740522486646,0.566779672026477,0.000479805486877094,"normal",0.687946337812258
19950101,511.1747,461.88606893333,"1050909040",0.329385220200402,0.669391597693878,0.00122318210572059,"normal",0.642678759209189
19960101,875.483833333333,917.457184350009,"1050909040",0.00777464261407466,0.845867558076589,0.146357799309337,"normal",0.460608362714698
19970101,1216.85553333333,1292.82989213333,"1050909040",2.5731033493093e-05,0.281816870474916,0.718157398491591,"above",0.594950239142894
19980101,376.4615,387.535501416663,"1050909040",0.452700105394477,0.54689970974146,0.000400184864062791,"normal",0.691955626225156
19990101,1488.10343333333,1415.26183525,"1050909040",2.320609822414e-06,0.133739698619234,0.866257980770944,"above",0.393466483038545
20000101,1384.13583333333,1356.89274361666,"1050909040",7.55790752720213e-06,0.196133905127748,0.803858536964725,"above",0.495090979077937
20010101,291.067766666667,301.397276183333,"1050909040",0.60067663772597,0.399226325375429,9.70368986010772e-05,"below",0.673640968447246
20020101,1410.81463333333,1340.94687770001,"1050909040",1.03238077063032e-05,0.215847040748026,0.784142635444268,"above",0.521727559149513
20030101,996.8425,866.842129766675,"1050909040",0.013917736684572,0.884380054316481,0.101702208998947,"normal",0.40061635776343
20040101,436.045766666667,439.463170499997,"1050909040",0.365321765999575,0.633795953944237,0.000882280056186957,"normal",0.663104443842267
20050101,490.386466666667,524.140309149998,"1050909040",0.238273236934917,0.758833519480466,0.00289324358461696,"normal",0.568093731809794
20060101,601.53,674.369644133343,"1050909040",0.0862774527986468,0.89618407705439,0.0175384701469637,"normal",0.380540452564656
20070101,438.3042,516.151331400004,"1050909040",0.249143814082378,0.748255759056171,0.00260042686145068,"normal",0.578721309165891
20080101,1148.71793333333,1013.02270131667,"1050909040",0.00229707788067288,0.735743459120641,0.261959462998686,"normal",0.590649554148906
20090101,1485.20766666667,1431.77333138335,"1050909040",1.64314690981865e-06,0.118888231720507,0.881110125132583,"above",0.364727322600411
20100101,1484.1357,1451.27792505,"1050909040",1.08593529331252e-06,0.102893827145678,0.897105086919029,"above",0.331411112388892
20110101,311.255033333333,544.62027163333,"1050909040",0.211630894040317,0.784584826919512,0.00378427904017098,"normal",0.540089350218894
20120101,1193.1659,1250.08477998333,"1050909040",5.59277941777875e-05,0.347542520885809,0.652401551320013,"above",0.646491733572069
20130101,665.299933333333,717.620965616667,"1050909040",0.0603548187418227,0.91219774796957,0.0274474332886071,"normal",0.351963387091731
20140101,180.6621,261.89413648333,"1050909040",0.665160648984853,0.334790875484932,4.84755302156969e-05,"below",0.638029973363337
20150101,217.5232,243.973694383332,"1050909040",0.69300451043314,0.306960431907683,3.50576591765517e-05,"below",0.617028853533649
20160101,1037.3726,881.591371616669,"1050909040",0.0117985498285262,0.87465528531006,0.113546164861414,"normal",0.416546415202055
20170101,293.293433333333,387.834711300003,"1050909040",0.452185596387837,0.547412336733881,0.000402066878281371,"normal",0.69187141696689
20180101,137.828366666667,215.458030399999,"1050909040",0.735055797187778,0.264923517229337,2.06855828853714e-05,"below",0.57838145485906
20190101,143.447966666667,209.5915438,"1050909040",0.743329350844289,0.25665212474668,1.85244090304959e-05,"below",0.569740815420028
20200101,829.0381,422.08275285,"1050909040",0.394034814841646,0.60528443560078,0.000680749557574134,"normal",0.675822333655063
20210101,1054.8468,1387.6286776,"1050909040",4.08988261062398e-06,0.161348340636143,0.838647569481246,"above",0.441953100904981
20220101,833.513,725.235680283335,"1050909040",0.0564992210736689,0.913897110450507,0.0296036684758241,"normal",0.348837611421925
20230101,1072.89763333333,966.368458266674,"1050909040",0.00424845741190321,0.79525543363836,0.200496108949737,"normal",0.527577578843094
20240101,1073.3464,911.30440283334,"1050909040",0.00836436997297668,0.851317984714423,0.1403176453126,"normal",0.452611860384887
20250101,811.268033333334,698.245979900004,"1050909040",0.07109400281464,0.90636119921603,0.0225447979693296,"normal",0.362561520491261
20260101,811.268033333334,565.349531966668,"1050909040",0.186527732629777,0.808542894169032,0.00492937320119136,"normal",0.511233067053971
19930101,3561.07686666667,3275.81312308334,"1050909890",0.265111425034695,0.68596768691353,0.048920888051775,"normal",0.758142740496403
19940101,2275.89933333333,2323.91333240222,"1050909890",0.891502731194163,0.108279561907137,0.000217706898700043,"below",0.344931673357935
19950101,4148.93343333333,4319.03804411944,"1050909890",0.00380894099706972,0.346132369522427,0.650058689480503,"above",0.668416427710893
19960101,4749.3818,4334.92890608611,"1050909890",0.00347072280465152,0.335026995750404,0.661502281444944,"above",0.659383306126816
19970101,4006.45156666667,3810.04373015112,"1050909890",0.047183879777583,0.681977722338674,0.270838397883743,"normal",0.758896219179218
19980101,3168.08156666667,3233.95790198389,"1050909890",0.292607398154072,0.666224635014968,0.0411679668309597,"normal",0.761494556624542
19990101,4317.8685,4107.90427922278,"1050909890",0.0120507775856401,0.498945597298267,0.489003625116093,"normal",0.749969946755023
20000101,3757.021,4057.31424279445,"1050909890",0.0155209200110659,0.534825989856934,0.449653090132,"normal",0.758753158616612
20010101,2744.0873,3119.80578276555,"1050909890",0.373550290102582,0.601487383015279,0.0249623268821388,"normal",0.765722558084229
20020101,3836.23226666667,4222.00501463,"1050909890",0.00659265341739856,0.415849097929655,0.577558248652947,"above",0.715034911348721
20030101,4307.88576666667,4215.21292564834,"1050909890",0.00684231060331781,0.420806518171836,0.572351171224846,"above",0.717722394146641
20040101,3009.16716666667,3158.16558358834,"1050909890",0.345496053805528,0.624827130530061,0.0296768156644108,"normal",0.765413017108961
20050101,3442.55826666667,3008.95553018223,"1050909890",0.457947593116409,0.527329576752847,0.0147228301307442,"normal",0.757217224270057
20060101,3120.79566666667,3200.04333609222,"1050909890",0.315814404789881,0.648541578234664,0.0356440169754552,"normal",0.763688631617122
20070101,2327.85323333333,2349.63595241056,"1050909890",0.881840483061272,0.11789667066785,0.000262846270878137,"below",0.365109924149776
20080101,4113.0164,4385.01928903722,"1050909890",0.00257392458653791,0.300856451694857,0.696569623718605,"above",0.628582772428606
20090101,3683.33126666667,3284.87783259778,"1050909890",0.259334201389567,0.689920984412906,0.0507448141975271,"normal",0.757358388791272
20100101,5257.03143333333,4636.62446636221,"1050909890",0.000501195209586914,0.156518785139725,0.842980019650688,"above",0.4380759516695
20110101,1623.84623333333,2373.88712985721,"1050909890",0.872187875109792,0.127498867474506,0.000313257415701873,"below",0.384402337113077
20120101,5304.6186,4465.44613702167,"1050909890",0.00156347435733434,0.249259978383969,0.749176547258697,"above",0.572735655173517
20130101,3008.5347,2914.60409976501,"1050909890",0.531474275014846,0.45943863297949,0.00908709200566482,"below",0.735991009690535
20140101,2009.1779,2476.18174712278,"1050909890",0.825536575778913,0.173821904652325,0.000641519568762239,"below",0.467129889345829
20150101,1914.7609,2601.78963082779,"1050909890",0.755199336755094,0.243331018649166,0.00146964459574017,"below",0.565533742857718
20160101,5609.9699,4914.85427434221,"1050909890",6.29963287401512e-05,0.0603771782701537,0.939559825401106,"above",0.228672481945581
20170101,3437.80133333333,3269.82914944667,"1050909890",0.268960700782605,0.683293483310323,0.0477458159070721,"normal",0.75865198831527
20180101,2971.17906666667,3190.44983300389,"1050909890",0.322518573731125,0.643284744274882,0.0341966819939937,"normal",0.764192017568498
20190101,2906.35816666667,2517.38583649945,"1050909890",0.804018892740924,0.195133879424392,0.000847227834684383,"below",0.500237861496339
20200101,3955.506,3797.936042755,"1050909890",0.0495627634813263,0.687385693929609,0.263051542589065,"normal",0.757865723230338
20210101,4895.08983333333,3245.102221675,"1050909890",0.285158272940515,0.671713870746559,0.0431278563129264,"normal",0.760657604135494
20220101,3727.90156666667,4033.79555883501,"1050909890",0.0174065473609215,0.551090107400629,0.43150334523845,"normal",0.761553145332615
20230101,5019.93766666667,4872.23360424221,"1050909890",8.81416204267457e-05,0.0710034797934246,0.928908378586149,"above",0.257131523118242
20240101,3333.1618,2683.42926968389,"1050909890",0.702370089194444,0.295185755954354,0.00244415485120197,"below",0.623014028888405
20250101,3622.20406666667,3207.88361888056,"1050909890",0.310379939742541,0.652756260046288,0.0368638002111707,"normal",0.763235583124744
20260101,3622.20406666667,2990.69081341667,"1050909890",0.472146973658808,0.514411089686983,0.0134419366542082,"normal",0.754201909849943
19930101,2364.9818,2351.34747386666,"1050909900",0.0393486966195295,0.667330390186538,0.293320913193933,"normal",0.756974256098647
19940101,1311.5825,1371.10273083334,"1050909900",0.620299992599444,0.375149980239337,0.00455002716121922,"below",0.688570180198924
19950101,2729.08226666667,3003.9488119833,"1050909900",0.000865781578845781,0.20218279427885,0.796951424142305,"above",0.510188708517968
19960101,3200.60903333333,3117.17605969996,"1050909900",0.000374124878746019,0.142102736755827,0.857523138365427,"above",0.412031167306691
19970101,2496.29906666667,2476.53403053333,"1050909900",0.0215902961903571,0.588688034626962,0.389721669182681,"normal",0.761974896235837
19980101,1705.29873333333,1727.50227715,"1050909900",0.328387643526909,0.640001835133988,0.031610521339103,"normal",0.760493373101407
19990101,2607.28973333333,2638.67527636667,"1050909900",0.00905268334922962,0.466446653446681,0.52450066320409,"above",0.736772525380186
20000101,2616.1221,2521.66042966666,"1050909900",0.0171298015436284,0.556255917902457,0.426614280553914,"normal",0.759346845584894
20010101,1286.4015,1421.89438626666,"1050909900",0.578983160774148,0.414829859572331,0.00618697965352066,"below",0.712869833711765
20020101,2638.11006666667,2523.26569186667,"1050909900",0.0169868441692977,0.555072541492173,0.427940614338529,"normal",0.759197318280463
20030101,2330.80813333333,2390.50583874998,"1050909900",0.0328277202973162,0.644857145942675,0.322315133760009,"normal",0.76000463678946
20040101,1407.26996666667,1474.25045571666,"1050909900",0.535467782384967,0.456131524132227,0.00840069348280614,"below",0.732663013317292
20050101,1600.69723333333,1589.89012428332,"1050909900",0.438593971091989,0.545528028553586,0.0158780003544248,"normal",0.757851191834933
20060101,2054.76573333333,1993.00012183332,"1050909900",0.157796892237302,0.745136699073642,0.0970664086890565,"normal",0.736967298581043
20070101,914.1453,833.870646683329,"1050909900",0.924750563760255,0.0751573437452342,9.20924945111423e-05,"below",0.267720262598833
20080101,2248.24753333333,2383.89005173333,"1050909900",0.0338623012834353,0.648804305313484,0.31733339340308,"normal",0.759563644941182
20090101,2602.98596666667,2342.05930043331,"1050909900",0.0410409456775292,0.672333994533935,0.286625059788536,"normal",0.756128997081564
20100101,3842.0248,3780.00402131659,"1050909900",9.33601820013282e-07,0.00684425113769971,0.99315481526048,"above",0.0409487824997684
20110101,585.390466666667,789.814459116665,"1050909900",0.937061094885788,0.0628754980649233,6.34070492890881e-05,"below",0.235479501124121
20120101,3701.25246666667,3817.4653361666,"1050909900",6.2927482418231e-07,0.00547599910341334,0.994523371621763,"above",0.0339862005640327
20130101,1552.93356666667,1486.53683056667,"1050909900",0.525174391070475,0.465814181927754,0.00901142700177116,"below",0.736529903471523
20140101,901.335433333333,1181.07665608333,"1050909900",0.760060206114126,0.238627088718377,0.00131270516749749,"below",0.559156587220643
20150101,555.671533333333,668.168735749999,"1050909900",0.963012520083283,0.0369657967464426,2.16831702747333e-05,"below",0.158432112399229
20160101,4417.06903333333,4059.45831946657,"1050909900",4.25731558221878e-08,0.00112952510076059,0.998870432326084,"above",0.00879456191843221
20170101,1656.32513333333,1641.96667494998,"1050909900",0.395806315196695,0.583408034373134,0.0207856504301704,"normal",0.76173852451743
20180101,1804.485,1905.82134040001,"1050909900",0.206125087364422,0.724713179153692,0.0691617334818859,"normal",0.743622510063362
20190101,1747.48473333333,1728.50116384999,"1050909900",0.327627601125597,0.640612103609967,0.031760295264436,"normal",0.760435206595786
20200101,2170.98026666667,2231.90999233332,"1050909900",0.0659388090211012,0.720831411602916,0.213229779375983,"normal",0.744775718858007
20210101,3932.56356666667,3917.03974481659,"1050909900",2.14170748698047e-07,0.0029442078938553,0.997055577935396,"above",0.0201019666198914
20220101,2386.31643333333,2413.78511586667,"1050909900",0.0293924244357382,0.630512805823973,0.340094769740289,"normal",0.761276619140768
20230101,2959.90473333333,2581.46485055,"1050909900",0.0124496570090122,0.511091113899161,0.476459229091827,"normal",0.750887174173585
20240101,2011.20616666667,2249.25380169999,"1050909900",0.0613829004199138,0.714611742852017,0.22400535672807,"normal",0.746548626521132
20250101,2209.6139,2034.5580205,"1050909900",0.137618456683938,0.749418843509393,0.112962699806669,"normal",0.735447374409654
20260101,2209.6139,2417.38370876666,"1050909900",0.0288890175855366,0.628234483342014,0.34287649907245,"normal",0.761430660747595
19930101,680.801516129032,771.440842796241,"1050915980",0.353441395945559,0.634166254579211,0.0123923494752299,"normal",0.71083042530527
19940101,732.909903225806,648.769870486023,"1050915980",0.731364536449447,0.26803304601644,0.000602417534113164,"below",0.586173497744373
19950101,877.09564516129,865.035892148926,"1050915980",0.128465553866858,0.80304201295602,0.0684924331771219,"normal",0.623399715914071
19960101,1019.11035483871,1039.7690659586,"1050915980",0.00541563209096504,0.523558693909822,0.471025673999213,"normal",0.721667563229661
19970101,1049.30367741935,1041.30179029301,"1050915980",0.005226036822389,0.518809563503188,0.475964399674423,"normal",0.721272294527148
19980101,634.144225806452,621.995221462368,"1050915980",0.797769119198713,0.201955190087907,0.000275690713379739,"below",0.505574050048081
19990101,893.236838709677,853.726106357528,"1050915980",0.148676956448011,0.794116388727125,0.0572066548248642,"normal",0.630112195052333
20000101,870.563870967742,815.394602196236,"1050915980",0.232132927203021,0.738417625805631,0.0294494469913485,"normal",0.666751048060926
20010101,789.438903225806,842.074660592474,"1050915980",0.171613336194781,0.781220933167038,0.0471657306381805,"normal",0.639400062038703
20020101,748.07035483871,849.707927746241,"1050915980",0.156343856741968,0.790086924355159,0.053569218902873,"normal",0.633066459831016
20030101,1063.96625806452,970.26876933333,"1050915980",0.0235439651501011,0.713832943570452,0.262623091279446,"normal",0.680037596357185
20040101,799.575967741936,785.178909315593,"1050915980",0.313039842726366,0.670519757744605,0.0164403995290286,"normal",0.699117784111027
20050101,1331.32961290323,1277.23835742635,"1050915980",3.90456891102986e-06,0.0321843766926494,0.96781171873844,"above",0.142307555370448
20060101,701.211580645161,774.934234898389,"1050915980",0.342987234426346,0.643682891029629,0.0133298745440251,"normal",0.70814656146506
20070101,649.051903225806,673.464940990861,"1050915980",0.661677131547214,0.33713143686848,0.00119143158430579,"below",0.64783631758868
20080101,1458.29458064516,1227.43349977742,"1050915980",2.37914221076922e-05,0.0740080212159164,0.925968187361976,"above",0.264160438107985
20090101,1048.56435483871,1023.3379256871,"1050915980",0.00786565955363658,0.573620861138244,0.41851347930812,"normal",0.721466446495091
20100101,1144.58970967742,1051.38898861398,"1050915980",0.0041189997470521,0.487356831162634,0.508524169090314,"above",0.716799784424624
20110101,898.503935483871,873.111526839786,"1050915980",0.115255271216977,0.80719431217928,0.0775504166037438,"normal",0.62019785581552
20120101,1195.41529032258,1269.21987391237,"1050915980",5.278389528945e-06,0.0371533401653453,0.962841381445126,"above",0.158858528447846
20130101,665.439967741935,675.564644424195,"1050915980",0.655439451524984,0.343300159136539,0.00126038933847705,"below",0.652344155798895
20140101,459.192225806452,556.642402948926,"1050915980",0.91351052111481,0.0864555224663257,3.39564188642782e-05,"below",0.294639882700146
20150101,437.865451612903,599.915972760217,"1050915980",0.844327837732297,0.155532194615716,0.000139967651987094,"below",0.433544792023122
20160101,1295.56596774194,1239.02482364086,"1050915980",1.58413399348547e-05,0.0617358290425102,0.938248329617555,"above",0.231907167503372
20170101,891.047580645161,1049.38732754731,"1050915980",0.00432033111097022,0.49361890133789,0.50206076755114,"above",0.71794946372636
20180101,909.814096774194,877.437471131722,"1050915980",0.10858986368997,0.808647424665281,0.0827627116447489,"normal",0.619065481606961
20190101,845.057322580645,868.994641660214,"1050915980",0.12186391707764,0.805310905235794,0.0728251776865656,"normal",0.621656388914387
20200101,925.508516129032,854.501161415055,"1050915980",0.147227526407006,0.79484233929831,0.0579301342946841,"normal",0.629574921864227
20210101,898.559322580645,877.342883215056,"1050915980",0.10873257512684,0.808621432543798,0.0826459923293623,"normal",0.619085790681706
20220101,1181.43603225806,1234.37028892957,"1050915980",1.86705265649044e-05,0.0664580359691948,0.93352329350424,"above",0.244599769925744
20230101,982.254161290323,1010.22114291451,"1050915980",0.0104742053800412,0.611958001287844,0.377567793332114,"normal",0.716030643769323
20240101,1157.29651612903,1261.75911419302,"1050915980",6.96218917181745e-06,0.0423232833837996,0.957669754427029,"above",0.175347990085861
20250101,895.870387096774,854.303954761829,"1050915980",0.147595420936341,0.794659207056099,0.0577453720075598,"normal",0.629710602195738
20260101,895.870387096774,866.793514878496,"1050915980",0.125504506360987,0.80410458709237,0.0703909065466433,"normal",0.622585144121463
19930101,280.2829,288.537801714603,"1050915990",0.00476645635772446,0.398828936538627,0.596404607103649,"above",0.700338160997398
19940101,186.9519,190.093408609709,"1050915990",0.173777616580218,0.74679494625301,0.079427437166772,"normal",0.72332753160346
19950101,136.074566666667,175.052414823294,"1050915990",0.246108238676002,0.705583971379792,0.0483077899442059,"normal",0.73747816495843
19960101,206.157366666667,196.612895091244,"1050915990",0.147132569788877,0.755975113932929,0.0968923162781937,"normal",0.719611310647348
19970101,328.7977,320.119636684947,"1050915990",0.00089624744511559,0.21846745782961,0.780636294725275,"above",0.531925460939405
19980101,181.128266666667,192.97326812176,"1050915990",0.161650342641681,0.751526031911508,0.086823625446811,"normal",0.721437798543444
19990101,90.4767333333333,98.446790004828,"1050915990",0.725580697631076,0.272818961085871,0.0016003412830522,"below",0.597433528747057
20000101,106.770733333333,101.630433800066,"1050915990",0.707482368805432,0.290617726991275,0.00189990420329222,"below",0.615853572663938
20010101,180.453533333333,187.07512458422,"1050915990",0.187092451970787,0.740709388302174,0.0721981597270392,"normal",0.725678464421417
20020101,49.6329666666667,98.2927101614021,"1050915990",0.726442392427208,0.271970607706419,0.00158699986637245,"below",0.596520206324499
20030101,222.227333333333,212.230543145304,"1050915990",0.0949208235428949,0.755264266541094,0.149814909916011,"normal",0.719906344960978
20040101,206.875766666667,185.659540381707,"1050915990",0.193548874937328,0.737464741407984,0.0689863836546881,"normal",0.726895117898575
20050101,564.308233333333,428.433523809631,"1050915990",3.87970249369547e-07,0.00475608366303115,0.995243528366719,"above",0.0301879773026485
20060101,103.270166666667,116.206667153029,"1050915990",0.618404961968605,0.37756531920552,0.00402971882587511,"below",0.687185838143669
20070101,170.155266666667,183.013881989167,"1050915990",0.205974343061231,0.730745309304219,0.0632803476345498,"normal",0.7293331072796
20080101,443.8833,421.151071527263,"1050915990",7.21240769575096e-07,0.00674043820551329,0.993258840553717,"above",0.0404282859602918
20090101,251.9791,289.06860057078,"1050915990",0.00464437739029712,0.395503498331502,0.599852124278201,"above",0.698385066545025
20100101,212.467633333333,211.622070492487,"1050915990",0.0966581870833294,0.755894493013086,0.147447319903584,"normal",0.719644833347473
20110101,128.377933333333,106.985565434008,"1050915990",0.675850429451388,0.321629066806838,0.00252050374177393,"below",0.644709936977445
20120101,455.328566666667,412.696683710054,"1050915990",1.45490581190315e-06,0.00993310925968227,0.990065435834506,"above",0.0557149320507115
20130101,211.2381,195.020409704656,"1050915990",0.153373545414136,0.754240357613117,0.0923860969727464,"normal",0.720329170076546
20140101,114.414766666667,99.8281028533863,"1050915990",0.717796377021013,0.280479032109653,0.00172459086933352,"below",0.605533182636699
20150101,84.2011333333333,98.446790004828,"1050915990",0.725580697631076,0.272818961085871,0.0016003412830522,"below",0.597433528747057
20160101,305.270866666667,306.346590107857,"1050915990",0.00191792115831213,0.291619437686545,0.706462641155143,"above",0.616848912585023
20170101,271.909933333333,289.283244095119,"1050915990",0.00459580882773808,0.394160155998228,0.601244035174033,"above",0.697585287363243
20180101,222.849833333333,230.747984984114,"1050915990",0.0524043444415181,0.713768277375104,0.233827378183378,"normal",0.735000026470194
20190101,293.687,303.99365116967,"1050915990",0.00217330121280532,0.305107896380185,0.69271880240701,"above",0.629834724492201
20200101,168.102333333333,120.979528108677,"1050915990",0.587513329357382,0.407393345845133,0.00509332479748548,"below",0.705194044160128
20210101,178.121333333333,188.031681106786,"1050915990",0.182805991100776,0.742761482192442,0.0744325267067818,"normal",0.724895764431211
20220101,92.1858,99.2201600396693,"1050915990",0.721235479664035,0.277095657799897,0.00166886253606813,"below",0.601988136461261
20230101,52.8356333333333,97.9659686944841,"1050915990",0.728265258717089,0.270175698379014,0.0015590429038963,"below",0.594577028459183
20240101,236.514466666667,239.745884487778,"1050915990",0.0381094432862871,0.679317941975082,0.282572614738631,"normal",0.744304724762749
20250101,196.554633333333,185.880747515569,"1050915990",0.192531094495922,0.737988020968137,0.0694808845359401,"normal",0.726700636037452
20260101,196.554633333333,185.035769139934,"1050915990",0.196436490056875,0.735956938684631,0.067606571258494,"normal",0.727451775863089
