"HYBAS_ID","YYYY","Q","RF","SVMLINEAR","MLP","pred_final"
"1050021910",19930101,1909.40086666667,1943.47986380554,2003.39283579058,2231.37788093886,1792.33259888331
"1050021910",19940101,2153.02986666667,2129.37570321668,2247.54345642721,2158.8096648061,2152.84242888335
"1050021910",19950101,2683.02743333333,2425.88893009999,2031.63357912424,2158.8096648061,2492.94786713333
"1050021910",19960101,3570.9438,3451.3546363,2847.506597101,3951.35114045712,3598.24801749999
"1050021910",19970101,4302.9823,3542.46617535552,2304.34610487793,3546.12559102325,3906.40844649994
"1050021910",19980101,1703.7466,1826.82133901666,2386.03507411508,1652.39840036197,1674.25824294998
"1050021910",19990101,3466.62156666667,3146.98807943335,3560.38913760049,2158.8096648061,3273.70155313336
"1050021910",20000101,3098.9989,2910.78762042777,3067.23344302683,3336.64931061212,3121.98681116666
"1050021910",20010101,1598.6216,1890.16358397221,1504.29644758212,2158.8096648061,1684.53702634999
"1050021910",20020101,2764.77216666667,2890.09514889998,2912.78506412731,2823.97438696423,2943.31252661664
"1050021910",20030101,2306.59413333333,2121.99317628333,1736.14547073311,2158.8096648061,2264.89192493332
"1050021910",20040101,1561.12716666667,1820.44136033332,1655.39592929145,2158.8096648061,1586.59750366666
"1050021910",20050101,2963.53696666667,2789.17458359443,2655.00713271263,2858.14090844383,2944.46571109997
"1050021910",20060101,3127.11293333333,2859.80626186111,2951.92003079307,2737.7283635931,3062.78989045001
"1050021910",20070101,2118.3404,2088.35387608334,2212.98169282096,2158.8096648061,2138.51248771669
"1050021910",20080101,2865.54753333333,2757.90224466109,2633.01776469202,3372.43244167012,2932.53448094998
"1050021910",20090101,2514.41843333333,2485.4451234611,2553.05878882433,2493.44886616552,2490.27443269997
"1050021910",20100101,2974.14026666667,2771.69017031111,2575.07819775528,2737.7283635931,2937.67268268332
"1050021910",20110101,3044.32363333333,2920.11331671666,2036.8859714233,2858.16379030939,3164.03372513331
"1050021910",20120101,3696.32363333333,2876.16528193333,2381.36905013542,2564.03521423996,3383.04124198331
"1050021910",20130101,1666.87636666667,1703.30366830001,1572.6544927133,2158.8096648061,1617.62665420001
"1050021910",20140101,689.8611,1369.32787486112,2167.75136512294,803.358233524866,746.301248966661
"1050021910",20150101,1046.13423333333,1568.51073773889,2696.49674362843,2158.8096648061,1249.66177218332
"1050021910",20160101,1906.2651,2432.26655173331,2265.41875460135,2166.62869993744,2182.99125453331
"1050021910",20170101,739.7871,1077.15525581111,1890.5375863706,803.358233524866,744.446822449996
"1050021910",20180101,1496.71433333333,1749.70939558332,2260.94310592862,2158.8096648061,1564.03637658332
"1050021910",20190101,614.114533333333,1078.01258668333,2128.61579800239,265.283064919289,698.577781066667
"1050021910",20200101,3616.7906,3395.21383055553,2817.59772023579,3370.8151603174,3448.83754163332
"1050021910",20210101,1681.8859,1682.63796138334,1747.56935059484,2158.8096648061,1543.9993383
"1050021910",20220101,1932.93343333333,2259.13305160001,2539.5969017724,2158.81005750429,2204.10564195
"1050021910",20230101,2177.9998,2220.72066557778,2272.32691994628,2112.06642663234,2156.87780460001
"1050021910",20240101,3558.88786666667,3433.37347780555,3653.16512224645,3586.87185825197,3556.84866501666
"1050021910",20250101,2242.29696666666,NA,NA,2564.01507706175,2409.56316604998
"1050021910",20260101,2242.29696666666,2049.22305267221,2262.39368571651,2158.8096648061,2117.84575086668
"1050021920",19930101,26.1199655172414,55.7636182235629,46.2251969559707,41.6276322726935,37.1330399563218
"1050021920",19940101,94.3780344827586,62.5784686632186,42.8465192879712,74.2165228590863,88.4471515045975
"1050021920",19950101,78.8454137931034,60.421547236207,50.3358792554878,75.8606246079346,81.2357572229884
"1050021920",19960101,61.7601034482759,57.914782103448,59.9073224356092,61.4554999529861,66.7716804724138
"1050021920",19970101,90.5406206896552,71.8917698977012,53.1458529360955,89.2359855522033,87.8288180258621
"1050021920",19980101,40.1078965517241,45.9237971040229,49.7276160035306,46.5851464867811,43.3236507183907
"1050021920",19990101,36.678724137931,44.0063859396552,64.5898734636834,58.7181538993773,37.0298025252874
"1050021920",20000101,51.6383103448276,46.9607090270114,48.665212394363,46.5851071595718,50.445266529885
"1050021920",20010101,48.8317586206897,53.5151300103449,53.0755956822274,46.5851071595718,51.6448773597701
"1050021920",20020101,30.3418620689655,49.6519863942528,60.6333140589129,33.7700370906609,35.8022556017241
"1050021920",20030101,30.7999310344828,44.2235585810344,35.9688404928703,29.4401143592898,31.104256383908
"1050021920",20040101,35.6835862068965,44.3577209040229,47.8645328795598,37.1839050221601,31.8181923442528
"1050021920",20050101,149.131206896552,99.1046499666661,46.0732893800397,74.1658585803894,118.463985403447
"1050021920",20060101,62.4085517241379,50.2431031413793,47.8496585960832,46.5851071595718,53.6909525614943
"1050021920",20070101,65.7780689655172,46.7256018931034,39.2956797005833,74.3613383385755,59.4032312586208
"1050021920",20080101,82.8861034482759,88.5565322126434,56.1650160077248,74.2696458540107,89.4578975632182
"1050021920",20090101,44.1446206896552,54.8174468821841,44.3747727966608,41.7251679533676,43.9393916333334
"1050021920",20100101,67.1942413793103,51.3881186362068,63.1214335630167,49.8333444228192,58.633616961494
"1050021920",20110101,82.349,88.6032417471263,55.5023192077257,52.9319362230104,90.35680011954
"1050021920",20120101,71.0393103448276,58.6522166626439,43.8054358610359,74.3633778230668,72.1720274729887
"1050021920",20130101,51.5651034482759,46.2414797195401,30.8791771613009,48.4472912477744,50.2527228189655
"1050021920",20140101,18.1479655172414,43.6987438729887,43.4380094117527,20.0929055809782,23.7566831574712
"1050021920",20150101,17.185724137931,36.6099309373562,51.8897671676157,74.3659529243703,31.4617576586206
"1050021920",20160101,28.8150344827586,43.7802209718391,63.9939527022706,46.5851071595718,30.8666065982759
"1050021920",20170101,22.8982068965517,35.5930371586207,41.8790579137605,18.1015304296802,22.704845767816
"1050021920",20180101,46.903,47.1507544120689,49.6931203248296,52.7603913402137,52.7524288402298
"1050021920",20190101,24.9907931034483,42.728778171839,42.4354194106079,33.8097926079801,24.0728344563218
"1050021920",20200101,115.906,91.3657234827585,56.1137472008481,116.929921726784,89.8266349287356
"1050021920",20210101,29.3824482758621,37.8133150350574,47.3765297918813,41.247126447821,24.277007671839
"1050021920",20220101,36.7219310344828,40.9556178252873,51.8508408512834,33.7701609459147,24.2797025304597
"1050021920",20230101,45.431275862069,49.2818962505746,47.6227466545362,50.1719281080401,55.8472926011494
"1050021920",20240101,76.0936551724138,56.4782119362072,73.1204332745606,75.3821033026785,61.8459335074712
"1050021920",20250101,47.8673793103448,NA,NA,74.3292530155991,59.9787552609196
"1050021920",20260101,47.8673793103448,54.9371713385059,44.5507324054476,36.8746220591097,36.0072575620689
"1050021940",19930101,511.49,444.151839794278,459.151537703635,460.133961718671,477.341206982754
"1050021940",19940101,725.450068965517,510.733771321682,465.192750027457,476.914692094106,652.210553275864
"1050021940",19950101,727.014206896552,593.822008513913,466.197908173558,460.133961718671,753.124435482757
"1050021940",19960101,485.840965517241,448.993945227607,457.447035949439,460.133961718671,477.953180879305
"1050021940",19970101,393.202586206897,371.103003459661,460.169175386723,460.133961718671,312.258795534484
"1050021940",19980101,410.442137931034,471.729670976161,456.641624452839,460.133961718671,436.087793793099
"1050021940",19990101,260.307344827586,328.871027996722,463.510713962969,476.914692094106,227.036504172416
"1050021940",20000101,513.785206896552,418.782949302744,462.179573233525,476.914692094106,422.825668862067
"1050021940",20010101,484.262344827586,453.673886716633,464.745852656751,476.914692094106,494.816734310343
"1050021940",20020101,362.729551724138,460.062683101442,462.631497559653,316.126497651912,374.778220948278
"1050021940",20030101,538.797275862069,542.748967155371,468.186670764839,316.126497651912,591.550524741383
"1050021940",20040101,246.053310344828,419.212853334587,460.884096607301,460.133961718671,314.237450706897
"1050021940",20050101,793.475827586207,622.78122304868,465.001579377741,460.133961718671,782.73179268966
"1050021940",20060101,869.884103448276,602.180644536619,467.92017478995,476.914692094106,791.861863724138
"1050021940",20070101,602.470931034483,464.951525664205,464.876658162508,460.133961718671,547.398990931033
"1050021940",20080101,669.024310344828,541.796223877801,464.709299579954,460.133961718671,645.220742034486
"1050021940",20090101,437.987068965517,472.688249623822,457.503560889195,476.914692094106,450.244075258617
"1050021940",20100101,354.167275862069,409.579725231526,461.443101950437,476.914692094106,361.883033689654
"1050021940",20110101,482.05824137931,469.137572551648,456.843858489406,460.133961718671,463.646497000001
"1050021940",20120101,579.008689655172,527.011009353487,464.007184854325,476.914692094106,575.195265775863
"1050021940",20130101,360.326655172414,404.711152559573,458.114977622034,460.133754222993,366.302186051722
"1050021940",20140101,160.695172413793,349.478469949427,460.411735084184,460.133961718671,224.618127362071
"1050021940",20150101,180.972586206897,396.800179427521,462.946692154467,476.914692094106,247.854278982757
"1050021940",20160101,263.772137931034,501.897298234782,468.884458901821,476.914692094106,413.337886344823
"1050021940",20170101,128.493965517241,372.055832235934,462.56365657476,460.133961718671,180.654868879309
"1050021940",20180101,483.330620689655,472.528321239399,457.935742903269,476.914692094106,467.53595260345
"1050021940",20190101,46.8535862068966,304.227436916436,463.580382145253,316.126497651912,127.396962275862
"1050021940",20200101,796.29275862069,490.686426922079,459.983266278986,476.914692094106,422.392230672411
"1050021940",20210101,422.970551724138,426.031007260067,462.270859534277,476.914692094106,404.38944777586
"1050021940",20220101,321.354413793103,337.787305708057,461.804298047521,476.914692094106,245.941032379312
"1050021940",20230101,471.354379310345,451.25938482812,455.783503538332,476.914692094106,459.117230137927
"1050021940",20240101,471.272068965517,414.576999603051,461.759228759807,460.133961718671,356.840357913792
"1050021940",20250101,471.313224137931,462.428564750181,457.03628673461,476.914692094106,462.904575310345
"1050021940",20260101,471.313224137931,523.197678788284,469.213643023137,476.914692094106,577.610186793105
"1050022420",19930101,3699.25313333333,3901.52449763332,3646.07134965117,3893.99505441847,3748.02782273331
"1050022420",19940101,2549.9019,3102.02005629998,3363.95991726796,3268.76918759003,2621.62229824999
"1050022420",19950101,4988.55023333333,4708.28947270003,4196.14481897536,4805.06455943238,4907.73636206668
"1050022420",19960101,4937.98873333333,4559.33124575005,5038.18522549346,3268.76918759003,4805.59443906671
"1050022420",19970101,4366.1077,4366.89167976667,4266.30535594869,4353.17157264587,4588.56832665
"1050022420",19980101,3279.27906666667,3296.64168568333,3379.15260915181,2551.06961974688,3319.71251099999
"1050022420",19990101,4706.45836666667,4599.27687544996,6053.03645961171,4805.06455943238,4941.12466926665
"1050022420",20000101,4044.23006666667,3818.2948040167,4144.4628123035,4001.20738576187,3977.12408291669
"1050022420",20010101,2757.81766666667,2867.08338434998,2857.76459951755,3268.76918759003,2574.24003088332
"1050022420",20020101,3976.93643333333,3343.84731343338,3305.5480682835,3964.70247315119,3710.89420433337
"1050022420",20030101,4556.26653333333,4532.74159556664,2962.96690416014,4805.06455943238,4589.54743791665
"1050022420",20040101,3048.4826,3432.28730081671,3147.82744306878,3350.52157036491,3261.62050943338
"1050022420",20050101,3874.14536666667,3727.65033898336,3198.51578959036,3893.99505441847,3819.9922079667
"1050022420",20060101,3707.87653333333,3482.08503443332,3608.12181077516,3268.76918759003,3571.47235198332
"1050022420",20070101,2656.8366,2756.75761656668,3545.26260229384,3268.76918759003,2586.15764396668
"1050022420",20080101,4413.23533333333,4300.29259854997,2219.5197598845,4353.14722082244,4383.36802111666
"1050022420",20090101,4002.9134,3783.95009094999,3704.04622060947,3268.76918759003,3813.63571568331
"1050022420",20100101,5347.7863,4394.61240943329,4571.28398954743,4805.06455943238,5040.79341398327
"1050022420",20110101,1838.77793333333,2525.73649901667,2943.29512767846,2551.06961974688,2099.63770486665
"1050022420",20120101,5290.0559,4893.50213965003,4511.21578765499,5331.60250284292,5408.42251416666
"1050022420",20130101,3283.81076666667,3520.46849655001,3669.11454695885,3268.76918759003,3417.75650244999
"1050022420",20140101,2228.19346666667,2916.57382413331,3877.98954103391,3294.99809897693,2404.80348764998
"1050022420",20150101,2112.18326666667,2640.22985040002,3350.28892715149,3268.76918759003,2205.01723513334
"1050022420",20160101,5903.58426666667,4836.11734815,5680.87162395384,5271.10260588933,5558.06241581663
"1050022420",20170101,3478.0535,3623.31738889998,3679.80826082339,3747.86741437395,3546.70906416665
"1050022420",20180101,3581.95746666667,4011.36879919996,3740.40554426293,4805.06455943238,3766.36578974997
"1050022420",20190101,2901.2428,3114.82993275001,3938.08362286008,2911.33768720605,2822.29958733332
"1050022420",20200101,4237.1146,4271.41044981665,3534.65736403734,4296.02005496591,4363.06697161666
"1050022420",20210101,4955.4285,4796.99448038332,3985.36737335265,4805.06455943238,4995.34942221667
"1050022420",20220101,3980.73653333333,4097.42471165005,4068.74619038969,3268.76918759003,3806.93153221665
"1050022420",20230101,5348.27333333333,4974.44530208339,5248.17727170871,5382.63971568698,5472.32185646666
"1050022420",20240101,3690.31243333333,3737.35336409997,4219.42305442845,3883.85127682757,3965.18075601669
"1050022420",20250101,3925.5409,3871.09901039997,3742.28338943711,3747.86741437395,3739.62895036664
"1050022420",20260101,3925.5409,3878.48061328331,3825.69009946037,3268.76918759003,3732.70822481664
"1050022430",19930101,106.3453,198.30747600004,248.476344838001,224.012513806412,156.626892135
"1050022430",19940101,344.707166666667,277.614334033451,242.296591775059,224.011350150777,334.286408770556
"1050022430",19950101,268.6762,280.240384178016,264.172676991584,285.017571813238,308.528675966111
"1050022430",19960101,174.9791,224.889068342261,254.058311884562,232.759025336877,180.247131817778
"1050022430",19970101,198.9999,236.652657782659,235.018220265657,197.072265372785,221.439012218333
"1050022430",19980101,257.222733333333,225.233929194723,236.84247400383,264.947148299979,224.652358919999
"1050022430",19990101,230.880833333333,246.171081018135,240.70945950679,194.125125232221,240.753537810555
"1050022430",20000101,202.6933,212.195777982897,258.011870322386,197.123030255635,183.365376042778
"1050022430",20010101,288.234833333333,262.779074311428,247.089499326472,291.461028858024,294.958128271111
"1050022430",20020101,357.129033333333,272.209251228452,265.994068831662,224.013161087019,329.357142027778
"1050022430",20030101,50.4114666666667,132.687248184128,197.059305249285,113.680505492827,83.5404352538891
"1050022430",20040101,342.695733333333,281.523721234722,221.773882885345,207.006185164019,338.618567710556
"1050022430",20050101,463.600366666667,314.536228206945,261.469892074636,338.624276505785,406.99022998889
"1050022430",20060101,307.372066666667,261.221994726032,297.55933481073,224.012623217788,308.259400769445
"1050022430",20070101,259.407133333333,193.31029401738,246.114306745566,224.011483880486,196.394942896666
"1050022430",20080101,261.5004,257.127802085199,271.282946378152,289.206504697572,272.832748335
"1050022430",20090101,171.682466666667,184.222156976469,181.561531825271,224.022455106678,152.465849440556
"1050022430",20100101,92.2390333333333,183.861163083929,233.658686749013,194.112532056459,124.95298062
"1050022430",20110101,415.421966666667,315.856257640516,231.890263821901,353.127080587957,411.909265579446
"1050022430",20120101,158.942433333333,211.536056996905,259.777701737442,224.012631251616,162.771333314444
"1050022430",20130101,217.228033333333,233.157073999405,207.365923122334,224.011136711021,218.710794658333
"1050022430",20140101,254.301133333333,245.918428868135,261.791500204377,242.474824474294,234.47008387611
"1050022430",20150101,144.817266666667,175.762897324127,277.654708574903,224.011465886261,136.933494604444
"1050022430",20160101,67.7801666666667,161.024718352222,217.625419761479,98.3484315215801,86.2644539822224
"1050022430",20170101,142.1723,220.625526473175,280.730424839887,224.016279221483,162.857587768333
"1050022430",20180101,295.5439,261.965164588492,257.05102090436,354.747514597042,306.171724361111
"1050022430",20190101,111.713766666667,160.419461977421,198.807161005773,224.018639341664,113.527818083889
"1050022430",20200101,170.5225,211.847581403929,232.381402930901,224.01186702858,187.982265464444
"1050022430",20210101,267.669566666667,264.419917933214,269.319039225548,224.012515313563,308.883991027778
"1050022430",20220101,329.148133333333,308.813138343612,296.303020214709,224.01133579888,398.757547869446
"1050022430",20230101,321.5413,266.289970515199,275.633689074393,354.747638664722,308.477264713889
"1050022430",20240101,272.3723,310.613865087183,282.200068177666,224.038414997606,397.910788031112
"1050022430",20250101,255.761933333333,NA,NA,224.01177518257,228.864343475
"1050022430",20260101,255.761933333333,244.785052857857,231.533714318009,224.013916776727,235.322226586111
"1050022910",19930101,18.8626333333333,74.7734330666663,145.421021750917,62.5128029323404,36.8684610333335
"1050022910",19940101,233.434133333333,192.604363924999,136.052078056763,197.948270600279,219.944719349999
"1050022910",19950101,321.964333333333,243.021017600002,199.370032294574,303.353383734801,299.14273185
"1050022910",19960101,140.135833333333,160.466941775,157.370989391044,129.468886148757,147.965783883334
"1050022910",19970101,174.295233333333,161.678724458335,158.961986279288,167.601482976301,164.253151783335
"1050022910",19980101,204.862433333333,183.138105749998,116.176121694994,150.286120842491,196.438469566665
"1050022910",19990101,132.717566666667,138.550320083335,135.83547788123,197.755131386716,127.622647500002
"1050022910",20000101,193.1557,191.163715175001,155.224123027695,222.257282956911,204.592862233335
"1050022910",20010101,145.6732,157.3191042,174.079998169359,125.566376947122,144.114348750001
"1050022910",20020101,279.362,310.7012419,179.668361332347,303.353391846909,312.855376816668
"1050022910",20030101,26.8303,66.625482866667,107.644772748416,150.286120842491,54.1364786000004
"1050022910",20040101,196.158266666667,195.542654216666,132.370694197036,199.305722843485,206.110172449999
"1050022910",20050101,406.476133333333,324.183943750003,149.433005694143,260.804526147048,367.944365750003
"1050022910",20060101,202.3919,185.482264766665,192.598470210707,240.303595106642,208.348060949999
"1050022910",20070101,149.343566666667,148.493089491667,139.5501169294,119.606816589083,139.196032133333
"1050022910",20080101,241.118766666667,186.83327361667,171.182361404291,220.928917370494,223.439876000003
"1050022910",20090101,134.474733333333,146.471413358334,127.875515389579,150.286192631762,132.408849200001
"1050022910",20100101,72.8143333333333,103.253016383333,122.613401187461,84.4473838090964,78.6159458333333
"1050022910",20110101,371.559066666667,344.481974899999,163.469728420542,260.961716605288,362.870309133333
"1050022910",20120101,95.1127666666667,122.630074758334,172.094570177958,240.306022007907,109.772143450001
"1050022910",20130101,123.8153,146.620998075,146.205959652082,117.625436080463,128.058764116667
"1050022910",20140101,188.326533333333,166.399901200002,139.943595912048,197.948270600279,183.104995033336
"1050022910",20150101,98.5874666666667,116.598092608332,153.57202753926,62.5431573884054,90.708619816666
"1050022910",20160101,58.5318,88.3116761916662,146.214049351774,62.5136806320282,60.808850966666
"1050022910",20170101,141.268833333333,153.048037025001,187.331140293464,240.303595106642,144.963358766667
"1050022910",20180101,111.9039,97.9127959500009,148.235490213334,129.462812300539,104.230629383334
"1050022910",20190101,67.1318666666667,140.361171166666,141.319132514429,62.5136806320282,80.5716532500005
"1050022910",20200101,64.4021,116.555547883335,150.564992817073,66.2957974929716,91.9387794166661
"1050022910",20210101,127.978766666667,124.339058016667,150.919208460019,132.727817379161,109.82754665
"1050022910",20220101,191.7756,184.326238158332,181.980389892578,240.303595106642,206.681565383333
"1050022910",20230101,326.777866666667,261.290211283335,174.767813387491,303.23128817786,311.251769233334
"1050022910",20240101,334.156366666667,311.215072233333,170.192112195219,240.303595106642,272.339472500001
"1050022910",20250101,147.508383333333,153.210911825001,NA,NA,142.558914466667
"1050022910",20260101,147.508383333333,159.458595808334,155.852056871871,125.563409075943,144.421501216667
"1050022920",19930101,20.3619,90.9976058000012,185.9774268056,147.756113216962,40.0335010961111
"1050022920",19940101,205.118766666667,189.392462850003,162.541526303321,213.407407255245,198.358410866667
"1050022920",19950101,273.961333333333,223.762386391669,164.224484824347,190.418211414467,257.742256702778
"1050022920",19960101,197.5659,191.652191358333,162.818909895899,159.751773957521,192.173082791666
"1050022920",19970101,127.571033333333,127.731961916665,179.778393702709,147.756426849684,132.635171259444
"1050022920",19980101,174.295,178.897654625001,187.720039318787,190.695849274095,172.297316185556
"1050022920",19990101,162.2886,148.704246383333,156.510490303889,147.91436079121,152.287339827222
"1050022920",20000101,195.133833333333,177.821734199997,174.930110145808,147.756189614955,177.57518854111
"1050022920",20010101,176.911033333333,173.604847125002,162.456021968463,118.62956919688,178.496339911111
"1050022920",20020101,219.0684,268.357283883331,228.856429718939,220.231605954394,283.239376339444
"1050022920",20030101,28.9229,70.4558881999996,147.481493843388,117.121433144943,35.7295387855556
"1050022920",20040101,149.669333333333,172.241366416666,171.436040643777,262.885936434744,165.534532918333
"1050022920",20050101,403.499966666667,328.190756866667,195.176461125515,147.756113216962,366.340080585555
"1050022920",20060101,150.408,163.886668433332,160.196027009687,147.756113216962,154.081478743889
"1050022920",20070101,173.622133333333,176.223177349999,160.346546370485,187.891917488542,183.573720079444
"1050022920",20080101,310.599566666667,238.426837008335,183.576870943443,262.88609790461,284.329764177777
"1050022920",20090101,199.513,191.310347350001,162.023617835558,204.394180485775,198.089576975
"1050022920",20100101,58.9327666666667,102.968211033333,156.722058776654,148.694442984608,70.8146565038888
"1050022920",20110101,454.9565,370.653474083329,207.600455502802,190.418211414467,369.629485388333
"1050022920",20120101,153.290133333333,174.552551783333,185.191532356301,178.312124060623,162.914467895555
"1050022920",20130101,151.4837,159.603138983334,166.148758463562,147.942968763676,148.756298939444
"1050022920",20140101,223.8364,173.1829685,158.023511006867,181.197675034019,197.285080833333
"1050022920",20150101,120.6204,147.829326083334,163.773735242097,147.757704862554,139.389333246111
"1050022920",20160101,25.3659,74.6784563999996,153.773095331591,190.419838786276,39.3701110872223
"1050022920",20170101,173.385833333333,174.272606416667,168.427579191482,190.418211414467,175.16357198
"1050022920",20180101,147.880533333333,114.913769716666,144.205932986032,190.418211414467,120.518302852778
"1050022920",20190101,109.2158,212.685889650002,200.587063478901,159.755436344363,171.633547292223
"1050022920",20200101,80.7470666666667,117.436553399999,178.475805883845,190.455043676808,132.753933496666
"1050022920",20210101,151.034533333333,150.901656475,158.787981904831,190.448142102106,158.194145516667
"1050022920",20220101,162.632533333333,166.411540433333,168.409953668623,171.179724191967,153.579461453889
"1050022920",20230101,335.171933333333,264.636934691666,170.782483119212,262.822307237217,280.603475941666
"1050022920",20240101,326.673233333333,327.344090383334,197.194830953205,351.79705586119,368.364136207222
"1050022920",20250101,168.009183333333,165.357069283333,169.352756506928,168.791375775534,149.418383585555
"1050022920",20260101,168.009183333333,171.618414383334,170.484465982104,159.747754815225,156.736586125555
"1050023020",19930101,204.069833333333,398.534761199998,815.246290611647,707.387343338754,228.740390566669
"1050023020",19940101,443.5993,537.523230949998,1103.01481545997,616.298728299544,432.890735149998
"1050023020",19950101,1117.0665,1108.11983028332,1073.36537839532,707.387343338754,1172.30223646666
"1050023020",19960101,1413.92973333333,1183.15629681667,1370.0961212807,1017.52851251754,1392.25034145
"1050023020",19970101,593.0178,582.185411899995,667.500891936403,707.387343338754,532.207295433328
"1050023020",19980101,327.616933333333,448.117651666668,171.954602867409,707.387343338754,313.102126466669
"1050023020",19990101,1561.59343333333,1239.39714086666,1483.04763899253,707.387343338754,1556.75531469999
"1050023020",20000101,521.918166666667,536.239413199993,478.536569823506,707.387343338754,467.008546133327
"1050023020",20010101,378.745233333333,526.68441281666,422.576460030251,616.29481082859,394.367747999995
"1050023020",20020101,651.392466666667,872.899545716662,1054.31673895993,616.29481082859,759.844451833327
"1050023020",20030101,856.045066666667,793.468992116669,812.529810942445,616.29481082859,817.661551516669
"1050023020",20040101,669.016033333333,674.356363633332,712.477739392714,616.29481082859,641.661537949998
"1050023020",20050101,1219.61993333333,1158.55062886666,931.29896016533,707.387343338754,1222.6313223
"1050023020",20060101,342.378933333333,546.999986899997,298.56095727768,707.387343338754,346.482782733331
"1050023020",20070101,1005.3847,864.188433366675,641.220633703605,926.435980007377,902.446155050011
"1050023020",20080101,1741.93836666667,1279.66180831667,1785.65728906907,1017.52851251754,1645.01811433333
"1050023020",20090101,1296.6434,1120.92434066665,1127.80803278557,926.435980007377,1253.89144344998
"1050023020",20100101,334.7502,547.868129233335,378.146008112096,707.387343338754,350.916992183334
"1050023020",20110101,1653.7955,1349.69279531667,660.193033087991,707.387343338754,1519.29997388333
"1050023020",20120101,545.117166666667,617.758269349998,574.860377433078,616.29481082859,569.99078888333
"1050023020",20130101,439.3219,505.008339816662,395.755332334776,707.387343338754,403.682756666664
"1050023020",20140101,996.443333333333,799.069299133341,952.969317372837,926.435980007377,940.958396650009
"1050023020",20150101,574.1346,620.321553283329,617.760591436338,616.294879081543,578.812008899997
"1050023020",20160101,135.026933333333,382.265026199998,1002.02578422856,707.387343338754,210.408298583335
"1050023020",20170101,857.7228,869.775233966657,901.381163767301,1017.52851251754,866.592122016663
"1050023020",20180101,299.731933333333,561.007952966665,476.970231616152,707.387343338754,359.370449549997
"1050023020",20190101,670.397833333333,891.360105350005,719.286049068753,926.435980007377,759.885367833338
"1050023020",20200101,360.279466666667,476.04960646667,596.031696512762,1017.52851251754,460.497103849995
"1050023020",20210101,546.619466666667,626.270978483334,659.312635859686,1017.52851251754,637.676372183331
"1050023020",20220101,639.288,669.669513699993,854.924757244583,926.435980007377,732.109735816669
"1050023020",20230101,1320.8868,1065.33542408332,940.916807563616,707.387343338754,1161.90833586666
"1050023020",20240101,1118.01386666667,1132.45947086667,816.001486881744,926.435980007377,1211.01290168333
"1050023020",20250101,645.340233333334,637.746337399998,646.114320326862,645.3554003759,587.851515516664
"1050023020",20260101,645.340233333334,635.805633383331,627.235743500656,616.29481082859,586.358372049997
"1050023050",19930101,286.849066666667,411.888672061113,393.626557021079,464.985197687107,339.773914598333
"1050023050",19940101,447.365466666667,582.016652249997,629.403159976024,335.050317294498,471.462040586664
"1050023050",19950101,560.2754,556.664890977777,351.565967696605,560.264615011503,509.278133775554
"1050023050",19960101,598.142566666667,558.600941233332,753.072755481069,711.395705167374,580.672648674444
"1050023050",19970101,392.191933333333,377.91714148889,420.507056827607,464.985197687107,361.617830236111
"1050023050",19980101,373.4886,658.18934211111,345.254073300452,624.244490395819,533.498451078888
"1050023050",19990101,1357.14766666667,1055.87690096666,567.640360515582,464.985197687107,1062.60695154667
"1050023050",20000101,338.487733333333,395.933331744443,353.301404399242,360.389760813483,324.646771878888
"1050023050",20010101,212.099733333333,486.458392166668,603.993716582972,364.651250676884,334.656331551667
"1050023050",20020101,384.1715,439.522066838887,412.292354560085,523.910543385597,424.134527647221
"1050023050",20030101,765.167433333333,719.124917805557,697.712703376696,523.910543385597,773.648044996667
"1050023050",20040101,589.3965,558.988679749997,561.180860309809,523.910543385597,568.729380570555
"1050023050",20050101,486.257133333333,466.507077955558,499.001399427391,464.985197687107,406.634811591668
"1050023050",20060101,195.977933333333,460.208872977776,492.34114324751,407.158395231656,297.554342277222
"1050023050",20070101,436.385433333333,447.149153055557,464.439634127668,523.910731648513,425.472786534999
"1050023050",20080101,1272.62173333333,898.365777100002,447.994527148998,1145.86348443889,1058.95203282667
"1050023050",20090101,709.515633333333,674.405013311115,687.911324186059,709.296959771617,706.476362087779
"1050023050",20100101,569.631333333333,540.155859594443,597.72970362356,407.158395231656,503.346775074999
"1050023050",20110101,440.303233333333,416.179885972223,409.575899767882,360.389760813483,370.520863503333
"1050023050",20120101,783.968133333333,710.207975483337,592.342610108625,523.910543385597,755.832752298334
"1050023050",20130101,305.300366666667,349.423373805557,585.009035545523,464.985197687107,345.725800449445
"1050023050",20140101,341.705433333333,413.103412127779,313.600423295761,364.651250676884,319.362545048333
"1050023050",20150101,223.304533333333,334.554931800002,459.105995355243,364.651250676884,282.386738231111
"1050023050",20160101,271.2379,338.273142322223,274.847066386466,360.389760813483,300.919934942778
"1050023050",20170101,890.794333333333,773.823565733339,838.203073057982,986.604243459297,903.172807207224
"1050023050",20180101,292.875666666667,328.031703099999,400.394185387514,464.985197687107,308.844433891667
"1050023050",20190101,452.1272,437.436465566665,458.667807020313,451.999897755284,407.573941830555
"1050023050",20200101,646.425066666667,581.611385250005,866.09506135753,646.313530788789,562.249196677777
"1050023050",20210101,614.526933333333,613.798067594446,555.769581043454,581.737247784161,548.330411335554
"1050023050",20220101,860.701133333333,774.721980550006,832.491580991527,894.191985631889,879.59091632278
"1050023050",20230101,843.457466666667,743.054042127781,706.16524616152,874.113585168757,846.875330951667
"1050023050",20240101,927.931733333333,837.636161577787,880.777197047189,894.191767545941,995.023258145003
"1050023050",20250101,469.192166666666,NA,441.220659504795,523.910543385597,434.535103646667
"1050023050",20260101,469.192166666666,462.597562305556,581.6965133363,469.437604436272,384.498064427223
"1050023060",19930101,12.5849,19.3602265138889,4.36115527605781,33.3987589539777,12.8820581769709
"1050023060",19940101,8.4777,15.0626119819444,14.6618552938932,33.3987589539777,12.5549125539153
"1050023060",19950101,20.4066666666667,31.2542863736109,39.0939092956731,33.3987589539777,26.2839937816005
"1050023060",19960101,46.7091,40.1113696791666,48.685077400067,33.3987589539777,46.7594031617593
"1050023060",19970101,35.5319333333333,35.0110487138888,41.9506380249137,24.9202476599157,42.5439618068783
"1050023060",19980101,10.074,19.0466354416667,23.916631736584,33.3987480488166,13.7600168854762
"1050023060",19990101,94.6697333333333,66.3705066625008,44.2925101360261,33.3987937853871,70.4275815955027
"1050023060",20000101,15.0290333333333,20.6410107263889,7.67534430170462,33.398750656253,12.960972925582
"1050023060",20010101,11.4233333333333,21.3159937555555,17.2505962789682,33.3987589539777,12.9179101633995
"1050023060",20020101,34.4594,27.6007262833333,22.4989814260504,33.3932573481706,25.4352463283597
"1050023060",20030101,17.5149333333333,18.9465092263889,25.8678349149499,33.3987589539777,14.3431520893783
"1050023060",20040101,25.7385666666667,30.4031284458333,18.4149745081018,33.3987589539777,22.7175932160053
"1050023060",20050101,16.6601666666667,26.6145917055557,18.6550594572816,33.398746903126,21.6775811521825
"1050023060",20060101,28.322,26.4425383458333,29.3795285573198,33.3987673528512,26.1208280114814
"1050023060",20070101,29.5218666666667,25.4514138819444,28.2452512053723,33.3987589539777,25.9883594200661
"1050023060",20080101,80.5621666666667,54.7024138583341,63.7248954307288,33.3987589539777,67.7920247099603
"1050023060",20090101,62.8045,50.6068841319442,26.6934911548395,33.3987589539777,65.4578924348544
"1050023060",20100101,27.0217333333333,30.6736722069446,30.6715573284157,33.3987474966304,26.0437038038227
"1050023060",20110101,39.3411,39.2270073249999,35.3734877720152,33.3987589539777,44.6225426301588
"1050023060",20120101,25.9471333333333,30.7141577527778,27.9420241509634,33.3987589539777,25.9192799942592
"1050023060",20130101,12.5806666666667,20.547241248611,19.074388455416,33.3987589539777,13.0197868902645
"1050023060",20140101,17.5462333333333,30.6001320375,23.5221920772708,33.3987589539777,23.6928209609259
"1050023060",20150101,14.3094,23.9456975625,16.2534250931951,24.9201461228757,16.9289144107804
"1050023060",20160101,26.0822666666667,25.2323248083334,44.8585210912618,26.0887515582683,28.3417668026058
"1050023060",20170101,48.6887666666667,44.906622036111,38.5731915019973,33.3987589539777,48.2779752464551
"1050023060",20180101,37.2724333333333,32.8611702527777,38.5731915019973,33.3987589539777,37.1904947225397
"1050023060",20190101,46.2510333333333,34.8850275750001,38.5731915019973,33.3987589539777,42.004639876627
"1050023060",20200101,28.3471666666667,33.7914601611111,38.5731915019973,33.3987589539777,40.9317358719841
"1050023060",20210101,39.7404666666667,35.1438074027778,38.5731915019973,33.3987589539777,42.0579972320635
"1050023060",20220101,55.825,50.6524873777777,38.5731915019973,33.3987589539777,65.7894875489285
"1050023060",20230101,46.7042333333333,40.6086381569443,38.5731915019973,33.3987589539777,45.940623553836
"1050023060",20240101,29.8141666666667,29.2646117375,38.5731915019973,29.8147848225286,27.6671420283333
"1050023060",20250101,28.3345833333333,31.8293358208333,NA,NA,28.602228478611
"1050023060",20260101,28.3345833333333,25.3776448555555,24.0277300693368,33.3987589539777,23.0357847448809
"1050023130",19930101,18.7552666666667,34.5340050666668,0,6.62374625513444,20.2076491333335
"1050023130",19940101,28.8449666666667,59.0210803446094,33.6604625906622,39.8146241084527,30.559126816667
"1050023130",19950101,117.002166666667,105.454329274014,119.112026380056,82.5682099509666,108.810809467779
"1050023130",19960101,87.5494,97.0599985765184,109.952091123413,86.7590361217612,89.2761070794459
"1050023130",19970101,28.9166333333333,55.7343960860169,107.562091002961,25.8668830194325,36.8009094833336
"1050023130",19980101,26.5987333333333,44.3579290105518,78.0887730141115,15.5417532145885,30.3370464666667
"1050023130",19990101,126.576966666667,114.162019683332,119.71735756609,131.242807581356,128.340728338888
"1050023130",20000101,28.4928333333333,38.2042473851852,35.3966172566746,28.2716236527665,27.0272877000002
"1050023130",20010101,20.9201333333333,38.9345727194732,38.4065388874307,68.9068586913081,26.7296908
"1050023130",20020101,47.2884333333333,47.7024859833338,44.6728651689532,67.2369827001677,45.1621945833338
"1050023130",20030101,53.5374666666667,51.7441662702387,59.0797141518049,44.8721405827586,52.548139483334
"1050023130",20040101,57.5331333333333,54.3629764618437,50.6538577095782,48.5440902938072,53.2100293999998
"1050023130",20050101,45.7063,45.2741757753569,52.3205244782802,82.8787525070522,51.4950744266667
"1050023130",20060101,61.7590333333333,78.3586878277581,114.285825999264,70.9233486168975,68.9355371411116
"1050023130",20070101,100.803866666667,94.3827654186118,156.562593409054,82.5682835608353,105.191289350001
"1050023130",20080101,223.605466666667,167.00437688075,180.106757431035,207.113097879348,192.602858908887
"1050023130",20090101,156.877933333333,123.403532973149,150.017230466249,139.14403022663,147.922965336112
"1050023130",20100101,24.6552666666667,33.9019679050312,37.3200388581607,15.6813640292225,24.1109086833337
"1050023130",20110101,171.2574,138.447829733334,112.624780619687,177.164308665451,153.838712451112
"1050023130",20120101,57.6761333333333,54.508588666667,64.5761713418069,79.6582090643307,56.309269566667
"1050023130",20130101,17.5995,34.3016938180773,10.6724262894246,39.3565631635508,19.7451221833335
"1050023130",20140101,28.0009,38.2110198166664,47.7616078367049,23.0745850547994,28.8238476499999
"1050023130",20150101,21.6521666666667,35.4338960002093,12.6178197412278,34.9337828365416,20.9879295000001
"1050023130",20160101,50.9322333333333,56.1923407116569,118.339653537825,46.4070983231043,57.9956681788888
"1050023130",20170101,91.6212666666667,150.69304381669,115.843878386707,122.396601261399,106.62498937516
"1050023130",20180101,132.871833333333,150.69304381669,115.843878386707,147.044023298383,129.403345167938
"1050023130",20190101,109.003666666667,150.69304381669,115.843878386707,123.267981647159,109.023177927937
"1050023130",20200101,62.2429,150.69304381669,115.843878386707,59.6447535059583,90.4478545447625
"1050023130",20210101,130.378866666667,150.69304381669,115.843878386707,137.798087031614,130.364017201271
"1050023130",20220101,239.153033333333,150.69304381669,115.843878386707,236.413061152737,147.337093313493
"1050023130",20230101,279.0561,150.69304381669,115.843878386707,291.402644539535,147.337093313493
"1050023130",20240101,157.468333333333,150.69304381669,115.843878386707,112.870965742667,106.104551191826
"1050023130",20250101,59.7175833333333,NA,NA,NA,49.5411711000003
"1050023130",20260101,59.7175833333333,54.1870102916666,50.9688911623513,45.7094347719128,52.4060512166667
"1050023140",19930101,21.7625,77.2365559457059,68.9260694528909,21.4561058893867,25.5288338188889
"1050023140",19940101,29.0091666666667,125.916120291399,56.1753133189121,92.9252271375961,72.8381784627774
"1050023140",19950101,117.265566666667,136.350283135657,62.0589254792101,92.9252271375961,113.987357807223
"1050023140",19960101,91.5685333333333,60.0970740168718,62.7253426830937,91.767630152745,72.6759215433333
"1050023140",19970101,30.8134666666667,49.4040770736901,61.8549833284284,35.0604984844304,29.0740939066667
"1050023140",19980101,26.6606,55.6056839585893,51.4361077595214,27.0411188067394,29.0168206594445
"1050023140",19990101,128.351833333333,89.0016309903883,53.2297451153088,128.259762951927,126.399576954444
"1050023140",20000101,28.4652,47.4787260969935,63.3286769813051,30.9315112740845,28.4789468538889
"1050023140",20010101,21.7813333333333,51.5414671405226,62.7777185124766,24.5055565444985,25.1275782172222
"1050023140",20020101,48.8962333333333,49.7909855453258,66.6329686498009,45.9054133247226,50.1500921633334
"1050023140",20030101,54.1214666666667,84.1185423297958,55.9533675698685,57.1134880839521,55.019253436111
"1050023140",20040101,58.4170666666667,71.056352204191,62.0337775532711,51.6674642170509,56.7189168683334
"1050023140",20050101,46.8515333333333,58.9354898556366,67.9275289989701,49.3048808600656,51.6064182355557
"1050023140",20060101,63.0933333333333,88.1531631236818,70.0096716313094,64.2472605893197,60.3041122783332
"1050023140",20070101,100.0886,105.207593119544,63.4907389930349,100.462773755279,101.18073489
"1050023140",20080101,225.112933333333,127.100099887795,66.0178327334066,229.740953067877,167.845042726667
"1050023140",20090101,164.3258,140.605817131588,54.8555324518118,92.9255791451822,133.374407892778
"1050023140",20100101,27.324,59.325261698428,58.888053826264,31.672265761683,28.6568479605556
"1050023140",20110101,174.0872,92.2022969686708,63.3741979408768,172.224230083022,148.010852168333
"1050023140",20120101,59.8111,120.450893023884,68.5665178999216,93.1238299463448,82.1126178955556
"1050023140",20130101,18.5655333333333,87.3418992303414,68.7475572054905,19.8981473035318,28.8613556355556
"1050023140",20140101,30.2409333333333,77.9461144059503,61.3748319395215,31.5248228650022,30.0244072344445
"1050023140",20150101,22.8540333333333,47.9977926780357,59.1723616079433,24.030351842479,24.9284584144444
"1050023140",20160101,51.7622666666667,49.2277619727725,69.1316609699422,108.39782978095,70.0173574838888
"1050023140",20170101,94.2837666666667,94.4845610033132,74.0990661093692,94.521935439592,87.8350762122222
"1050023140",20180101,133.508333333333,90.3082644247051,61.9958376218122,131.814314572418,129.784154314444
"1050023140",20190101,111.996566666667,125.238738492106,66.5608351815025,113.205787118152,108.842618391111
"1050023140",20200101,63.5689666666667,60.0453974810728,56.6526270284343,49.2823929383027,52.1948438288888
"1050023140",20210101,133.188466666667,121.124222771151,56.3628340990329,134.76902055097,125.062222570556
"1050023140",20220101,242.3387,159.764361551973,73.2721020071075,261.288449812711,162.897352496667
"1050023140",20230101,279.4041,141.129514539789,65.7587524818818,261.286657819676,170.676144061111
"1050023140",20240101,158.924533333333,105.651375609017,73.3047509078933,108.39782978095,92.8041640472223
"1050023140",20250101,61.4522166666667,NA,NA,NA,61.3677971505555
"1050023140",20260101,61.4522166666667,70.2953499644699,66.7131377519093,59.7336270178651,57.1209942261112
"1050023300",19930101,1108.94577777778,1052.94727609681,1096.67388654173,1135.84043340012,1111.78138442593
"1050023300",19940101,1042.3422962963,1145.45151180927,1141.09965152345,1052.10508518872,1044.28986179629
"1050023300",19950101,1129.59577777778,1068.66600182896,1102.95498160339,1174.65691194063,1141.37170114813
"1050023300",19960101,1200.70296296296,1180.96184559959,1153.439206557,1200.83719636889,1193.99025777776
"1050023300",19970101,1236.16207407407,1215.06713207119,1134.84573552765,1174.65697927072,1220.63073601851
"1050023300",19980101,1039.64374074074,1146.67973980331,1141.89131970683,1033.48018492369,1040.62032094444
"1050023300",19990101,1064.60148148148,1147.10499198027,1142.27373974429,1052.10539063978,1058.22838692591
"1050023300",20000101,1341.5167037037,1251.00612079419,1139.3693773939,1340.10603494249,1354.2654811111
"1050023300",20010101,1233.1282962963,1197.11050488141,1161.60348646155,1233.17195556625,1225.11328794445
"1050023300",20020101,1042.78785185185,1103.57605408721,1162.49404308959,1044.98529830273,1032.28147653704
"1050023300",20030101,1024.63366666667,1145.30654869194,1155.25748344938,1033.4747938208,1032.94097027779
"1050023300",20040101,1259.409,1212.59639632664,1167.25381856175,1256.77272776147,1247.66840044444
"1050023300",20050101,1217.40011111111,1201.92460922359,1161.56290223232,1217.08597672846,1222.46180085186
"1050023300",20060101,1141.23114814815,1188.49395677612,1160.39449603328,1135.840419743,1145.8529800926
"1050023300",20070101,1050.12211111111,1131.51270637703,1155.98203319291,1045.34179371896,1047.00383955555
"1050023300",20080101,1174.38037037037,1178.38562366985,1160.08998113363,1175.00712926881,1179.82936672221
"1050023300",20090101,1479.13640740741,1436.65902757041,1161.4951472656,1492.09252237451,1474.85597844446
"1050023300",20100101,1523.91140740741,1261.26167878032,1155.4700229097,1492.09110990261,1478.94297846296
"1050023300",20110101,1469.95011111111,1234.46212720572,1132.23254597072,1470.09823816382,1439.56875472224
"1050023300",20120101,1174.12874074074,1147.27137191274,1161.82494043303,1135.84043782377,1155.01557853703
"1050023300",20130101,1097.67659259259,1192.56215483547,1167.28005914352,1046.73007743849,1089.56168940742
"1050023300",20140101,918.220962962963,1106.75392221789,1165.58048713684,918.435434777139,945.672978055553
"1050023300",20150101,901.027481481481,1063.12185134219,1121.0123936862,901.937707018126,915.420994685176
"1050023300",20160101,950.057407407407,1081.88791445626,1123.10377794882,953.028092432843,940.539719203705
"1050023300",20170101,1120.543,1165.06371311729,1143.66259979134,1135.840419743,1129.89772174073
"1050023300",20180101,921.591333333333,1041.50567482107,1031.57591497291,920.007277245922,921.364712740732
"1050023300",20190101,990.03062962963,1114.16731315023,1139.15265004812,1046.73009230497,1009.76344816666
"1050023300",20200101,1135.66685185185,1101.87477032187,1116.50350942442,1155.85646065045,1139.26117135183
"1050023300",20210101,1118.37925925926,1134.25381466631,1123.33919524756,1117.79131316149,1114.14946081481
"1050023300",20220101,1396.34892592593,1243.40220064789,1129.38349472565,1396.62343767835,1391.97104318518
"1050023300",20230101,1495.00492592593,1420.46372880409,1162.58513370676,1510.89270113083,1474.63625103705
"1050023300",20240101,1585.71592592593,1450.55124687422,1174.24485707614,1583.63247751261,1474.21367087039
"1050023300",20250101,1538.71766666667,1414.82100686771,1165.33980235312,1537.69720581098,1474.21367087039
"1050023300",20260101,1135.66685185185,1143.7530819812,1164.10718095362,1135.84044638126,1149.22771048147
"1050023310",19930101,406.627294117647,321.678924301509,379.464870925188,313.974659274447,345.661245188725
"1050023310",19940101,375.557647058824,345.249717367979,672.172364246146,271.568318629453,347.526682534312
"1050023310",19950101,663.340882352941,428.428673445133,445.891263771905,490.531826609547,610.342645632354
"1050023310",19960101,1315.62488235294,1207.29528336567,591.328583889081,1181.30517364685,1142.53820795168
"1050023310",19970101,1120.29891176471,1233.18425756827,550.552593273378,1181.30517364685,1117.55277631934
"1050023310",19980101,197.112617647059,278.903594557488,245.74910134766,179.550693702645,180.560224493608
"1050023310",19990101,856.791617647059,500.122381209478,464.73340945406,567.6497418111,750.333998867641
"1050023310",20000101,681.452647058824,440.818070632738,644.066479558501,668.977688925748,672.703878674022
"1050023310",20010101,417.974794117647,393.082396134609,458.693799115204,490.633918642274,455.242704016813
"1050023310",20020101,273.4065,397.406798010198,314.389246793598,387.73958116932,310.789689991808
"1050023310",20030101,189.239205882353,313.947960410611,148.487764580576,194.450283517559,179.763705609912
"1050023310",20040101,143.990470588235,319.092067041313,184.875864440921,194.454013278749,163.89041614902
"1050023310",20050101,417.171264705882,366.124059464368,429.527146104221,392.075555018532,408.847932257006
"1050023310",20060101,175.288470588235,367.485584346281,592.383115698167,194.450283517559,242.612276759806
"1050023310",20070101,228.372029411765,265.974125522699,187.698051735614,179.550693702645,194.792580268606
"1050023310",20080101,356.852176470588,349.626652167805,316.050090913812,391.956635994835,339.813624315826
"1050023310",20090101,800.892588235294,488.225513223791,127.122788365334,387.73958116932,621.82693695589
"1050023310",20100101,134.525235294118,314.579752493178,241.257791799077,387.73958116932,169.870837312886
"1050023310",20110101,87.1851470588235,295.648380971213,702.93007939083,186.143598171007,158.014491770835
"1050023310",20120101,92.6185588235294,312.355701557933,281.952907188198,567.649861721441,197.480329166318
"1050023310",20130101,124.109,281.866661618062,295.572418018439,194.451050417736,143.293268304247
"1050023310",20140101,203.451,638.973069512887,162.37789441522,109.0014664463,314.85121482353
"1050023310",20150101,131.563,286.074583948084,172.221469145837,179.550693702645,149.773899496758
"1050023310",20160101,140.665088235294,256.775489870812,172.871848721984,179.550693702645,154.554175921268
"1050023310",20170101,287.776794117647,341.273512070788,188.60266382735,269.819640365903,279.188587293626
"1050023310",20180101,216.486411764706,249.80549217195,175.461260271239,178.686804735992,185.547660795587
"1050023310",20190101,56.7666764705882,259.096623237567,15.8736560297316,178.689453802738,147.999039846989
"1050023310",20200101,552.272794117647,363.526658556617,519.553104500604,550.517293898914,533.811297955535
"1050023310",20210101,413.101323529412,650.464082828132,372.400484093063,410.199228895612,550.261231637257
"1050023310",20220101,1155.93855882353,901.944864653406,692.12621470133,1181.30517364685,949.598349712958
"1050023310",20230101,1790.14488235294,1116.23843699378,622.143027935111,1781.27785424081,1066.0979876958
"1050023310",20240101,726.667823529412,488.74849537319,685.833530157029,567.649861721441,692.498296872548
"1050023310",20250101,322.314485294118,340.78988716698,NA,387.73958116932,273.618854830043
"1050023310",20260101,322.314485294118,350.343572508942,363.288061386663,299.113687851202,365.655465382351
"1050023890",19930101,252.055125,311.985217250003,276.302236803256,250.337117446804,247.336293085938
"1050023890",19940101,272.4999375,305.805582265623,636.5208064439,265.604018015883,254.935196123958
"1050023890",19950101,571.09621875,455.868818382811,546.649980268969,567.558249759089,523.78132503698
"1050023890",19960101,1003.07409375,814.888501414057,822.527406446385,893.272889962261,824.098235255722
"1050023890",19970101,451.1176875,450.198282460941,426.828450277646,588.176201167398,458.8324360875
"1050023890",19980101,219.04909375,281.282695023441,227.857871087797,250.337117446804,212.148603379168
"1050023890",19990101,470.89465625,403.172805710939,446.56291308604,528.685411809574,446.471948968751
"1050023890",20000101,424.3394375,415.912187648434,400.028165043865,392.539602462171,402.761053101562
"1050023890",20010101,526.96475,486.115293296872,495.09183909504,501.959625085127,521.251157469792
"1050023890",20020101,341.30703125,437.673986468747,365.700914404859,384.89927937376,370.952523363021
"1050023890",20030101,354.1675,357.423422773436,378.594505423858,356.868177730814,340.504264681772
"1050023890",20040101,119.0855,251.437612593747,325.538786297062,254.93349661091,149.994221855729
"1050023890",20050101,265.347625,284.494161265623,345.954719317794,386.032876495901,245.847661849479
"1050023890",20060101,536.254375,614.40727202344,0,416.812823213251,510.105205873438
"1050023890",20070101,166.806375,258.506817132809,142.474636736508,250.446321838707,155.768710635417
"1050023890",20080101,411.16209375,407.642690148441,273.608867252082,419.554610091512,418.909612065625
"1050023890",20090101,420.42825,546.833422804686,447.666897430287,422.006028193849,495.99870436875
"1050023890",20100101,401.838625,453.187627148433,426.249566785125,410.756722732385,437.013956909374
"1050023890",20110101,253.7115,298.684635890626,229.308107578052,384.929613625162,256.362421902083
"1050023890",20120101,353.00009375,379.604784921876,434.255841142689,590.381440779172,403.360053631772
"1050023890",20130101,128.553625,281.146134414063,367.012690432228,250.366917367526,175.414859548438
"1050023890",20140101,601.08003125,529.568630343754,376.552664454084,537.863983122986,532.458738316667
"1050023890",20150101,186.99590625,250.481184343749,417.606438159679,384.779867796411,163.894974640104
"1050023890",20160101,162.4240625,252.850253468751,186.792877922344,384.842323000889,161.862521554166
"1050023890",20170101,160.67603125,251.788224984377,249.524601947549,250.337465024325,156.238477569792
"1050023890",20180101,354.49528125,380.695732117187,330.201102475174,389.068946476321,357.511013026042
"1050023890",20190101,234.4023125,306.125294585936,509.780380395386,250.337543629272,247.120016280729
"1050023890",20200101,418.09025,566.371901593752,442.403890344847,446.581542163872,496.078541747917
"1050023890",20210101,562.24884375,483.225723421874,537.963994567761,384.844183229441,451.887449678125
"1050023890",20220101,835.99459375,660.414643656243,738.009739317495,725.876406264096,640.613780721351
"1050023890",20230101,1264.077375,922.606172554685,441.353914812797,1113.21035679412,732.06311262135
"1050023890",20240101,469.40278125,407.890860054691,247.828346974809,425.864947438851,418.956445584896
"1050023890",20250101,378.166953125,369.025304710935,402.392046207511,384.844033746352,344.738527850001
"1050023890",20260101,378.166953125,380.997146390623,353.77948244727,366.176900306794,345.776982851563
"1050023900",19930101,529.5107,377.780840016667,259.24968623054,524.135665923111,507.288374616664
"1050023900",19940101,307.993533333333,323.457962883334,331.691111761994,318.673568562887,320.696417916667
"1050023900",19950101,587.995533333333,494.68372895,138.407812287511,585.851434609646,578.761622166666
"1050023900",19960101,510.170233333333,571.231141866665,486.738608226398,554.096500867588,528.95456573333
"1050023900",19970101,596.532733333333,588.481437633334,606.402929163435,554.096615430222,573.978284050002
"1050023900",19980101,77.4099666666667,165.736616616667,328.423510323195,165.29566404403,89.1650273333342
"1050023900",19990101,396.182966666667,337.383871966665,168.422387789801,165.293858203666,382.442502549998
"1050023900",20000101,606.8704,467.376779883339,166.577332762823,393.18188171816,531.551747500004
"1050023900",20010101,411.056266666667,362.361980200005,384.258025986659,165.293752284707,400.245390316671
"1050023900",20020101,225.458466666667,271.226303600001,201.801981696796,226.21725775176,213.275232149998
"1050023900",20030101,228.3251,304.063322433332,229.64701665155,393.18187268123,247.126733449997
"1050023900",20040101,44.6482666666667,150.379261266666,196.233585318383,165.293757464527,64.8880558666661
"1050023900",20050101,194.150833333333,282.275141266662,295.882312651824,195.933339768028,200.893026816664
"1050023900",20060101,357.0673,354.051905383333,154.025339779924,393.181870901311,402.726584666665
"1050023900",20070101,65.8151,97.7672032000014,328.501423418269,165.293758809401,70.7525135666669
"1050023900",20080101,420.887,547.020347099997,400.085728079789,420.541965876793,458.188444483329
"1050023900",20090101,385.757233333333,418.612023316663,393.018089283101,351.870165543832,411.747957616663
"1050023900",20100101,378.212633333333,344.807611800002,353.93877903811,351.870243812337,382.404277300002
"1050023900",20110101,227.815,273.766053266669,423.969072987011,351.876990326626,228.790279533333
"1050023900",20120101,166.0247,206.575887716667,142.411476239009,165.29399097962,135.273515766666
"1050023900",20130101,66.2969333333333,89.4042110666664,287.567455840013,165.294902289218,80.1373653666667
"1050023900",20140101,727.104266666667,688.91066353334,574.426991440362,728.741966462285,664.139827683341
"1050023900",20150101,435.917933333333,355.005279683333,321.200669097098,432.753357598627,434.937686633331
"1050023900",20160101,111.308933333333,208.551297166665,241.746440014986,165.293838621896,128.30707285
"1050023900",20170101,166.711633333333,204.133503366666,238.260760797748,165.504765087515,157.266758566667
"1050023900",20180101,130.0856,112.051343166668,274.112086420772,165.293761982391,105.621258066668
"1050023900",20190101,25.6441333333333,103.605268433334,105.617305520461,165.293845676632,56.8552210000006
"1050023900",20200101,315.227366666667,312.119609166665,368.37386671024,165.293818699186,200.091611249997
"1050023900",20210101,443.496233333333,415.911933866662,419.878435577779,444.493614275053,449.346575833329
"1050023900",20220101,892.3687,786.802176199999,353.564955963817,893.253978761287,637.671018550005
"1050023900",20230101,1017.78196666667,840.025718333342,680.50480961441,1004.95397953979,662.964683883341
"1050023900",20240101,395.090533333333,430.240572199995,418.585360961308,351.869427986203,415.004623966664
"1050023900",20250101,367.639966666667,337.446154599998,396.966567498839,351.872480222014,380.1236905
"1050023900",20260101,367.639966666667,394.886873149999,106.794312817389,393.181890934069,478.6465043
"1050023950",19930101,229.594387096774,316.977256784943,442.592316158589,227.349792457519,236.292915903224
"1050023950",19940101,198.654129032258,269.016976951612,173.080871794112,179.406022884958,196.986366016129
"1050023950",19950101,506.542741935484,449.535637629032,448.6910180493,489.94558843897,499.992491112898
"1050023950",19960101,483.842709677419,432.078482596771,509.40378730317,461.12758981511,472.266461580642
"1050023950",19970101,435.166516129032,422.836971892475,544.507361373656,435.798252676935,441.26474354839
"1050023950",19980101,253.637741935484,283.990206623656,228.009486158532,227.349792457519,238.582297241939
"1050023950",19990101,592.765709677419,619.765990935481,618.454592514644,501.441862574103,629.372539048382
"1050023950",20000101,726.108612903226,598.750813604838,700.366837717422,701.221876539687,711.259011161296
"1050023950",20010101,220.031258064516,274.900274072581,208.96462538272,199.152960727588,209.915128774194
"1050023950",20020101,402.571451612903,359.628408510752,376.822337509428,227.349792457519,341.251765032259
"1050023950",20030101,431.41964516129,503.557537930109,486.31340340315,437.61876535364,482.182092919356
"1050023950",20040101,191.870548387097,277.072352959677,376.545021304197,243.818066090025,205.843135870967
"1050023950",20050101,160.436967741935,219.588248994622,332.352020687634,173.149290428162,135.818658080645
"1050023950",20060101,286.962193548387,362.312415559141,590.521722220174,238.13254707509,320.069918096775
"1050023950",20070101,37.7131612903226,203.955191951614,310.489684248685,227.349792457519,80.0814519999999
"1050023950",20080101,481.381322580645,412.620684405913,362.26793856503,492.81741222093,486.173849693543
"1050023950",20090101,642.976612903226,525.524832513443,302.862224471857,771.001993503616,618.864979322579
"1050023950",20100101,748.590161290323,568.316144903224,708.685108918067,435.798252676935,664.775171870969
"1050023950",20110101,231.659161290323,353.931599163979,421.541040968345,435.798252676935,294.158677129034
"1050023950",20120101,747.081516129032,639.584221954302,386.22065271452,771.001993503616,700.052401693551
"1050023950",20130101,233.466096774194,281.994252639784,493.118224144616,313.537269355967,234.401844903225
"1050023950",20140101,646.284806451613,590.820241768814,506.459508952392,713.081745643668,655.834246629031
"1050023950",20150101,88.036935483871,161.784402462366,185.623877134413,199.638214124852,92.0783813225811
"1050023950",20160101,96.9518064516129,209.448514494622,122.594930447746,46.1570843206756,93.5686806612913
"1050023950",20170101,194.857935483871,245.140493876342,169.085646902488,391.116924467238,194.914729677418
"1050023950",20180101,519.431193548387,472.649413161289,230.162403170094,484.661589591539,509.987829725801
"1050023950",20190101,137.848709677419,257.537937607528,163.586517167349,131.9622001791,159.796859451613
"1050023950",20200101,326.015677419355,329.91173730914,65.5416846202331,295.789066382853,243.080293790324
"1050023950",20210101,873.381064516129,766.650205876346,703.076999057764,887.163850271276,722.123151129039
"1050023950",20220101,780.332838709677,608.012925747314,375.945351852327,771.516895505788,666.968101370967
"1050023950",20230101,1076.71296774194,883.257133989239,853.27342755857,771.001993503616,723.094457709684
"1050023950",20240101,289.296709677419,326.669946661289,263.637368543861,199.637981904135,249.623743645163
"1050023950",20250101,364.293564516129,NA,NA,313.536463239547,332.823466322582
"1050023950",20260101,364.293564516129,399.621444349461,390.106023454017,501.441862574103,496.024597758059
"1050023960",19930101,349.41376,348.624886850002,376.194558128982,372.029286788436,345.246728220002
"1050023960",19940101,252.028,303.696526359998,349.28224327428,279.282837741392,243.412413699998
"1050023960",19950101,426.53928,375.722392640004,358.799689084438,533.232493629946,427.567215460004
"1050023960",19960101,364.0356,357.143645980001,380.641166788392,515.551247060501,380.608095800002
"1050023960",19970101,492.79208,428.67092854,407.201223581296,290.798865109221,463.961307999997
"1050023960",19980101,201.82688,280.53096958,380.490262108727,290.798865109221,212.79391104
"1050023960",19990101,535.44488,526.997656000006,381.752177387066,515.551330735223,551.721898900003
"1050023960",20000101,458.41608,395.098370339998,363.359342941487,341.828265456448,439.068095739997
"1050023960",20010101,538.91772,504.536349240006,360.893264748702,536.701958031104,538.533467000005
"1050023960",20020101,241.92368,347.131898170002,374.135636743719,294.793675554239,277.614577260002
"1050023960",20030101,439.4752,390.976354239997,377.995058928396,368.346008226478,430.210261559996
"1050023960",20040101,170.2768,254.235740689999,345.98615876623,279.282837741392,193.15342538
"1050023960",20050101,441.633,429.544671309994,367.542722232393,426.112619687504,433.373712179995
"1050023960",20060101,424.67772,396.927930399998,366.826446961628,377.343560448701,426.216014579996
"1050023960",20070101,229.88872,269.089877459997,364.321816957654,315.02414578155,224.200943359998
"1050023960",20080101,242.35032,310.094231660001,357.766771558922,279.284313727681,254.597803439998
"1050023960",20090101,267.49288,436.838609639997,355.47078601068,279.282837741392,310.715231519999
"1050023960",20100101,355.88752,439.404568399997,394.732116587821,290.798865109221,410.648763419996
"1050023960",20110101,343.06936,370.265666750001,364.515637905729,87.6806365596344,338.864503220001
"1050023960",20120101,209.64516,289.831825019998,369.607886453801,292.130394263021,217.161714399997
"1050023960",20130101,334.95708,333.68199478,356.40336258979,279.282932497484,308.950329059999
"1050023960",20140101,1345.26452,991.915154359995,382.541154583846,1151.6782470477,1045.84989425999
"1050023960",20150101,400.79296,395.943878259996,355.753844035686,417.801998544086,406.302504859997
"1050023960",20160101,311.79748,326.038780960001,368.775598230359,290.798865109221,298.310167840002
"1050023960",20170101,617.6394,496.487464919995,376.034712892703,502.918983759846,566.712590919996
"1050023960",20180101,356.58772,351.015743960002,364.63327443667,426.075669871025,357.649372980003
"1050023960",20190101,196.5356,271.764610030001,362.495954298216,249.289172343945,207.277250880001
"1050023960",20200101,323.88512,328.602311919999,344.523530547039,279.318716608031,281.714335619999
"1050023960",20210101,583.10568,538.885239739995,381.719656209894,515.551330735223,551.721898900003
"1050023960",20220101,646.01628,567.169300999996,354.384696986194,682.712824883724,522.210998220004
"1050023960",20230101,644.79952,574.454894099999,385.814063005067,519.449868361023,562.010411160003
"1050023960",20240101,324.53832,369.090176179998,381.528365185693,290.798865109221,351.040401720001
"1050023960",20250101,356.23762,362.503437900004,NA,NA,327.644920220002
"1050023960",20260101,356.23762,369.505831710003,364.560756861641,426.063882645244,386.514978520003
"1050024070",19930101,376.24792,350.382019119997,318.599576304719,376.564370043863,369.794995699996
"1050024070",19940101,281.60048,299.026716138332,300.55480147973,281.596282983535,283.446539746666
"1050024070",19950101,300.7142,308.781856410831,306.088027520083,300.898789003524,302.362584899998
"1050024070",19960101,295.63272,300.614098999997,300.374211007513,298.114989576777,294.712726246665
"1050024070",19970101,299.24636,303.938804391665,299.598482139946,299.149021343737,298.143781099998
"1050024070",19980101,286.62688,297.426513695832,293.550677824041,282.391814187669,285.339316346666
"1050024070",19990101,332.75488,323.973263356667,305.806161357457,333.073897134428,327.971989673334
"1050024070",20000101,326.08108,324.777605234165,312.779916435941,326.220332337731,324.882470599999
"1050024070",20010101,301.98564,302.043102867502,306.705905488032,300.870988133512,301.673744700001
"1050024070",20020101,311.28936,314.048502524165,306.566203062307,311.578982374668,310.780883579999
"1050024070",20030101,370.5932,351.080039710834,322.362268208177,332.042777350002,366.115169393333
"1050024070",20040101,298.3826,302.873224021669,295.591086600658,298.111203667432,297.591398813336
"1050024070",20050101,350.48724,337.335942062496,325.842650964785,347.759955872874,354.13990279333
"1050024070",20060101,319.96424,325.168849608334,318.013667998036,319.043076682732,325.56967884
"1050024070",20070101,280.20404,299.452999021667,306.251647933366,282.392610921177,285.828896686667
"1050024070",20080101,313.405,317.666762685002,310.609063954134,313.255375987722,314.288767360001
"1050024070",20090101,366.61188,347.100403890832,338.979241933356,366.86617748946,364.236746899998
"1050024070",20100101,292.63344,306.957554106668,297.372131866383,332.042777350002,301.187335133335
"1050024070",20110101,323.04632,321.4804585825,327.323615781523,322.616676176338,331.676623659999
"1050024070",20120101,330.97176,324.806102321663,319.923545017851,331.331044804172,337.811866699995
"1050024070",20130101,537.95404,460.608428262497,320.639224256428,536.492054450664,475.399231239995
"1050024070",20140101,337.12964,328.743468990832,303.633345302856,298.10966294332,324.677908730667
"1050024070",20150101,295.66996,329.390148970002,300.404407401021,298.159225073056,303.537922760001
"1050024070",20160101,363.70716,345.138477899997,318.88397270708,363.785864510357,364.985107419996
"1050024070",20170101,280.83216,289.310300793331,298.681673008101,298.101689411379,285.751439503332
"1050024070",20180101,286.3324,296.975119807503,291.097463668942,298.122886218143,288.346828826671
"1050024070",20190101,304.01112,308.831255394167,299.26348556364,298.10966294332,302.573017150667
"1050024070",20200101,356.09896,357.025217894164,321.49081214243,356.779718657795,374.867362519997
"1050024070",20210101,287.05976,299.902752726666,304.26262500952,298.109739007846,301.447535176667
"1050024070",20220101,299.37116,303.837131430834,298.052324303424,298.11093486165,297.198627593335
"1050024070",20230101,328.73184,319.670190336667,332.535349700826,328.309501317772,333.558221639999
"1050024070",20240101,288.769,295.286460515832,295.926841043447,298.10973505689,292.449656316668
"1050024070",20250101,297.431708333333,301.464650624167,307.465415292002,298.10966294332,303.742447757334
"1050024070",20260101,304.01112,310.6978444075,308.746116577187,304.021507227585,305.06278672
"1050024080",19930101,50.9696129032258,110.591853917316,37.2307681545512,64.131351692732,55.4943901774191
"1050024080",19940101,91.517935483871,118.237553575157,94.1479321996813,77.1761119845254,85.4380860806453
"1050024080",19950101,119.293806451613,84.8565410384448,102.519986205319,77.3805298236281,93.9985557258077
"1050024080",19960101,84.2456774193548,85.7657143319306,91.5539661759734,95.6441808502844,85.0875716290326
"1050024080",19970101,101.418129032258,65.1811750305461,43.6523347881446,64.131351692732,75.996552725807
"1050024080",19980101,18.3436129032258,57.6868562259464,69.0439322861055,34.9008664174807,29.1408317580647
"1050024080",19990101,171.250193548387,147.497211288554,105.526630679364,126.68357607713,176.67904969355
"1050024080",20000101,68.5934516129032,100.142889285518,75.9893690576525,74.3493181794783,74.3478280000003
"1050024080",20010101,226.686225806452,143.478387719786,86.8182269845709,226.981006378276,216.965838225807
"1050024080",20020101,24.1326774193548,63.8015117173168,33.5893847723815,37.2607895420939,31.2148547419355
"1050024080",20030101,98.7803225806452,93.3637339289844,76.655143045986,99.3841145040419,95.607549548386
"1050024080",20040101,0.459806451612903,90.557325092743,71.1262065310091,8.86457915449587,10.8975637096774
"1050024080",20050101,86.0372258064516,55.265974509237,76.5526131114454,35.0590085065371,60.4343921129036
"1050024080",20060101,143.095225806452,93.3471770445758,89.8493024050457,142.138241157138,130.441945645161
"1050024080",20070101,14.9086129032258,66.3807221819315,62.9617016263076,37.259374446385,31.7958167580645
"1050024080",20080101,1.55212903225806,54.8059347508653,81.7101279698789,0.59727411904678,16.0862869999998
"1050024080",20090101,6.34303225806452,64.4628380509872,102.332304249102,77.3832875011783,42.0504648870971
"1050024080",20100101,42.925935483871,54.8651078691448,59.2591112441433,43.2459278438686,45.1531455000005
"1050024080",20110101,34.1624838709677,92.6056573886212,27.7306486187656,64.1330671675257,48.6255349193551
"1050024080",20120101,7.15,119.041921614269,124.267995723596,146.232305375637,75.4404552903226
"1050024080",20130101,120.694774193548,118.917574221279,99.9476111504922,77.1804319239669,99.0439324193544
"1050024080",20140101,464.70964516129,220.381202174557,95.413145057816,462.499100072479,363.913631225807
"1050024080",20150101,89.1671612903226,93.3471770445758,91.8125656377867,95.78610861709,90.7214985967734
"1050024080",20160101,59.3561612903226,105.230122837823,94.4651019429938,77.1761119845254,70.8246761451609
"1050024080",20170101,246.975,150.508408534925,115.009019734582,146.232261305164,208.395621225808
"1050024080",20180101,75.0033225806452,66.9054865988045,105.240289256286,115.679788563698,78.0697405000003
"1050024080",20190101,7.24838709677419,70.6942266351937,85.4411743171819,5.378886187703,13.4928757258063
"1050024080",20200101,89.538935483871,117.640027104401,99.4783166216575,77.1795939049728,97.1994328709677
"1050024080",20210101,180.420096774194,149.760792551083,108.637708662679,146.126329359824,211.191603758066
"1050024080",20220101,110.761935483871,83.9517155668486,88.3168124910445,114.286247928137,93.4114731129032
"1050024080",20230101,262.903322580645,134.114359844327,114.368926809375,262.489240024437,198.539856596775
"1050024080",20240101,51.6290967741935,66.5959067507227,90.415931580602,77.277224533752,76.3998111935488
"1050024080",20250101,85.1414516129032,91.7659075878954,94.5981722128607,77.1761119845254,75.0754236129033
"1050024080",20260101,85.1414516129032,121.996645248024,103.678533411655,88.7086938909351,74.3004637258067
"1050024310",19930101,422.961322580645,644.023587491936,889.20003998834,533.179505633247,399.492797177418
"1050024310",19940101,668.265096774194,785.594945049196,687.390554370912,688.18957867091,684.921346032263
"1050024310",19950101,661.161709677419,751.509168948925,769.655829912892,722.155979156078,678.766072064518
"1050024310",19960101,910.547387096774,871.27623457742,952.083995029662,970.469117968781,873.542456532266
"1050024310",19970101,746.109774193548,864.350964370963,787.821629640261,722.155784854914,770.458657725798
"1050024310",19980101,792.717580645161,856.230343295157,614.417433538011,852.259459759867,787.771359290313
"1050024310",19990101,1395.49864516129,1088.54449186559,724.123035628293,1604.69697572454,1310.48712366129
"1050024310",20000101,1039.53077419355,1011.44360366909,679.438807030569,1198.19957813491,1066.96720861291
"1050024310",20010101,1141.42277419355,1016.39837791049,787.650142035562,879.701819082285,1083.27802251614
"1050024310",20020101,1141.39009677419,952.129125126881,1148.96233552722,1237.43680678206,1091.18795543549
"1050024310",20030101,1444.6785483871,1231.53683568521,1156.16906795953,1463.42026290207,1444.35544540322
"1050024310",20040101,345.935967741935,569.061904508872,961.527778916795,591.336036776934,369.020141306454
"1050024310",20050101,462.358290322581,644.989607211022,617.046192907992,411.161019643416,437.326980822584
"1050024310",20060101,1428.09187096774,1245.49671978844,1345.45722609221,1347.84155344929,1443.11514622581
"1050024310",20070101,814.197290322581,882.448138434142,1056.28585353405,654.412171690253,814.250125903234
"1050024310",20080101,221.725193548387,675.566868607792,1095.63249990562,532.315712314313,280.471564709679
"1050024310",20090101,345.289548387097,678.523552657258,1084.3199366588,339.001241553889,327.953913000004
"1050024310",20100101,1007.40087096774,952.554036656183,887.335856005268,915.771821602428,1019.326306
"1050024310",20110101,738.716709677419,759.835814815052,511.020746127869,744.69909588928,711.024997693542
"1050024310",20120101,357.185870967742,704.878947830913,895.975117384732,309.640305663373,362.11419854839
"1050024310",20130101,1609.98141935484,1329.01542125618,1189.0523845796,1455.40951974311,1591.58200133872
"1050024310",20140101,1369.64058064516,1246.32104170941,1083.69422949821,1193.53971907943,1341.31354791935
"1050024310",20150101,374.571870967742,665.590950403227,647.990495934058,406.474446489802,396.509787403228
"1050024310",20160101,870.617096774194,908.272710489784,912.47374396623,891.310826357461,881.897636258067
"1050024310",20170101,1663.69977419355,1293.30965449221,1056.92407204677,1454.34376105944,1597.7192085484
"1050024310",20180101,986.297064516129,951.931111759139,806.715941555718,1228.47769052358,1018.6476446129
"1050024310",20190101,728.171322580645,839.40400518441,853.466903781359,1088.21988561163,786.125885677422
"1050024310",20200101,1213.33987096774,1201.19947258037,1255.19700886648,1106.70399986355,1362.33964583872
"1050024310",20210101,1322.98029032258,1120.59243591908,801.3025182039,1106.70418311281,1249.83925414516
"1050024310",20220101,1315.87909677419,1137.73433618145,1001.91344223697,1328.58951448208,1387.62153296774
"1050024310",20230101,1598.60238709677,1247.64471980107,1556.90537658008,1455.2400357355,1449.07436930645
"1050024310",20240101,570.468548387097,739.780753476879,612.244021832412,549.956452585466,530.885568516133
"1050024310",20250101,890.582241935484,NA,NA,902.200351245469,857.800300064518
"1050024310",20260101,890.582241935484,908.200668180379,996.131835522749,722.155784854914,844.987277790329
"1050024320",19930101,250.604133333333,312.41991205,409.172929725657,333.748063958367,266.484934666668
"1050024320",19940101,305.746633333333,306.492975033332,285.904578406646,350.609293027736,287.073584133332
"1050024320",19950101,153.216966666667,240.495055866666,305.975193760222,153.63233727984,180.2855625
"1050024320",19960101,1165.68606666667,909.910855266657,365.509421849436,844.669055446392,961.403752733322
"1050024320",19970101,237.594533333333,325.936775316664,308.213913995457,350.609293027736,260.802041883331
"1050024320",19980101,596.1884,544.781394833331,386.360475990837,284.0480797678,591.196397149998
"1050024320",19990101,488.595133333333,417.051363616668,451.140262522658,486.278067803518,479.983231000004
"1050024320",20000101,273.002066666667,296.024993083334,293.004108947989,333.748015200349,273.00454585
"1050024320",20010101,239.4069,286.695707150001,397.438079624149,284.048147024255,241.810022366667
"1050024320",20020101,247.0107,282.337799133335,379.283317635881,284.048289948859,244.986406050002
"1050024320",20030101,534.088266666667,496.557335016672,445.747407208933,478.236786677607,557.196238700005
"1050024320",20040101,231.0808,261.553654766666,271.059571769508,300.909357595187,223.821728416665
"1050024320",20050101,194.106133333333,251.32952688333,205.468152982346,284.0480797678,202.941748533331
"1050024320",20060101,359.643566666667,383.898053683338,379.535870832111,359.300258349982,365.167572200005
"1050024320",20070101,306.944933333333,292.791079266668,328.002354859805,350.609293027736,289.572955466667
"1050024320",20080101,309.1046,337.393443400001,289.096417360867,333.748015200349,303.529749266666
"1050024320",20090101,314.550833333333,343.114436483336,334.429119199968,478.236786677607,318.731465300002
"1050024320",20100101,372.1491,353.596620416665,392.027383703605,254.118107421198,345.914908416665
"1050024320",20110101,596.747166666667,526.968423150001,445.514463351724,350.609293027736,590.505905616666
"1050024320",20120101,626.6609,545.388947566671,489.051707864994,484.756988564489,604.221545316671
"1050024320",20130101,625.179433333333,531.066341750003,265.09287571675,478.236786677607,630.005678866668
"1050024320",20140101,492.200633333333,424.632523450003,410.064823851274,478.236786677607,477.700111350005
"1050024320",20150101,375.2027,371.716744066668,355.244691562963,258.34432716573,364.449645233334
"1050024320",20160101,383.129233333333,391.204264900001,363.129753412011,350.609293027736,380.066464550003
"1050024320",20170101,427.543833333333,436.884697533338,407.67069347307,478.236876239969,450.421485800007
"1050024320",20180101,201.6961,267.507429766667,286.729848556005,300.909357595187,216.132022716667
"1050024320",20190101,213.713666666667,317.734231483334,241.887281215601,284.052168904374,231.969716716668
"1050024320",20200101,245.046366666667,291.300641300002,369.099076040377,362.562050355882,286.565538916668
"1050024320",20210101,623.2776,532.482245183328,510.977841451167,484.756988564489,602.570130533337
"1050024320",20220101,523.366266666667,467.368251250005,439.464077738451,844.669055446392,676.590668883334
"1050024320",20230101,327.440166666667,356.07734588333,341.256735398678,350.609293027736,349.146928083334
"1050024320",20240101,269.1884,337.208306566668,249.367337611614,284.048110997878,281.786783433333
"1050024320",20250101,320.9955,320.607293983334,NA,NA,270.038863183333
"1050024320",20260101,320.9955,362.894543750002,407.031421436237,484.756988564489,371.624403466671
"1050024870",19930101,622.070733333333,686.009119719724,824.600507841236,924.421002786834,564.359992300005
"1050024870",19940101,1046.60616666667,925.248836024446,1012.97119014386,924.421002786834,1015.49962161668
"1050024870",19950101,233.745066666667,467.513114587779,735.418403501321,634.567042085305,323.85457675
"1050024870",19960101,887.759033333333,789.944407444441,666.950652009688,805.617619940948,865.938028933322
"1050024870",19970101,646.430866666667,766.831600852503,618.987651525649,634.258690203431,694.127967583339
"1050024870",19980101,1086.47843333333,960.543353609723,651.059722370845,924.476372035523,1120.6799616
"1050024870",19990101,1131.31866666667,960.084786955276,1103.65877631207,924.421002786834,1116.83103811666
"1050024870",20000101,862.961,846.427012015556,890.4418210825,924.421002786834,862.961157766668
"1050024870",20010101,661.099,760.739131933611,778.62856145606,924.421002786834,681.845818500001
"1050024870",20020101,795.249566666667,772.1706714,767.662468393934,924.421002786834,766.706049516665
"1050024870",20030101,770.568033333333,764.42268147111,788.73581993862,924.420793410888,723.799264283331
"1050024870",20040101,559.0801,621.105012256114,623.954748194634,634.553384828462,523.07253646667
"1050024870",20050101,524.0535,607.048876029723,502.325180704727,634.538162141004,513.920830483329
"1050024870",20060101,826.528833333333,813.388577214998,821.301313791302,924.421002786834,839.578856299992
"1050024870",20070101,379.8203,558.546198397778,605.272221788327,924.421002786834,422.011954033337
"1050024870",20080101,920.291166666667,891.116571618888,946.121551761302,634.538162141004,932.606946899995
"1050024870",20090101,857.829333333333,777.640736420277,828.930319368642,825.601402811404,828.493243416663
"1050024870",20100101,886.886833333333,908.547664696109,587.736993876322,924.421002786834,929.41227756666
"1050024870",20110101,1277.9687,1137.98445112139,1250.4958299395,924.421002786834,1323.36348521667
"1050024870",20120101,1562.52746666667,1152.43786227639,653.747677550054,924.421002786834,1399.67381958333
"1050024870",20130101,1136.35306666667,1005.03685114222,894.351869118654,924.421002786834,1118.07989
"1050024870",20140101,1107.28326666667,1002.52375042611,778.217640269793,924.421002786834,1107.84314416667
"1050024870",20150101,348.280066666667,653.182008630277,661.775030201886,521.543392694796,424.742384799998
"1050024870",20160101,972.110066666667,901.010175078888,999.617258077853,922.995216693216,946.416482533323
"1050024870",20170101,853.702466666667,792.908579050835,849.02751823156,634.538162141004,856.822365816667
"1050024870",20180101,458.723433333333,549.768212553057,655.535734371619,634.538162141004,443.450854783334
"1050024870",20190101,523.732066666667,607.080969855278,718.421143805727,634.538162141004,489.540870366663
"1050024870",20200101,829.710066666667,890.501499284446,804.706892431127,924.421002786834,883.997047749994
"1050024870",20210101,800.748933333333,756.491964156945,821.129717108799,924.421002786834,688.654750183335
"1050024870",20220101,710.012833333333,696.849569261668,682.406340535009,805.924082881844,571.077233950002
"1050024870",20230101,668.103933333333,684.152541918056,847.374523404473,525.46306808422,526.913731133335
"1050024870",20240101,596.101666666667,592.869746860558,614.245045953344,634.304758617592,510.676051349998
"1050024870",20250101,813.638883333333,816.586682260277,841.344796126558,NA,853.652191333331
"1050024870",20260101,813.638883333333,812.089916960275,841.125382822595,634.538162141004,856.575879366666
"1050870170",19930101,947.960777777778,990.475277944451,1168.97124092756,1213.14820822746,945.763184728241
"1050870170",19940101,906.131611111111,1020.53401619444,1009.22332818336,1081.94165051446,946.874189766203
"1050870170",19950101,1151.58455555556,1148.64899115279,1091.92425104333,1081.94165051446,1124.90109870463
"1050870170",19960101,1112.05405555556,1131.27885611112,1091.26202493891,1081.94165051446,1107.09299647408
"1050870170",19970101,1133.12841666667,1195.17490751389,1209.72208534474,1213.14820822746,1200.74139668195
"1050870170",19980101,1306.64619444444,1240.21597377777,1079.84561155279,1213.14820822746,1292.75351553241
"1050870170",19990101,1408.09480555556,1318.45922608334,1134.23756828206,1081.94165051446,1439.10207429954
"1050870170",20000101,1002.22802777778,1037.90491198611,1020.80549608977,1213.14820822746,987.231705546758
"1050870170",20010101,945.265444444444,1007.57694644445,1034.45569659417,1081.94165051446,944.344765535649
"1050870170",20020101,868.033388888889,938.274895972231,1042.91489245519,930.971717893217,905.855126648148
"1050870170",20030101,1500.19458333333,1319.58703233333,1062.48782999377,1081.94165051446,1451.36427173194
"1050870170",20040101,1233.44288888889,1198.99746504167,1212.8119327919,1213.14820822746,1244.52319364584
"1050870170",20050101,1231.28369444444,1169.54319486112,1114.71974717046,1213.14820822746,1187.01563226759
"1050870170",20060101,973.813277777778,995.739363958324,994.446936229048,1081.94165051446,948.788284353704
"1050870170",20070101,1038.1925,1056.99923472223,992.454075752924,1081.94165051446,1010.28723133657
"1050870170",20080101,1454.68011111111,1356.80978295834,1055.67694579069,1213.14820822746,1447.66410171991
"1050870170",20090101,1051.92861111111,1120.43371737501,1038.87867375352,1213.14820822746,1086.3282433912
"1050870170",20100101,896.677,951.546973430563,985.735502647189,1081.94165051446,919.196316912036
"1050870170",20110101,893.317888888889,1077.21756533333,1201.57138494378,930.971717893217,977.309421731017
"1050870170",20120101,1098.87372222222,1152.06306013888,1125.526294347,1213.14820822746,1129.8704224625
"1050870170",20130101,1100.59227777778,1081.46044956944,1079.80719967327,1081.94165051446,1062.58285379074
"1050870170",20140101,964.625083333333,1046.79621719445,1043.44873362244,1081.94165051446,983.517540487037
"1050870170",20150101,1089.42472222222,1120.1955015139,970.857478497154,1081.94165051446,1086.46604183148
"1050870170",20160101,921.896972222222,950.458946458339,918.627112035565,996.977387752215,912.609748496296
"1050870170",20170101,1561.91716666667,1381.30555663889,1182.58634229428,1213.14820822746,1449.84252583704
"1050870170",20180101,984.438277777778,1040.76762747221,1005.07238026606,1081.94165051446,989.119945014813
"1050870170",20190101,1031.56288888889,1021.92516330555,1197.99907302483,930.971717893217,974.807371463888
"1050870170",20200101,1054.68416666667,1132.77205363889,1120.12816872387,1213.14820822746,1109.95747213565
"1050870170",20210101,936.838916666667,956.27287534723,957.546238406428,1081.94165051446,919.172409373147
"1050870170",20220101,1221.20244444444,1282.58469694444,1093.30307912941,1081.94165051446,1429.31870585695
"1050870170",20230101,1717.80380555556,1512.23228251388,1252.48102487233,1213.14820822746,1449.26096680926
"1050870170",20240101,1117.44547222222,1078.98570216666,1096.85859050097,1213.14820822746,1009.58176270463
"1050870170",20250101,1072.05444444444,1141.68837451389,1092.87527634407,1213.14820822746,1120.45478525232
"1050870170",20260101,1072.05444444444,1066.10939859723,980.434937941543,996.977387752215,999.165259878705
"1050873640",19930101,228.1371,421.288586032221,206.182438962413,234.349903865674,286.536582599998
"1050873640",19940101,375.071233333333,440.633377457776,406.992562706156,371.296517936264,395.368368549996
"1050873640",19950101,525.371533333333,504.354340264444,503.369156869647,540.851988989176,525.170111883333
"1050873640",19960101,616.7725,570.836831210001,657.028569540113,620.198959344587,620.072233083334
"1050873640",19970101,522.7055,504.912368240555,365.39853124313,538.981745498177,526.754825749998
"1050873640",19980101,228.816,390.395360718888,412.308492089288,304.351584407714,260.190502616665
"1050873640",19990101,704.223433333333,578.492645034999,250.774858314736,717.834577148196,680.044439099998
"1050873640",20000101,538.1913,520.137522149446,560.664867500658,540.819062120834,532.533302266669
"1050873640",20010101,285.7097,352.513993357222,307.597838494357,250.620347972118,272.43502086667
"1050873640",20020101,449.9884,528.835854513333,666.69562682691,620.198959344587,515.795567516662
"1050873640",20030101,824.465033333333,616.325954716111,699.235210014558,772.041339112246,771.012519449991
"1050873640",20040101,300.3472,358.02358983,322.329693924546,280.062259863164,278.060986266667
"1050873640",20050101,623.241833333333,603.142014808333,379.967840470945,458.970621979778,587.220354666663
"1050873640",20060101,438.6178,620.414814520556,460.708250874012,304.348283134439,494.729539900001
"1050873640",20070101,319.224666666667,405.745738996666,341.226217647458,304.348326545948,307.922989516666
"1050873640",20080101,861.758866666667,632.307370889444,478.076805374947,620.198959344587,785.343781266667
"1050873640",20090101,505.5799,441.283268416112,499.621402266472,511.166748820625,494.063170266671
"1050873640",20100101,610.7294,507.64363613,476.491945614371,605.344783989372,579.203333733335
"1050873640",20110101,482.538933333333,449.615948621113,460.45142777873,555.906446855409,489.083550250005
"1050873640",20120101,715.196533333333,619.274304661111,693.195022551797,620.198959344587,718.760187983325
"1050873640",20130101,283.064433333333,345.105356543334,601.894525986199,416.318421349664,306.526601850003
"1050873640",20140101,192.362566666667,349.520883000001,329.260819735577,300.700575558934,232.638095333336
"1050873640",20150101,181.9203,358.685412777778,544.950531628376,182.163606923694,223.825273233333
"1050873640",20160101,1141.9985,894.146704633328,1043.96845385565,1131.78354256889,1013.21192159999
"1050873640",20170101,486.7317,542.857110296112,647.829088938761,581.278522067641,503.231803883336
"1050873640",20180101,430.932333333333,411.46945926389,452.938593685864,438.085092321714,398.433998066668
"1050873640",20190101,460.925566666667,490.809494684999,438.988394065337,465.57640375048,478.449798849996
"1050873640",20200101,574.624066666667,545.00193875722,558.834718277046,579.176774372132,513.170958933337
"1050873640",20210101,538.628633333333,506.012213258888,560.669912887246,520.01084607302,525.134723566669
"1050873640",20220101,967.562466666667,967.36611491722,945.546086472408,1007.42389093374,1013.21192159999
"1050873640",20230101,701.347633333333,606.607216224999,529.361921503689,620.198959344587,677.995310266663
"1050873640",20240101,676.733966666667,635.856278418889,620.860541565708,620.198959344587,771.471876749998
"1050873640",20250101,514.1427,NA,611.529715044835,620.198959344587,554.2778983
"1050873640",20260101,514.1427,530.494674988335,419.810582933627,620.198959344587,556.329955916667
"1050874640",19930101,796.236233333333,1031.79819263861,1260.37961796647,659.394518000303,856.775749516679
"1050874640",19940101,577.238566666667,895.263194128338,628.646661404303,518.326214982632,581.299726383337
"1050874640",19950101,1283.2898,1218.40734590167,1019.55809036647,1135.43069826164,1311.71959999999
"1050874640",19960101,1285.63726666667,1279.76998709861,1193.20241067522,1268.43956749699,1313.31201236666
"1050874640",19970101,960.687266666667,941.318590575001,1214.80475977964,975.746557739475,938.457028400003
"1050874640",19980101,957.462966666667,811.488543951113,1116.33693918265,1135.75446451319,961.177035433334
"1050874640",19990101,712.156033333333,899.40373566889,838.61435397508,739.391091850361,711.946695366676
"1050874640",20000101,734.343333333333,899.609244791391,553.311359392811,967.220695204106,771.905672900005
"1050874640",20010101,725.9031,980.722849728335,1071.58452019023,739.397677566283,774.440714916669
"1050874640",20020101,457.323533333333,647.085902082222,1271.66871547522,441.913607086712,482.893704349999
"1050874640",20030101,1061.0199,1006.11560728944,657.582907331796,1151.20978704604,1032.42887471666
"1050874640",20040101,1074.53623333333,791.428781715832,1140.3960563298,1072.28952431691,986.512441883325
"1050874640",20050101,876.4455,957.816872686111,824.900018567087,1152.45125637903,925.507454183338
"1050874640",20060101,1341.4707,1292.23828651222,859.153369449264,1130.17436162777,1330.26886028331
"1050874640",20070101,271.8493,765.476400251665,323.669974599393,286.789974245542,309.072242600001
"1050874640",20080101,530.9512,656.680257760555,906.039845040796,659.403836050802,540.367329950004
"1050874640",20090101,515.838333333333,548.190717118611,583.469249183606,1151.27942040806,658.551214033333
"1050874640",20100101,1502.64,1319.04262418445,847.432166454546,1502.45492595782,1476.33946791665
"1050874640",20110101,295.6222,726.715264073055,919.886682542264,250.85263122316,317.250877516667
"1050874640",20120101,1526.72266666667,1334.41896667361,1101.77777958657,1531.29737945245,1501.05887524999
"1050874640",20130101,431.906266666667,795.144792536667,686.697325006822,518.326214982632,485.71981673333
"1050874640",20140101,451.7579,582.047755045278,617.076585746246,485.233322917598,460.908153200004
"1050874640",20150101,173.613766666667,478.073708365279,798.840622541097,172.368042498904,253.333346416669
"1050874640",20160101,2157.81493333333,1739.98691945111,1672.45824879798,1147.04424744269,1856.08824924998
"1050874640",20170101,1168.75926666667,972.711829909447,1188.84121253994,1151.82076836361,1084.22164696668
"1050874640",20180101,1448.206,1032.22223595778,1044.31589853832,1406.23006685772,1331.43942543333
"1050874640",20190101,1514.17986666667,1241.07690089667,1193.47208600326,1529.6927475799,1478.23107514999
"1050874640",20200101,1018.45003333333,914.220889291109,989.405059285736,1151.20979902244,949.857516416669
"1050874640",20210101,2333.14476666667,1780.30965756889,1537.55175799961,2051.19086863499,1902.41508104999
"1050874640",20220101,1332.2014,1243.934258305,1109.2694583349,1325.87626571017,1354.57048566666
"1050874640",20230101,1462.96526666667,1289.13436064556,745.888670494205,1439.86717508819,1422.13836586666
"1050874640",20240101,497.7976,597.305593112778,1260.69825313124,276.465887820496,347.447187483334
"1050874640",20250101,959.075116666667,949.007575014441,NA,778.361631335902,739.100485566669
"1050874640",20260101,959.075116666667,854.978638541664,646.435663952948,1151.21269676468,888.824798983337
"1050887720",19930101,9.48826923076923,8.26912767307694,9.10180195434593,10.3835710771984,8.77742186538464
"1050887720",19940101,16.3846538461538,15.6030133653844,12.5716821465394,16.3746141775154,16.0452861730768
"1050887720",19950101,1.51234615384615,7.6207055961538,4.76137737479511,3.64737905103031,2.32733917307693
"1050887720",19960101,14.1908461538462,12.2785546057692,15.328229805013,8.86416091063798,12.7211853653846
"1050887720",19970101,14.6785769230769,13.3048542884617,13.174680925219,14.9168057477292,14.6403135576925
"1050887720",19980101,5.53284615384615,6.66070925000005,10.0685892907229,5.72960014908152,5.25841655769233
"1050887720",19990101,22.219,18.8131707307692,7.01242657031121,22.1785239222492,19.4528627499999
"1050887720",20000101,10.0382307692308,7.89474452884613,9.06306058458667,7.76176769353494,8.30405017307691
"1050887720",20010101,43.4416923076923,32.4158452884617,14.4081185181407,43.1040607237702,42.0056070961542
"1050887720",20020101,4.2805,7.96707459615379,11.0400770327195,9.40672851641715,6.08771042307687
"1050887720",20030101,0.816846153846154,6.12857736538464,7.71625657315796,0.656159895117355,1.35767465384616
"1050887720",20040101,9.94969230769231,10.8685098846155,9.58633648506711,8.74901493624422,9.95909278846157
"1050887720",20050101,9.29165384615385,10.1454107500001,7.1068107140447,10.5920162239153,9.47995292307702
"1050887720",20060101,10.397,12.9662480192309,6.11268743211093,10.4244216284055,11.5600059038462
"1050887720",20070101,13.3229615384615,14.5192774903844,8.39801947444022,11.5245371141584,13.2207522115384
"1050887720",20080101,15.9748846153846,13.9728706923078,9.66476783102166,16.1321381661383,15.5153313846155
"1050887720",20090101,5.41930769230769,6.05125155769225,7.49001442303209,8.97313394690091,5.79058413461531
"1050887720",20100101,38.5638461538462,26.848222596154,7.46308170959408,38.6420616037759,39.4942411538466
"1050887720",20110101,8.31607692307692,9.15821601923079,10.7119031699178,9.51091126908739,8.50456271153848
"1050887720",20120101,44.673,33.0650297499999,14.6397302220653,42.4822947000668,42.3245157884618
"1050887720",20130101,2.53023076923077,4.85495053846157,12.9751397425462,2.78209879253967,2.7159756923077
"1050887720",20140101,9.53576923076923,9.01898461538456,8.4273038511421,8.77338653299262,9.36238869230768
"1050887720",20150101,0.219153846153846,3.62497136538461,6.98413735211828,0.16287261734297,0.953673788461545
"1050887720",20160101,16.2512307692308,16.8371024423077,17.3995407592867,15.1795765368009,16.5043065384615
"1050887720",20170101,2.33623076923077,3.74697149038465,6.81513126517804,2.00485508724524,2.08151628846152
"1050887720",20180101,2.13411538461538,7.5620792788461,10.8186506588693,2.11254308317633,2.67432898076924
"1050887720",20190101,3.44484615384615,5.11319642307694,12.3950380946338,3.52873458192339,3.0398385769231
"1050887720",20200101,15.1726923076923,14.3744097307694,13.6947495797286,12.5722894942659,14.1931310576923
"1050887720",20210101,28.0345,24.3784475480771,14.1523613272274,28.1163456553293,29.4292593269232
"1050887720",20220101,8.41834615384615,7.90946579807685,9.44997926109946,8.54558217646499,8.0733133653846
"1050887720",20230101,6.99207692307692,7.43348434615377,3.92303486687157,6.67983705909357,5.69673919230767
"1050887720",20240101,5.86615384615385,9.09652301923082,10.2447223722921,9.85266466793748,8.70585011538464
"1050887720",20250101,9.51201923076923,NA,NA,NA,9.14896382692308
"1050887720",20260101,9.51201923076923,11.0747310961539,10.6603369320572,10.7773630665632,9.2440058846154
"1050888070",19930101,773.2204,621.4969867,632.982187352852,744.587598688834,795.862215449993
"1050888070",19940101,463.524466666667,459.360827257223,443.57378205079,607.015305122695,460.772463166669
"1050888070",19950101,691.274933333333,582.400592369722,520.831628420949,606.986554473317,687.507387583325
"1050888070",19960101,960.6304,707.824301582501,581.585399085883,759.269254394406,927.307859466672
"1050888070",19970101,295.096566666667,431.344072953056,505.283413526738,418.540767596802,336.577575300002
"1050888070",19980101,474.006566666667,464.567026313056,643.70224335868,418.540767596802,437.560321783332
"1050888070",19990101,480.720666666667,545.569185581391,456.604452596334,545.147885170098,489.072954700004
"1050888070",20000101,702.348733333333,662.089961284443,284.62036310287,742.126556850846,751.924727716664
"1050888070",20010101,356.928366666667,388.204300497777,527.615641804116,385.242977567288,332.725304299997
"1050888070",20020101,862.433233333333,658.983166827499,653.90918957865,641.419350388425,818.231654833325
"1050888070",20030101,418.214366666667,424.030668983056,394.335011519224,418.540767596802,384.15251805
"1050888070",20040101,322.907266666667,416.837995604444,474.465295230244,418.540767596802,336.802660666667
"1050888070",20050101,271.975566666667,374.742264840001,379.911567896265,433.338673789212,290.334693516665
"1050888070",20060101,322.535133333333,369.592394446111,407.625174451475,418.540767596802,303.1107872
"1050888070",20070101,225.286966666667,352.80723441139,258.125860293799,308.346493583401,236.14199235
"1050888070",20080101,452.6142,477.466499700279,437.965774651297,607.015305122695,452.952191066671
"1050888070",20090101,701.132933333333,591.542351638888,313.498992276327,588.087762179834,687.556532599995
"1050888070",20100101,842.776466666667,680.00394162639,414.92681456129,849.21136479511,831.218556900007
"1050888070",20110101,75.8753666666667,299.964087898333,439.821309712308,100.30904398136,144.965560316666
"1050888070",20120101,1007.13153333333,783.224281838052,532.809376701614,1003.41544291708,959.132185050002
"1050888070",20130101,461.802833333333,447.540434545833,437.728995633457,607.015305122695,454.641258999999
"1050888070",20140101,264.702833333333,347.789898198057,400.170540466269,266.286818325091,251.740706850002
"1050888070",20150101,191.429433333333,336.346758178057,464.209342267169,418.540767596802,225.703172350001
"1050888070",20160101,893.441,705.828957609721,869.561551435822,753.681065358966,899.140754449998
"1050888070",20170101,362.510766666667,484.566501393334,526.886271526553,653.985894083278,399.689399216672
"1050888070",20180101,395.011366666667,544.819522711112,485.934832942503,351.147384662253,437.147108283332
"1050888070",20190101,272.483933333333,373.030231238333,515.416170971112,278.853137150026,282.757279783333
"1050888070",20200101,497.495266666667,491.090417956391,521.408298779889,501.731944811566,420.01553631667
"1050888070",20210101,803.171466666667,724.25398726222,709.525184864287,819.355593846807,926.671806066672
"1050888070",20220101,566.242466666667,559.061355096667,549.152178543571,278.853137150026,433.266225349999
"1050888070",20230101,593.354633333333,566.637307828889,436.923511064345,418.545571635698,610.328585416662
"1050888070",20240101,503.556666666667,500.898858170832,479.609889292175,607.015305122695,425.624811600004
"1050888070",20250101,468.765516666667,496.769173900279,NA,418.544296685843,438.749062916668
"1050888070",20260101,468.765516666667,445.292326258333,388.856020608169,294.558990535145,411.058631599999
"1050892990",19930101,1186.63375757576,1275.40565665151,1359.26406229941,1174.9531221297,1152.82010203939
"1050892990",19940101,974.172606060606,1118.66872185607,1470.84143610601,1533.10771977751,1088.7146938894
"1050892990",19950101,1353.40806060606,1372.29449252274,1236.47720007704,1533.10771977751,1416.19043860505
"1050892990",19960101,1547.83006060606,1555.75580639394,1369.47138470435,1545.92954281071,1596.28536282525
"1050892990",19970101,1464.43878787879,1500.36432329546,1492.54158855206,1488.98048939589,1519.08907482728
"1050892990",19980101,1429.22115151515,1438.89180406818,1510.84636852381,1488.98054966637,1437.97118461566
"1050892990",19990101,1639.99606060606,1533.34981944698,1397.64707441244,1641.15174768101,1607.07455935252
"1050892990",20000101,1176.22984848485,1237.31117963636,1446.85748691248,1136.87985208502,1153.33514572626
"1050892990",20010101,1461.65833333333,1365.53700619698,1265.75599052716,1475.34342409171,1403.37925684192
"1050892990",20020101,1138.66357575758,1177.05142402272,1437.69090507198,1276.09104137034,1139.33763787374
"1050892990",20030101,1874.06184848485,1675.44580179546,1485.43427827035,1533.1059156245,1784.99282742021
"1050892990",20040101,1591.6136969697,1470.83747428032,1316.93262335892,1533.10771977751,1542.36882571061
"1050892990",20050101,1716.09854545455,1599.88844970453,1662.16392772731,1676.94999620934,1700.53096060202
"1050892990",20060101,1103.40045454545,1182.33532984089,1157.0158093967,1103.84736802819,1100.74155255252
"1050892990",20070101,1363.35478787879,1332.40134319697,1391.62620074497,1408.43702402452,1365.62769466162
"1050892990",20080101,1841.64533333333,1751.27674078789,1079.96299614531,1661.18542598541,1793.63336999344
"1050892990",20090101,1090.51575757576,1204.56847712121,1290.17307786391,1078.54533942066,1097.70569532222
"1050892990",20100101,1321.3366969697,1317.30784939395,1189.07324099654,1223.38692075162,1319.14923137222
"1050892990",20110101,1038.08936363636,1243.38373548485,1435.33139645655,1046.18241926453,1095.23911401717
"1050892990",20120101,1564.20121212121,1563.18465465908,1363.19637444663,1566.71370003399,1596.0394792303
"1050892990",20130101,1414.50163636364,1440.34673062878,1306.53946689675,1412.1904144268,1427.46306306919
"1050892990",20140101,1083.90509090909,1258.91323527272,1127.85278364531,1223.3898285488,1116.05785508687
"1050892990",20150101,1332.53363636364,1390.85449865153,1304.28622733385,1285.21389069561,1361.97777612172
"1050892990",20160101,1101.48524242424,1136.5290596212,1283.46643799975,1256.39153898597,1101.18214003333
"1050892990",20170101,1823.88306060606,1712.54768650757,1389.34082800906,1533.10771977751,1784.12806922425
"1050892990",20180101,1170.87636363636,1258.30165073485,1584.03990657483,1167.50217291394,1147.32577851313
"1050892990",20190101,1167.16590909091,1175.52976544697,1195.25735144982,1165.50451896202,1133.98760493232
"1050892990",20200101,1719.03487878788,1664.71593874242,1690.984404491,1757.92543813232,1792.31050257021
"1050892990",20210101,1016.78124242424,1075.87568158333,1254.98485303404,1046.18112596819,1049.68784002122
"1050892990",20220101,1358.48657575758,1406.23824669698,1330.46111499716,1276.09917623315,1363.38843645606
"1050892990",20230101,2074.65181818182,1870.84732192426,1840.23457840649,1990.51444881272,1792.38126937324
"1050892990",20240101,1292.03463636364,1350.84225549242,1263.74559373462,1260.78219567014,1353.67947521566
"1050892990",20250101,1355.94731818182,1403.37669126516,NA,NA,1394.81008645606
"1050892990",20260101,1355.94731818182,1390.84005596213,1410.97101299325,1360.57381461874,1379.94836637071
"1050893000",19930101,86.2384705882353,97.8721849852932,26.0855637839187,84.716420467945,94.3314264117637
"1050893000",19940101,14.4817647058824,42.3354265588231,39.6700253153782,14.6432210465327,15.6281627058825
"1050893000",19950101,28.2123529411765,37.388433,64.4187266117365,22.9777362811708,24.5176321176471
"1050893000",19960101,36.325,39.2711922058823,85.6122670364706,48.5606915447655,34.8604131764706
"1050893000",19970101,80.2735882352941,85.269285029412,97.4065316826695,87.151464433533,88.5117971176474
"1050893000",19980101,148.655529411765,144.787597029413,154.261095232201,152.695980305249,150.660319735296
"1050893000",19990101,110.328764705882,96.4641644117634,24.2016781484224,107.081763056365,115.572304970586
"1050893000",20000101,17.7861176470588,35.6363474999999,23.3870507586367,28.5887184595005,18.8401397352943
"1050893000",20010101,121.696294117647,104.915410102941,107.088576660754,119.845453098498,126.526564764705
"1050893000",20020101,145.456764705882,99.7422970147061,31.7103054143441,100.374966179152,131.39287767647
"1050893000",20030101,213.806823529412,174.085752147059,19.931304323286,216.949275354843,188.767668058824
"1050893000",20040101,68.7377647058824,66.9005052794115,12.1254468731137,60.3817287822673,64.9463931470585
"1050893000",20050101,160.656588235294,117.455153441175,65.6191094823327,111.471929840303,146.31524152941
"1050893000",20060101,19.2622352941176,28.0327720294118,28.0445379183246,24.6455893179811,19.0711223823531
"1050893000",20070101,154.639294117647,129.344630529411,149.066264958275,164.588125880573,152.488564558824
"1050893000",20080101,22.6642941176471,43.9574468235293,17.0417567628876,40.6820111500912,22.5398005
"1050893000",20090101,6.88129411764706,21.5116196176472,12.4445212934593,22.2525524538127,10.8570738529413
"1050893000",20100101,103.835235294118,106.134649970587,69.5892037800116,107.227115864962,112.682597411763
"1050893000",20110101,19.1684705882353,44.8880387941177,5.52384453594554,42.2958642064037,22.0751755882353
"1050893000",20120101,100.856470588235,88.5124852794115,87.2100709289869,97.4647827212165,106.398887558823
"1050893000",20130101,26.6862352941176,31.3602503970586,29.4320579608256,52.9124476784715,28.8825407058821
"1050893000",20140101,38.3866470588235,33.6749062058819,43.9794707065396,45.7061968670967,33.8408645588232
"1050893000",20150101,9.22858823529412,20.849483617647,23.993482066344,9.74005765852683,10.2714091176471
"1050893000",20160101,129.388176470588,114.746037205882,101.320587447574,111.111079551698,134.27185167647
"1050893000",20170101,12.45,19.3884008235296,11.3196804323574,17.7022818114425,12.2395024117648
"1050893000",20180101,13.0476470588235,18.1868044411764,91.3523258832041,12.1681048482276,15.5773847352942
"1050893000",20190101,16.7827058823529,35.7546367500002,30.7965005472727,22.6439869266768,17.9268059705883
"1050893000",20200101,82.3976470588235,80.1142816323529,76.8246119087102,101.360895477495,105.904339441176
"1050893000",20210101,12.0524705882353,23.0638653823527,20.2742834840181,11.3280565838124,10.4409862941177
"1050893000",20220101,15.9425294117647,20.93600025,26.1334333622391,10.5780906507459,10.4205324117647
"1050893000",20230101,42.7163529411765,44.254199279412,28.0189803183587,45.7383688401376,29.5087926764705
"1050893000",20240101,37.5289411764706,41.5551509558822,12.8619350904394,34.6557226953114,21.2719450294118
"1050893000",20250101,37.9577941176471,NA,53.5153802375484,NA,33.3741449117646
"1050893000",20260101,37.9577941176471,41.8832016470587,54.2705272203782,52.9157773712972,33.1208206470587
"1050908780",19930101,1591.3358,1305.93683421402,1740.08176127735,1133.63780098742,1505.92897268097
"1050908780",19940101,984.669666666667,1470.51963030308,1317.78918811192,1133.63780098742,1227.93962716886
"1050908780",19950101,1978.58876666667,1360.33342396705,1468.35078990874,1690.05583875601,1792.48936264718
"1050908780",19960101,2314.18036666667,1380.35111870903,1546.94421974566,1690.05583875601,1833.11333567798
"1050908780",19970101,1267.55776666667,1309.801595989,1334.20760746151,1133.63780098742,1224.66255516886
"1050908780",19980101,1308.40996666667,1247.23689191349,1162.12076474925,1255.2125246038,1223.83422253115
"1050908780",19990101,1082.651,1784.03656828539,1423.92468745084,1255.28533284765,1487.50284691278
"1050908780",20000101,1361.00183333333,1630.93551157515,1294.88089829296,1133.63780098742,1277.23149059121
"1050908780",20010101,1041.25103333333,1641.09874604435,991.443332714327,1133.63780098742,1388.67722063266
"1050908780",20020101,1270.5471,1132.9381163392,1203.85017471122,1690.05583875601,1203.4226369892
"1050908780",20030101,1375.54533333333,1709.8776574269,1308.88378853614,1255.2125246038,1384.61011488476
"1050908780",20040101,1188.43996666667,1215.23981608767,1254.62968559418,1133.63780098742,1192.12023692503
"1050908780",20050101,1112.94853333333,1309.88098716392,1165.32442632373,1690.05583875601,1326.63532600333
"1050908780",20060101,1530.45323333333,1700.98218319457,1470.0603333471,1690.05583875601,1763.59781088492
"1050908780",20070101,459.696466666667,1051.69526238178,1248.21784310338,1133.6283423285,686.2037307294
"1050908780",20080101,1005.03193333333,1175.03133144433,1137.78983530676,1690.05583875601,1220.99934917722
"1050908780",20090101,1212.05113333333,1588.82843637043,1285.75707346081,1133.63713145094,1248.08384736884
"1050908780",20100101,2281.28383333333,1694.84303780597,1066.65790424338,2281.22875745855,2084.26108173286
"1050908780",20110101,340.557133333333,1054.58180614684,673.477275539505,1133.63780098742,626.03223377467
"1050908780",20120101,2535.62246666667,1778.26704455928,993.873734126154,1133.63780098742,1846.31432536397
"1050908780",20130101,888.757733333333,1007.53210446159,1246.65705505482,1133.6379946404,831.325102359061
"1050908780",20140101,709.571733333333,1182.04845294946,1004.5342012068,708.20451575016,910.811002419465
"1050908780",20150101,342.775766666667,964.488887988404,756.566660936159,1133.63780098742,611.282732714671
"1050908780",20160101,3166.3257,1964.96056398237,1103.84291020505,1690.05583875601,2372.27344082889
"1050908780",20170101,1435.83363333333,1293.98680971709,1610.81644427281,1690.05583875601,1591.11543376461
"1050908780",20180101,1725.5619,1422.7491689854,1659.28783959331,1726.1934434648,1794.96368719478
"1050908780",20190101,1685.79073333333,1673.27502546772,1665.23052293294,1133.63780098742,1590.9961301058
"1050908780",20200101,1435.1021,1426.36030377229,1360.38128764141,1690.05583875601,1522.54880623671
"1050908780",20210101,3051.28713333333,1892.47207709638,1611.75292568535,3051.21967136985,2164.08713421329
"1050908780",20220101,1711.90343333333,1477.1111693868,1645.78213624392,1690.05583875601,1756.60882597607
"1050908780",20230101,1985.56606666667,1742.73813179108,1185.33484483764,1690.05583875601,1612.06351393976
"1050908780",20240101,973.451866666667,1201.8710617591,1141.90806011348,1133.63780098742,1136.78019430162
"1050908780",20250101,1334.7059,1702.7953723692,1392.01468097008,NA,1348.60525830708
"1050908780",20260101,1334.7059,1652.01190078512,1191.09508763588,1690.05583875601,1497.92044212111
"1050909040",19930101,793.497966666667,828.785289149784,836.186523892314,1189.89983308929,885.255311550006
"1050909040",19940101,473.8816,577.360082683161,768.542318233973,396.773567289034,399.181844250002
"1050909040",19950101,511.1747,678.900728762572,779.462454645101,538.302531883092,461.88606893333
"1050909040",19960101,875.483833333333,775.763451137163,791.522280467542,875.965925750694,917.457184350009
"1050909040",19970101,1216.85553333333,1030.32407477318,807.599840497847,1169.3827622779,1292.82989213333
"1050909040",19980101,376.4615,702.412259933668,785.055653431881,396.773162087408,387.535501416663
"1050909040",19990101,1488.10343333333,1050.54255648805,809.194228108544,1216.31238654923,1415.26183525
"1050909040",20000101,1384.13583333333,990.972435754136,823.314530457099,1216.31238654923,1356.89274361666
"1050909040",20010101,291.067766666667,524.629057921876,768.445654526793,539.218697909999,301.397276183333
"1050909040",20020101,1410.81463333333,1018.49853899321,803.369825452199,1074.38789895699,1340.94687770001
"1050909040",20030101,996.8425,723.346780199947,779.330749582652,877.330806752159,866.842129766675
"1050909040",20040101,436.045766666667,734.114172390679,788.999945750909,349.843943017708,439.463170499997
"1050909040",20050101,490.386466666667,685.662270299559,791.448858403739,704.895466671117,524.140309149998
"1050909040",20060101,601.53,867.270002928278,804.666882031057,684.821236523326,674.369644133343
"1050909040",20070101,438.3042,743.648134356882,770.474332615596,529.807949819219,516.151331400004
"1050909040",20080101,1148.71793333333,739.3126299142,782.347944938214,881.504834672283,1013.02270131667
"1050909040",20090101,1485.20766666667,1011.39414956842,766.218311657369,1401.20649687547,1431.77333138335
"1050909040",20100101,1484.1357,1002.62889193058,789.673611111506,1526.76177341271,1451.27792505
"1050909040",20110101,311.255033333333,704.863468838527,809.513383903047,920.35017815577,544.62027163333
"1050909040",20120101,1193.1659,991.476984948854,764.492825193267,1063.88908305276,1250.08477998333
"1050909040",20130101,665.299933333333,615.429836432342,773.274586574215,1228.74555825421,717.620965616667
"1050909040",20140101,180.6621,514.056825220398,772.412905694138,450.941701429051,261.89413648333
"1050909040",20150101,217.5232,676.504800659593,789.330344861885,203.728020617611,243.973694383332
"1050909040",20160101,1037.3726,777.330222605186,782.307708345,690.879529579821,881.591371616669
"1050909040",20170101,293.293433333333,728.759522825612,798.646599583338,624.850389417632,387.834711300003
"1050909040",20180101,137.828366666667,726.055353814304,820.863229509969,253.24236731372,215.458030399999
"1050909040",20190101,143.447966666667,537.498705364992,769.045902196349,302.664002137502,209.5915438
"1050909040",20200101,829.0381,693.411073132637,789.707533132765,615.739693498183,422.08275285
"1050909040",20210101,1054.8468,1042.11769940435,818.081877005191,1216.31238654923,1387.6286776
"1050909040",20220101,833.513,710.921819058913,775.836158694651,883.92926486177,725.235680283335
"1050909040",20230101,1072.89763333333,776.246475721066,788.890758981972,1018.09600791577,966.368458266674
"1050909040",20240101,1073.3464,970.77805265537,766.093087609646,642.810532126399,911.30440283334
"1050909040",20250101,811.268033333334,748.31275996569,795.396389686945,NA,698.245979900004
"1050909040",20260101,811.268033333334,741.28983469805,768.579469135411,624.631984180495,565.349531966668
"1050909890",19930101,3561.07686666667,3405.55387496958,3636.53705634709,3340.39101217876,3275.81312308334
"1050909890",19940101,2275.89933333333,3242.1279835591,3604.97782447783,3208.78139248881,2323.91333240222
"1050909890",19950101,4148.93343333333,4251.38792657898,3620.94184721201,3208.78139248881,4319.03804411944
"1050909890",19960101,4749.3818,3964.75359019134,3607.20469947431,3340.39101217876,4334.92890608611
"1050909890",19970101,4006.45156666667,3392.18200826678,3642.45311683967,4003.35570855125,3810.04373015112
"1050909890",19980101,3168.08156666667,3928.69686533588,3613.90561489652,3340.39101217876,3233.95790198389
"1050909890",19990101,4317.8685,3279.61289745667,3656.12965565534,4613.45297870622,4107.90427922278
"1050909890",20000101,3757.021,3282.83806384373,3645.69626264987,4613.45297870622,4057.31424279445
"1050909890",20010101,2744.0873,3894.93726384749,3609.25053483358,3496.54809028519,3119.80578276555
"1050909890",20020101,3836.23226666667,4118.91064743,3617.4606386518,3208.78139248881,4222.00501463
"1050909890",20030101,4307.88576666667,3978.24580222517,3609.06608430465,3340.39101217876,4215.21292564834
"1050909890",20040101,3009.16716666667,3870.16398637553,3612.89275497451,3340.39101217876,3158.16558358834
"1050909890",20050101,3442.55826666667,3095.66929996808,3647.87284885824,3340.39101217876,3008.95553018223
"1050909890",20060101,3120.79566666667,3330.77332194571,3644.80077238638,3496.54809028519,3200.04333609222
"1050909890",20070101,2327.85323333333,3217.22020093373,3597.8610426426,2662.65735613832,2349.63595241056
"1050909890",20080101,4113.0164,4256.19128566843,3622.71603565669,3340.39101217876,4385.01928903722
"1050909890",20090101,3683.33126666667,3219.00924305703,3597.173529315,3525.68752596353,3284.87783259778
"1050909890",20100101,5257.03143333333,4259.59442278632,3625.05363344579,3208.78139248881,4636.62446636221
"1050909890",20110101,1623.84623333333,3087.92173565071,3646.02834356895,3340.39101217876,2373.88712985721
"1050909890",20120101,5304.6186,3593.8106979615,3601.48323472705,4613.44767262185,4465.44613702167
"1050909890",20130101,3008.5347,3485.74412694977,3634.70252135667,3208.78139248881,2914.60409976501
"1050909890",20140101,2009.1779,3242.1279835591,3605.25279482536,3340.39101217876,2476.18174712278
"1050909890",20150101,1914.7609,3433.40899175337,3627.40461242546,3208.78139248881,2601.78963082779
"1050909890",20160101,5609.9699,4176.36501649665,3612.27564595027,4593.81960530194,4914.85427434221
"1050909890",20170101,3437.80133333333,3395.29609033441,3637.38890468837,3340.39101217876,3269.82914944667
"1050909890",20180101,2971.17906666667,3388.21432974578,3640.20944976089,3496.54809028519,3190.44983300389
"1050909890",20190101,2906.35816666667,3188.03798624613,3588.29602768442,3208.78139248881,2517.38583649945
"1050909890",20200101,3955.506,3926.04797279088,3613.33547122744,3955.93783038459,3797.936042755
"1050909890",20210101,4895.08983333333,3749.13875726279,3634.17593215103,3496.54809028519,3245.102221675
"1050909890",20220101,3727.90156666667,3391.84472749032,3597.97167797645,4613.45297870622,4033.79555883501
"1050909890",20230101,5019.93766666667,4244.33307452722,3618.3214077868,4613.45297870622,4872.23360424221
"1050909890",20240101,3333.1618,3190.9584845382,3591.34134177512,3340.39101217876,2683.42926968389
"1050909890",20250101,3622.20406666667,3710.8623729135,3631.84839211956,3496.54809028519,3207.88361888056
"1050909890",20260101,3622.20406666667,3525.38277922029,3600.55442267526,3496.54809028519,2990.69081341667
"1050909900",19930101,2364.9818,1905.45346480516,2273.76609440437,2198.88827389647,2351.34747386666
"1050909900",19940101,1311.5825,2051.08448764555,2140.16910926617,1280.48023762302,1371.10273083334
"1050909900",19950101,2729.08226666667,2104.90047905162,2152.06982558006,3279.57900382008,3003.9488119833
"1050909900",19960101,3200.60903333333,2194.96505747655,2291.6035520745,3242.99070515389,3117.17605969996
"1050909900",19970101,2496.29906666667,1914.12582028847,2230.5786085891,2433.24460585593,2476.53403053333
"1050909900",19980101,1705.29873333333,1884.29122524328,2183.20646876312,1758.96115610507,1727.50227715
"1050909900",19990101,2607.28973333333,2759.40050789423,2189.86660955609,2587.61879136224,2638.67527636667
"1050909900",20000101,2616.1221,2714.59264962956,2177.10718211862,2259.60898854836,2521.66042966666
"1050909900",20010101,1286.4015,2506.25166860789,2156.09172348437,1285.63267272198,1421.89438626666
"1050909900",20020101,2638.11006666667,2028.11312410271,2148.32278327858,2486.14510399598,2523.26569186667
"1050909900",20030101,2330.80813333333,2206.09146802335,2189.04549905887,2303.89106363631,2390.50583874998
"1050909900",20040101,1407.26996666667,1917.01036620657,2157.34461404818,1454.71560034675,1474.25045571666
"1050909900",20050101,1600.69723333333,1841.12966751194,2164.79930165435,1590.37816576558,1589.89012428332
"1050909900",20060101,2054.76573333333,2448.97274731457,2273.06531282062,1604.96062929876,1993.00012183332
"1050909900",20070101,914.1453,1676.84478007115,2110.64333661789,917.784119387434,833.870646683329
"1050909900",20080101,2248.24753333333,2036.05712297763,2301.38713427755,2197.24281087516,2383.89005173333
"1050909900",20090101,2602.98596666667,2674.76200539751,2309.17157430334,1747.80764638655,2342.05930043331
"1050909900",20100101,3842.0248,2468.0010599324,2262.82553908882,3823.86593751955,3780.00402131659
"1050909900",20110101,585.390466666667,1674.79019684989,2162.02396893978,1177.36195816521,789.814459116665
"1050909900",20120101,3701.25246666667,2713.55927652636,2014.56633346593,3703.03195472004,3817.4653361666
"1050909900",20130101,1552.93356666667,1917.42109263111,2140.31292582445,1415.37366949208,1486.53683056667
"1050909900",20140101,901.335433333333,1762.50151975236,2032.38324057117,1747.80764638655,1181.07665608333
"1050909900",20150101,555.671533333333,1616.41508797198,2099.10408545838,496.88835331637,668.168735749999
"1050909900",20160101,4417.06903333333,2739.83435730573,2161.25821391146,3633.2106455757,4059.45831946657
"1050909900",20170101,1656.32513333333,1921.37629160998,2055.44066920527,1954.69871265464,1641.96667494998
"1050909900",20180101,1804.485,2292.33142639377,2238.63645214409,1944.32581441209,1905.82134040001
"1050909900",20190101,1747.48473333333,1926.77724283863,2126.65642989398,1979.50889793212,1728.50116384999
"1050909900",20200101,2170.98026666667,1819.48412515786,2262.19597173505,2192.59172825879,2231.90999233332
"1050909900",20210101,3932.56356666667,2823.32297185453,2119.57965608859,3895.07816630173,3917.03974481659
"1050909900",20220101,2386.31643333333,2310.50553566323,2096.74041266214,2381.23255599764,2413.78511586667
"1050909900",20230101,2959.90473333333,2488.69153221388,2154.69847501487,2546.9683823842,2581.46485055
"1050909900",20240101,2011.20616666667,2093.1828118985,2080.99238194571,2196.60398238125,2249.25380169999
"1050909900",20250101,2209.6139,2787.5661203595,2191.78860411345,NA,2034.5580205
"1050909900",20260101,2209.6139,2548.62358645323,2120.53453392113,2258.05268808881,2417.38370876666
"1050915980",19930101,680.801516129032,909.496943277718,834.063607126102,715.098543317498,771.440842796241
"1050915980",19940101,732.909903225806,713.248711436919,802.743466424866,937.274772330009,648.769870486023
"1050915980",19950101,877.09564516129,882.713117821144,853.854024877315,937.274757684654,865.035892148926
"1050915980",19960101,1019.11035483871,908.986553403584,995.668725877147,1020.22585561148,1039.7690659586
"1050915980",19970101,1049.30367741935,906.014080083074,1026.02869687488,1063.07041574355,1041.30179029301
"1050915980",19980101,634.144225806452,789.55656462975,898.571083550284,618.804449827541,621.995221462368
"1050915980",19990101,893.236838709677,863.201523239602,855.714648230024,937.274693923332,853.726106357528
"1050915980",20000101,870.563870967742,830.733473937438,828.839680101442,937.274693923332,815.394602196236
"1050915980",20010101,789.438903225806,822.68539041223,953.547785619623,937.274693923332,842.074660592474
"1050915980",20020101,748.07035483871,933.65638394473,937.717410039597,712.509999661012,849.707927746241
"1050915980",20030101,1063.96625806452,855.210327446135,853.148650906284,1041.3571895553,970.26876933333
"1050915980",20040101,799.575967741936,829.985290708025,847.752192305247,712.507367274694,785.178909315593
"1050915980",20050101,1331.32961290323,1171.27177916014,943.526356026254,937.274764545837,1277.23835742635
"1050915980",20060101,701.211580645161,875.178107748417,724.598729387921,937.274693923332,774.934234898389
"1050915980",20070101,649.051903225806,798.030995788378,828.826423795753,937.276543079144,673.464940990861
"1050915980",20080101,1458.29458064516,1038.92328917379,972.759004875099,937.274755195587,1227.43349977742
"1050915980",20090101,1048.56435483871,917.415066628936,1025.09191984465,937.274850404751,1023.3379256871
"1050915980",20100101,1144.58970967742,942.124276473769,1053.6912348613,937.274693923332,1051.38898861398
"1050915980",20110101,898.503935483871,887.102446765421,921.896173539907,905.727086460414,873.111526839786
"1050915980",20120101,1195.41529032258,1133.46686128132,944.638468760195,937.274851400484,1269.21987391237
"1050915980",20130101,665.439967741935,782.767153435209,850.285185857723,937.274898020022,675.564644424195
"1050915980",20140101,459.192225806452,728.800329698456,872.299790912268,482.88103065981,556.642402948926
"1050915980",20150101,437.865451612903,725.687118435973,855.311078332254,937.274693923332,599.915972760217
"1050915980",20160101,1295.56596774194,1182.23164659134,932.543825474436,937.274785959983,1239.02482364086
"1050915980",20170101,891.047580645161,999.014961388893,947.464949465424,937.304343767016,1049.38732754731
"1050915980",20180101,909.814096774194,874.990439292086,933.104817837209,937.274693923332,877.437471131722
"1050915980",20190101,845.057322580645,888.032617258407,948.029384551838,937.274693923332,868.994641660214
"1050915980",20200101,925.508516129032,873.176511258802,899.117178566558,937.274693923332,854.501161415055
"1050915980",20210101,898.559322580645,910.350009846225,921.855545074215,937.274693923332,877.342883215056
"1050915980",20220101,1181.43603225806,1191.44477413586,982.745831538625,937.274693923332,1234.37028892957
"1050915980",20230101,982.254161290323,901.723621467917,1005.64882843902,937.275159632673,1010.22114291451
"1050915980",20240101,1157.29651612903,1185.68197590916,979.442880474675,1167.53960651414,1261.75911419302
"1050915980",20250101,895.870387096774,NA,852.868216016248,937.274693923332,854.303954761829
"1050915980",20260101,895.870387096774,861.438624674508,885.03561374242,937.27476965095,866.793514878496
"1050915990",19930101,280.2829,234.607928199999,191.104677370577,347.925093789588,288.537801714603
"1050915990",19940101,186.9519,206.105024633331,192.55920071999,201.276775640799,190.093408609709
"1050915990",19950101,136.074566666667,205.607936350002,162.922208189839,218.982937937009,175.052414823294
"1050915990",19960101,206.157366666667,197.573021666669,217.547868272678,203.403396799339,196.612895091244
"1050915990",19970101,328.7977,307.454830866665,247.187086495433,284.650033207673,320.119636684947
"1050915990",19980101,181.128266666667,194.1075811,192.551620807926,213.790018496274,192.97326812176
"1050915990",19990101,90.4767333333333,112.00584885,155.856880201367,64.0989250058902,98.446790004828
"1050915990",20000101,106.770733333333,130.617682983334,210.513952834155,143.191976351279,101.630433800066
"1050915990",20010101,180.453533333333,201.932426816664,196.737472537209,183.582466967451,187.07512458422
"1050915990",20020101,49.6329666666667,90.8983393,198.694945185972,14.4841426826417,98.2927101614021
"1050915990",20030101,222.227333333333,212.370530166668,210.850353617793,212.703781757931,212.230543145304
"1050915990",20040101,206.875766666667,188.383363016666,194.081726684834,204.117685312898,185.659540381707
"1050915990",20050101,564.308233333333,446.103077950003,186.103841240487,514.393093849255,428.433523809631
"1050915990",20060101,103.270166666667,188.585456416666,202.189069940859,143.423187481773,116.206667153029
"1050915990",20070101,170.155266666667,188.965322733334,210.935898451856,178.806313512853,183.013881989167
"1050915990",20080101,443.8833,351.305113216663,176.760091191309,437.950896817737,421.151071527263
"1050915990",20090101,251.9791,268.270436349998,191.117498817604,265.297343546215,289.06860057078
"1050915990",20100101,212.467633333333,217.355964083331,201.09121060325,230.704481432458,211.622070492487
"1050915990",20110101,128.377933333333,167.555429916667,183.677300919775,142.856047611883,106.985565434008
"1050915990",20120101,455.328566666667,381.519253200003,234.097366090254,336.341204970044,412.696683710054
"1050915990",20130101,211.2381,195.600127583332,199.881599268877,201.835454443306,195.020409704656
"1050915990",20140101,114.414766666667,124.948564100001,131.803329816653,129.024559186711,99.8281028533863
"1050915990",20150101,84.2011333333333,112.642309700001,95.5928027639296,75.725620384732,98.446790004828
"1050915990",20160101,305.270866666667,269.007490699999,231.694529800652,304.904500907665,306.346590107857
"1050915990",20170101,271.909933333333,257.575005000002,216.661742614756,266.501914323414,289.283244095119
"1050915990",20180101,222.849833333333,213.057394550001,196.612662046441,284.674877290254,230.747984984114
"1050915990",20190101,293.687,266.161304783335,202.266786454535,336.29826023927,303.99365116967
"1050915990",20200101,168.102333333333,205.972055683334,175.593384241269,160.468114138018,120.979528108677
"1050915990",20210101,178.121333333333,208.273535783335,194.338888688291,182.16024408536,188.031681106786
"1050915990",20220101,92.1858,124.527147850001,176.71611565532,97.5111647522028,99.2201600396693
"1050915990",20230101,52.8356333333333,94.0901092333339,183.347289545925,80.2460006756454,97.9659686944841
"1050915990",20240101,236.514466666667,218.600193433335,199.076657545869,336.142246139466,239.745884487778
"1050915990",20250101,196.554633333333,191.938916616669,207.882041316789,182.755994317942,185.880747515569
"1050915990",20260101,196.554633333333,198.735101183336,185.131595596537,185.02723766438,185.035769139934
